toi,tid,tfopwg_disp,rastr,ra,decstr,dec,st_pmra,st_pmraerr1,st_pmraerr2,st_pmralim,st_pmdec,st_pmdecerr1,st_pmdecerr2,st_pmdeclim,pl_tranmid,pl_tranmiderr1,pl_tranmiderr2,pl_tranmidlim,pl_orbper,pl_orbpererr1,pl_orbpererr2,pl_orbperlim,pl_trandurh,pl_trandurherr1,pl_trandurherr2,pl_trandurhlim,pl_trandep,pl_trandeperr1,pl_trandeperr2,pl_trandeplim,pl_rade,pl_radeerr1,pl_radeerr2,pl_radelim,pl_insol,pl_insolerr1,pl_insolerr2,pl_insollim,pl_eqt,pl_eqterr1,pl_eqterr2,pl_eqtlim,st_tmag,st_tmagerr1,st_tmagerr2,st_tmaglim,st_dist,st_disterr1,st_disterr2,st_distlim,st_teff,st_tefferr1,st_tefferr2,st_tefflim,st_logg,st_loggerr1,st_loggerr2,st_logglim,st_rad,st_raderr1,st_raderr2,st_radlim,toi_created,rowupdate
1012.01,427508467,APC,07h48m22.87s,117.095285,+06d47m06.23s,6.785064,-2.99,0.202,-0.202,0.0,-0.029,0.106,-0.106,0.0,2459252.509595,0.000369,-0.000369,0,0.884182,7e-07,-7e-07,0,1.621,0.035,-0.035,0,1890.0,311.366,-311.366,0,24.8132,5.41599,-5.41599,0,112144.0,,,,5098.0,,,,8.12718,0.006,-0.006,0,295.959,11.315,-11.315,0,8928.0,128.7,-128.7,0,3.92,0.08,-0.08,0,2.72,0.13,-0.13,0,2019-07-24 15:58:33,2023-03-10 12:02:48
1039.01,461867584,APC,09h58m45.25s,149.688545,-58d45m37.63s,-58.760453,-6.434,0.215,-0.215,0.0,4.098,0.246,-0.246,0.0,2460031.2166,0.00071,-0.00071,0,4.420125,8.5e-06,-8.5e-06,0,3.956,1.259,-1.259,0,2466.0,196.3,-196.3,0,,,,0,,,,,,,,,8.5483,0.6,-0.6,0,2864.34,1012.54,-1012.54,0,,,,0,,,,0,,,,0,2019-07-24 18:44:12,2023-05-05 16:02:01
1060.01,101230735,APC,19h57m09.84s,299.290995,-48d56m04.11s,-48.934476,2.224,0.286,-0.286,0.0,-14.604,0.228,-0.228,0.0,2460149.536226,0.001995,-0.001995,0,2.0685633,4e-06,-4e-06,0,0.373,0.065,-0.065,0,502.0,169.202,-169.202,0,3.89739,0.417306,-0.417306,0,24.409,,,,619.0,,,,9.6652,0.006,-0.006,0,128.491,3.3745,-3.3745,0,5687.9,76.0,-76.0,0,4.6,0.12,-0.12,0,1.14,0.07,-0.07,0,2019-08-16 20:20:42,2023-10-16 16:02:02
1085.01,381979901,APC,05h10m25.3s,77.605399,-59d32m08.39s,-59.535664,1.584,1.171,-1.171,0.0,17.711,1.171,-1.171,0.0,2460041.175097,0.00086,-0.00086,0,3.2541181,8e-07,-8e-07,0,4.341,0.018,-0.018,0,13620.0,0.118046,-0.118046,0,14.9476,,,0,1436.45,,,,,,,,11.6577,0.006,-0.006,0,444.066,,,0,6102.0,193.0,-193.0,0,4.28649,2.00486,-2.00486,0,1.28,,,0,2019-08-16 20:20:49,2023-07-12 16:02:01
1094.01,136274063,APC,15h21m59.72s,230.498827,-53d49m10.56s,-53.819601,-2.718,0.102,-0.102,0.0,-4.896,0.092,-0.092,0.0,2459360.160536,0.001302,-0.001302,0,0.5971314,1.4e-06,-1.4e-06,0,0.468,0.109,-0.109,0,910.0,12.7147,-12.7147,0,9.08382,0.96597,-0.96597,0,1596.43,,,,1760.0,,,,9.9806,0.007,-0.007,0,426.003,9.675,-9.675,0,7710.0,140.2,-140.2,0,3.98,0.08,-0.08,0,2.28,0.09,-0.09,0,2019-08-06 19:29:59,2022-10-05 10:10:01
1114.01,409934330,APC,20h08m35.45s,302.147728,-71d33m08.79s,-71.552443,4.3,1.6,-1.6,0.0,12.5,1.4,-1.4,0.0,2460148.616195,0.000482,-0.000482,0,2.4887726,1.4e-06,-1.4e-06,0,2.632,0.07,-0.07,0,4852.0,79.8358,-79.8358,0,,,,0,773.3029498,,,,1344.9531805,,,,8.1129,0.006,-0.006,0,174.475,,,0,8048.0,,,0,4.438,,,0,,,,0,2019-08-16 20:20:50,2023-09-14 16:02:01
1115.01,379286801,APC,18h53m12.44s,283.301843,-54d54m38.9s,-54.910806,-3.758,0.074,-0.074,0.0,-12.916,0.049,-0.049,0.0,2458658.32747,0.00109,-0.00109,0,4.45199,0.00035,-0.00035,0,2.109,0.087,-0.087,0,8483.38,2082.29,-2082.29,0,15.8858,7.89042,-7.89042,0,1013.74,,,,1571.0,,,,10.526,0.006,-0.006,0,359.215,8.103,-8.103,0,6708.3,119.7,-119.7,0,4.2,0.09,-0.09,0,1.57,0.06,-0.06,0,2019-08-15 15:39:14,2021-10-29 12:59:15
1119.01,261369656,APC,19h30m25.16s,292.604815,-46d16m41.07s,-46.278074,19.136,0.06,-0.06,0.0,-29.092,0.041,-0.041,0.0,2458666.52199,0.00188,-0.00188,0,10.95663,0.00203,-0.00203,0,3.588,0.259,-0.259,0,3830.0,1477.42,-1477.42,0,23.9726,8.82147,-8.82147,0,619.065,,,,1389.0,,,,10.5024,0.006,-0.006,0,421.518,7.0305,-7.0305,0,6456.0,127.2,-127.2,0,3.92,0.09,-0.09,0,2.07,0.1,-0.1,0,2019-08-22 14:42:11,2021-10-29 12:59:15
1123.01,469782185,APC,19h29m33.96s,292.391505,-37d18m14.43s,-37.304009,-20.519,0.15,-0.15,0.0,1.569,0.138,-0.138,0.0,2458658.04087,0.00026,-0.00026,0,1.20928,2e-05,-2e-05,0,1.886,0.025,-0.025,0,11883.8,825.818,-825.818,0,15.1764,4.0994,-4.0994,0,,,,,,,,,10.2398,0.006,-0.006,0,161.932,2.2055,-2.2055,0,5159.8,156.3,-156.3,0,4.23,0.08,-0.08,0,1.27,0.07,-0.07,0,2019-08-22 14:42:10,2021-10-29 12:59:15
1124.01,128790976,APC,20h00m51.1s,300.212928,-43d58m57.1s,-43.982529,57.283,0.136,-0.136,0.0,-119.195,0.113,-0.113,0.0,2460149.391758,0.001349,-0.001349,0,3.5187707,9.4e-06,-9.4e-06,0,2.408,0.36,-0.36,0,5634.0,2587.51,-2587.51,0,14.0061,2.57585,-2.57585,0,2000.01,,,,1863.0,,,,7.2235,0.006,-0.006,0,75.7145,0.60865,-0.60865,0,6690.0,119.9,-119.9,0,4.24,0.09,-0.09,0,1.49,0.07,-0.07,0,2019-08-22 14:42:10,2023-09-14 10:08:02
1149.01,117789567,APC,20h03m05.76s,300.774016,+26d53m31.29s,26.892025,3.538,0.081,-0.081,0.0,1.463,0.082,-0.082,0.0,2459770.330784,0.000408,-0.000408,0,2.3202418,6.14e-05,-6.14e-05,0,2.3817612,0.0281677,-0.0281677,0,5082.9417064,70.31139,-70.31139,0,,,,0,22262.0513573,,,,3115.3801229,,,,7.9172,0.028,-0.028,0,632.553,22.148,-22.148,0,8737.5,1310.6,-1310.6,0,,,,0,,,,0,2019-09-03 15:31:11,2022-10-17 12:03:06
1153.01,154840461,APC,12h10m45.97s,182.691562,+85d42m18.27s,85.705076,-14.194,0.065,-0.065,0.0,-2.275,0.051,-0.051,0.0,2460472.256051,0.000883,-0.000883,0,6.0360758,3.6e-06,-3.6e-06,0,1.255,0.167,-0.167,0,987.0,464.511,-464.511,0,9.86763,0.886548,-0.886548,0,464.097,,,,1293.0,,,,8.40534,0.006,-0.006,0,147.134,0.6185,-0.6185,0,6528.3,179.4,-179.4,0,4.21,0.09,-0.09,0,1.69,0.06,-0.06,0,2019-08-27 16:09:26,2024-08-29 10:08:02
1179.01,148914726,APC,12h28m13.42s,187.055897,+67d14m24.15s,67.240043,-6.578,0.042,-0.042,0.0,13.823,0.031,-0.031,0.0,2460365.036662,0.000408,-0.000408,0,1.2615323,4e-07,-4e-07,0,1.039,0.156,-0.156,0,2841.0,3251.25,-3251.25,0,8.67407,1.46791,-1.46791,0,1437.18,,,,1715.0,,,,10.1313,0.006,-0.006,0,86.444,0.15065,-0.15065,0,4927.9,85.3,-85.3,0,4.57,0.08,-0.08,0,0.78,0.05,-0.05,0,2019-08-27 12:09:00,2024-09-04 10:08:02
1190.01,287196418,APC,19h30m56.19s,292.734132,+59d24m13.87s,59.403853,0.983,0.045,-0.045,0.0,0.492,0.044,-0.044,0.0,2460553.884666,0.001466,-0.001466,0,3.6950015,1.38e-05,-1.38e-05,0,4.515,0.135,-0.135,0,7655.0,235.978,-235.978,0,14.1288,0.637723,-0.637723,0,2184.62,,,,1904.0,,,,9.80529,0.006,-0.006,0,280.948,1.884,-1.884,0,7106.7,186.5,-186.5,0,4.2,0.08,-0.08,0,1.63,0.07,-0.07,0,2019-08-27 16:09:24,2024-11-14 10:08:02
1192.01,158276040,APC,19h06m12.01s,286.550056,+44d04m50.88s,44.0808,-6.94,1.938,-1.938,0.0,-18.91,1.096,-1.096,0.0,2460524.90576,0.000589,-0.000589,0,45.9403293,2.7e-05,-2.7e-05,0,3.768,0.499,-0.499,0,14807.0,11870.7,-11870.7,0,28.3312,,,0,20.4053,,,,,,,,10.4999,0.006,-0.006,0,283.025,,,0,6479.3,,,0,,,,0,1.28,,,0,2019-09-17 20:42:51,2024-10-18 10:08:02
121.01,207081058,APC,22h07m28.2s,331.867517,-41d48m55.84s,-41.815511,49.561,0.042,-0.042,0.0,-9.678,0.057,-0.057,0.0,2459074.32911,0.01323,-0.01323,0,14.7741056,0.0005679,-0.0005679,0,5.504,0.222,-0.222,0,15041.0,203.553,-203.553,0,15.3936,0.735585,-0.735585,0,123.522,,,,928.0,,,,9.9358,0.006,-0.006,0,182.169,1.0865,-1.0865,0,6053.0,193.0,-193.0,0,4.3135,0.321619,-0.321619,0,1.23,0.06,-0.06,0,2018-09-05 18:51:57,2023-11-15 16:02:02
1220.01,319259194,APC,04h46m36.19s,71.650779,-78d33m41.78s,-78.561605,16.229,0.051,-0.051,0.0,4.771,0.06,-0.06,0.0,2458439.580138,0.001227,-0.001227,0,70.3607265,6.94e-05,-6.94e-05,0,1.0325441,0.2563205,-0.2563205,0,1353.9678246,83.40324,-83.40324,0,8.2807306,2.395618,-2.395618,0,52.1124723,,,,685.259664,,,,9.5298,0.006,-0.006,0,273.698,2.3495,-2.3495,0,6308.0,196.0,-196.0,0,3.98679,0.403476,-0.403476,0,2.0982201,0.0961233,-0.0961233,0,2019-08-26 21:37:00,2024-09-09 10:08:01
1229.01,140760434,APC,04h56m31.3s,74.130396,-74d55m13.2s,-74.920333,9.26,2.134,-2.134,0.0,26.132,2.73,-2.73,0.0,2459970.491644,0.002532,-0.002532,0,31.8132264,4.04e-05,-4.04e-05,0,11.2567164,0.0427885,-0.0427885,0,11479.375547,55.79626,-55.79626,0,21.6314984,0.0903721,-0.0903721,0,48.4375724,,,,672.8454841,,,,10.779,0.006,-0.006,0,254.584,,,0,6028.84,44.1073,-44.1073,0,3.96199,0.118683,-0.118683,0,1.98893,,,0,2019-08-26 19:21:32,2023-07-12 10:10:02
124.01,29831208,APC,04h26m19.83s,66.58263,-67d48m22.87s,-67.806354,7.888,0.108,-0.108,0.0,32.653,0.115,-0.115,0.0,2460042.199513,0.001269,-0.001269,0,1.8428078,1.4e-06,-1.4e-06,0,1.449,0.149,-0.149,0,1950.0,5.35727,-5.35727,0,21.2705,,,0,1687.83,,,,1785.0,,,,11.1311,0.006,-0.006,0,809.252,43.8985,-43.8985,0,5080.0,181.0,-181.0,0,4.48159,2.00353,-2.00353,0,4.09,,,0,2018-12-04 21:47:32,2023-10-05 14:31:09
1251.01,233120979,APC,18h14m07.02s,273.529238,+62d51m29.67s,62.858243,-17.9,3.3,-3.3,0.0,-3.0,3.4,-3.4,0.0,2459759.178675,0.000179,-0.000179,0,5.9630544,1.5e-06,-1.5e-06,0,2.951,0.029,-0.029,0,11000.0,0.248193,-0.248193,0,10.0859,,,0,112.667,,,,,,,,10.6479,0.006,-0.006,0,185.952,,,0,5273.0,,,0,4.438,,,0,0.94,,,0,2019-10-17 00:30:12,2022-10-05 10:10:01
1254.01,236714379,APC,15h56m48.35s,239.201466,+65d53m19.82s,65.888838,-13.864,0.042,-0.042,0.0,-39.587,0.052,-0.052,0.0,2459716.011222,0.000234,-0.000234,0,1.0180114,7e-07,-7e-07,0,1.1353639,0.010716,-0.010716,0,2618.9492168,24.16985,-24.16985,0,6.5875997,0.3468582,-0.3468582,0,2488.20146,,,,1801.3210938,,,,10.794,0.006,-0.006,0,199.039,1.049,-1.049,0,5451.0,125.913,-125.913,0,4.33923,0.0801804,-0.0801804,0,1.0933,0.0570678,-0.0570678,0,2019-10-17 00:30:12,2024-11-11 12:03:10
1286.01,277507814,APC,20h43m48.87s,310.953619,+59d34m35.86s,59.576628,4.308,0.045,-0.045,0.0,5.852,0.043,-0.043,0.0,2460559.148579,0.000394,-0.000394,0,0.6166953,3e-07,-3e-07,0,0.712,0.156,-0.156,0,1089.0,1747.34,-1747.34,0,10.4852,2.51528,-2.51528,0,12724.9,,,,2958.0,,,,10.1653,0.006,-0.006,0,278.771,1.735,-1.735,0,6588.0,247.617,-247.617,0,4.1855,0.0974791,-0.0974791,0,1.57,0.07,-0.07,0,2019-10-17 00:30:12,2024-11-14 10:08:02
1307.01,236815160,APC,18h54m33s,283.637489,+59d45m47.49s,59.763193,-0.2,3.9,-3.9,0.0,29.6,4.1,-4.1,0.0,2459764.134636,0.000244,-0.000244,0,2.534612,9e-07,-9e-07,0,1.978,0.128,-0.128,0,5185.2815163,32.980328,-32.980328,0,,,,0,336.934,,,,1193.0,,,,10.7967,0.006,-0.006,0,,,,0,5009.6,67.6,-67.6,0,,,,0,,,,0,2019-10-17 00:30:12,2023-04-25 16:02:02
131.01,235037761,APC,23h35m18.89s,353.828713,-64d33m42.9s,-64.561917,192.826,1.943,-1.943,0.0,-31.069,1.785,-1.785,0.0,2460173.338551,0.000383,-0.000383,0,6.2407826,1.8e-06,-1.8e-06,0,1.513,0.164,-0.164,0,6114.0,5396.79,-5396.79,0,16.0959,3.74619,-3.74619,0,41.7384,,,,708.0,,,,9.8567,0.006,-0.006,0,,,,0,4174.0,172.0,-172.0,0,4.34197,0.433401,-0.433401,0,0.9,0.19,-0.19,0,2018-09-05 18:51:57,2023-11-15 16:02:02
1311.01,378159598,APC,19h38m53.46s,294.722734,+41d33m54.55s,41.565154,5.862,0.049,-0.049,0.0,6.005,0.046,-0.046,0.0,2459392.644018,0.000569,-0.000569,0,6.1406417,0.0001103,-0.0001103,0,2.3525428,0.0423357,-0.0423357,0,9437.1831553,160.83826,-160.83826,0,26.5174686,6.229911,-6.229911,0,2040.1072476,,,,1714.087545,,,,10.5819,0.008,-0.008,0,556.813,8.3835,-8.3835,0,8298.0,276.1,-276.1,0,4.19,0.08,-0.08,0,1.87493,0.0668316,-0.0668316,0,2019-10-17 00:30:12,2022-02-11 10:10:02
1322.01,240450679,APC,21h34m06.57s,323.527361,+46d55m54.39s,46.931774,1.396,0.063,-0.063,0.0,-3.34,0.066,-0.066,0.0,2458711.44969,0.00104,-0.00104,0,3.37644,0.00031,-0.00031,0,1.437,0.263,-0.263,0,5791.2,13.5921,-13.5921,0,,,,0,1059.26,,,,1589.0,,,,10.0819,0.01,-0.01,0,713.725,18.6495,-18.6495,0,8639.7,475.7,-475.7,0,3.96,0.07,-0.07,0,,,,0,2019-10-17 00:30:12,2022-07-20 12:03:42
1327.01,312083267,APC,20h13m10.85s,303.295223,+36d43m31.75s,36.725485,0.684,0.059,-0.059,0.0,-0.593,0.061,-0.061,0.0,2460553.891046,0.000747,-0.000747,0,3.9392211,3.3e-06,-3.3e-06,0,2.379,0.459,-0.459,0,1468.0,1601.6,-1601.6,0,27.6744,6.00335,-6.00335,0,11779.7,,,,2902.0,,,,8.38189,0.006,-0.006,0,457.792,7.786,-7.786,0,8715.0,408.0,-408.0,0,3.55,0.08,-0.08,0,4.12,0.13,-0.13,0,2019-10-17 00:30:12,2024-11-14 10:08:02
1349.01,272635712,APC,15h24m38.91s,231.162129,+67d27m53.1s,67.464751,23.918,0.127,-0.127,0.0,-46.859,0.131,-0.131,0.0,2458693.57405,0.00871,-0.00871,0,12.71672,0.00223,-0.00223,0,2.529,0.466,-0.466,0,388.126,1.60411,-1.60411,0,2.7546,0.37246,-0.37246,0,34.1387,,,,673.0,,,,9.34822,0.006,-0.006,0,130.242,1.246,-1.246,0,5711.1,365.0,-365.0,0,4.24,0.07,-0.07,0,1.27,0.15,-0.15,0,2019-10-30 21:47:36,2022-07-20 12:03:42
1351.01,1718201850,APC,19h06m59.17s,286.746549,+71d42m43.9s,71.712195,-42.869,1.094,-1.094,0.0,2.803,1.441,-1.441,0.0,2460654.56565,9.7e-05,-9.7e-05,0,5.9294089,6e-07,-6e-07,0,2.928,0.06,-0.06,0,14536.0,155.271,-155.271,0,,,,0,,,,,,,,,10.3267,0.02,-0.02,0,125.308,16.6305,-16.6305,0,,,,0,,,,0,,,,0,2019-10-30 21:47:36,2025-07-23 16:00:01
1352.01,336740528,APC,22h18m57.25s,334.738559,+61d08m56.36s,61.148988,14.02,1.44,-1.44,0.0,12.843,1.483,-1.483,0.0,2460604.777484,0.000617,-0.000617,0,5.2958813,3.5e-06,-3.5e-06,0,2.882,0.176,-0.176,0,5100.0,132.337,-132.337,0,13.3622,,,0,414.975,,,,,,,,10.4209,0.006,-0.006,0,315.0431,,,0,5958.7,484.3,-484.3,0,,,,0,1.93,,,0,2019-10-30 21:47:36,2025-04-30 16:00:02
1371.01,162130054,APC,22h04m28.25s,331.117705,+31d01m07.56s,31.018767,4.53,0.057,-0.057,0.0,-1.516,0.07,-0.07,0.0,2459848.525293,0.002681,-0.002681,0,5.0095595,1.85e-05,-1.85e-05,0,3.353,0.595,-0.595,0,8700.0,9179.31,-9179.31,0,36.2553,4.94011,-4.94011,0,2088.59,,,,1883.0,,,,9.948,0.008,-0.008,0,302.295,3.712,-3.712,0,6527.0,154.1,-154.1,0,4.11,0.09,-0.09,0,1.75,0.07,-0.07,0,2019-10-30 21:47:36,2022-12-05 16:02:02
1379.01,252490659,APC,22h57m26.35s,344.35978,+53d08m27.01s,53.140835,-1.37,0.051,-0.051,0.0,-12.577,0.051,-0.051,0.0,2459871.438619,0.002351,-0.002351,0,1132.0244686,,,0,4.119,0.273,-0.273,0,18121.2,1779.6,-1779.6,0,30.6957,9.6565,-9.6565,0,449.947,,,,1283.0,,,,10.3842,0.006,-0.006,0,366.242,4.5155,-4.5155,0,5984.0,82.8,-82.8,0,3.98,0.08,-0.08,0,2.07,0.06,-0.06,0,2019-10-30 21:47:37,2023-01-30 16:02:02
138.01,277683130,APC,21h55m42.24s,328.926018,-61d40m23.73s,-61.673257,-23.8,2.0,-2.0,0.0,2.8,1.9,-1.9,0.0,2460175.14238,0.00043,-0.00043,0,6.1982658,2.2e-06,-2.2e-06,0,1.912,0.236,-0.236,0,3896.0,223.284,-223.284,0,7.84585,,,0,234.343,,,,,,,,9.5739,0.006,-0.006,0,128.488,,,0,5722.0,189.0,-189.0,0,4.35582,2.00367,-2.00367,0,1.11,,,0,2018-09-05 18:51:57,2023-11-16 16:02:02
1398.01,66445643,APC,22h45m32.71s,341.386298,+48d09m41.6s,48.161556,-2.432,0.071,-0.071,0.0,-6.636,0.066,-0.066,0.0,2460420.937502,0.001328,-0.001328,0,6.5560604,1.09e-05,-1.09e-05,0,2.703,0.228,-0.228,0,861.0,25.2819,-25.2819,0,13.1465,0.562416,-0.562416,0,1056.97,,,,1588.0,,,,8.6291,0.008,-0.008,0,648.398,19.9495,-19.9495,0,8918.0,182.9,-182.9,0,3.51,0.07,-0.07,0,4.58,0.18,-0.18,0,2019-10-30 21:47:37,2024-11-15 16:02:02
140.01,140068425,APC,22h01m12.43s,330.301777,-49d03m36.28s,-49.060077,32.489,0.077,-0.077,0.0,-15.438,0.075,-0.075,0.0,2458327.399828,0.000499,-0.000499,0,2.2813432,6.3e-06,-6.3e-06,0,1.1601933,0.1542013,-0.1542013,0,1126.6619488,141.74628,-141.74628,0,12.7387194,22.251356,-22.251356,0,5760.9720984,,,,2221.9981475,,,,9.7828,0.006,-0.006,0,337.105,5.7035,-5.7035,0,6174.0,194.0,-194.0,0,4.27404,2.00568,-2.00568,0,2.35511,0.11186,-0.11186,0,2018-09-05 18:51:57,2023-11-15 16:02:02
1409.01,115771549,APC,22h39m15.82s,339.815915,+33d53m22.05s,33.889459,-9.2,1.0,-1.0,0.0,-6.3,1.1,-1.1,0.0,2459844.125039,0.000416,-0.000416,0,4.7182888,3.3e-06,-3.3e-06,0,4.046,0.244,-0.244,0,3000.0,55.4688,-55.4688,0,15.2763,1.29682,-1.29682,0,876.886,,,,1516.0,,,,8.3764,0.006,-0.006,0,83.2324,,,0,6112.0,254.6,-254.6,0,,,,0,2.74,0.23,-0.23,0,2019-11-06 20:55:18,2022-12-05 16:02:02
1412.01,116483734,APC,15h32m15.8s,233.065833,+47d51m38.69s,47.860746,122.467,0.085,-0.085,0.0,-70.663,0.102,-0.102,0.0,2459714.075511,0.000668,-0.000668,0,4.731977,5.1e-06,-5.1e-06,0,0.361,0.118,-0.118,0,3470.0,271.113,-271.113,0,6.97384,1.37589,-1.37589,0,3.01841,,,,367.0,,,,11.0997,0.006,-0.006,0,81.0643,0.3566,-0.3566,0,4223.45,133.402,-133.402,0,4.61744,0.110498,-0.110498,0,0.66,0.06,-0.06,0,2019-11-06 20:55:18,2022-09-02 16:02:01
1414.01,125442121,APC,23h26m19.13s,351.579721,+38d33m10.58s,38.55294,3.164,0.051,-0.051,0.0,-8.173,0.044,-0.044,0.0,2459853.583682,0.000709,-0.000709,0,3.0197807,0.0001355,-0.0001355,0,3.5896763,0.0412698,-0.0412698,0,12016.7483851,441.46234,-441.46234,0,17.9176077,0.8406648,-0.8406648,0,2558.7198805,,,,1813.9505159,,,,11.029,0.009,-0.009,0,460.951,7.9325,-7.9325,0,7128.0,132.115,-132.115,0,4.23768,0.0865097,-0.0865097,0,1.58815,0.0671156,-0.0671156,0,2019-11-06 20:55:18,2023-01-31 14:54:33
1425.01,350132371,APC,21h56m21.93s,329.091358,+68d59m52.93s,68.998035,39.456,0.287,-0.287,0.0,-35.754,0.28,-0.28,0.0,2460448.86278,0.000729,-0.000729,0,1.0318213,1.7e-06,-1.7e-06,0,1.599,0.126,-0.126,0,5577.0,3919.01,-3919.01,0,28.2906,2.35131,-2.35131,0,8422.18,,,,2668.0,,,,9.25755,0.006,-0.006,0,153.904,3.6525,-3.6525,0,5810.6,66.9,-66.9,0,4.13,0.08,-0.08,0,1.49,0.08,-0.08,0,2019-11-12 16:59:56,2024-09-04 10:08:02
1433.01,13684720,APC,20h22m09.18s,305.538257,+36d03m53.22s,36.064784,44.041,0.062,-0.062,0.0,49.286,0.066,-0.066,0.0,2458695.011233,0.000325,-0.000325,0,12.4379715,8.2e-06,-8.2e-06,0,1.7137815,0.0230195,-0.0230195,0,123693.2601599,3159.6838,-3159.6838,0,24.6478297,46.010494,-46.010494,0,3.4868062,,,,348.5191947,,,,12.4647,0.007,-0.007,0,67.9631,0.1825,-0.1825,0,3275.0,157.0,-157.0,0,4.75761,0.0071053,-0.0071053,0,0.476997,0.0140438,-0.0140438,0,2019-11-14 17:07:15,2022-02-10 16:02:01
1455.01,387259626,APC,20h34m40.87s,308.670288,+66d26m25.38s,66.440384,33.7,0.039,-0.039,0.0,20.793,0.04,-0.04,0.0,2460656.395911,0.000949,-0.000949,0,3.6231364,4.1e-06,-4.1e-06,0,2.385,0.194,-0.194,0,17749.0,878.839,-878.839,0,18.4921,0.931071,-0.931071,0,483.742,,,,1306.0,,,,10.1543,0.006,-0.006,0,245.692,1.151,-1.151,0,6458.8,157.5,-157.5,0,4.32,0.09,-0.09,0,1.35,0.06,-0.06,0,2019-11-21 21:07:37,2025-07-23 16:00:01
1457.01,176860064,APC,23h39m20.8s,354.836651,+45d43m11.46s,45.719851,-4.6,1.1,-1.1,0.0,-10.7,1.1,-1.1,0.0,2460602.885963,0.002176,-0.002176,0,6.3768174,1.92e-05,-1.92e-05,0,2.752,0.582,-0.582,0,2760.0,5292.52,-5292.52,0,,,,0,774.775,,,,1469.0,,,,7.1145,0.006,-0.006,0,41.2482,,,0,6393.0,280.6,-280.6,0,,,,0,,,,0,2019-12-05 16:42:06,2025-05-02 16:23:22
1461.01,44631965,APC,01h28m56.73s,22.236394,+35d51m53.47s,35.864854,31.744,0.113,-0.113,0.0,9.327,0.195,-0.195,0.0,2458767.317052,0.000472,-0.000472,0,3.5686777,0.0001498,-0.0001498,0,2.5811179,0.0294437,-0.0294437,0,20121.1854664,267.08032,-267.08032,0,20.2503751,1.2539213,-1.2539213,0,876.963913,,,,1387.9223847,,,,11.3805,0.008,-0.008,0,359.959,15.2915,-15.2915,0,6046.0,127.034,-127.034,0,4.26929,0.0885618,-0.0885618,0,1.28529,0.0787688,-0.0787688,0,2019-12-05 16:42:06,2021-10-29 12:59:15
1490.01,283474780,APC,00h52m04.24s,13.017676,+36d23m34.85s,36.393013,51.364,0.071,-0.071,0.0,17.95,0.075,-0.075,0.0,2458765.91435,0.01417,-0.01417,0,3.9943,0.00339,-0.00339,0,4.876,0.872,-0.872,0,550.0,1.9233,-1.9233,0,11.9767,,,0,746.666,,,,1456.0,,,,8.39511,0.006,-0.006,0,247.112,2.886,-2.886,0,4939.0,122.0,-122.0,0,,,,0,5.11,,,0,2019-12-05 21:41:09,2023-06-18 12:02:58
1528.01,285543785,APC,00h52m53.29s,13.222022,+60d53m30.07s,60.891685,-4.2,3.2,-3.2,0.0,0.4,3.1,-3.1,0.0,2460441.842967,0.000678,-0.000678,0,9.9385448,7.2e-06,-7.2e-06,0,3.933,0.675,-0.675,0,8500.0,8859.7,-8859.7,0,,,,0,,,,,,,,,9.716,0.033,-0.033,0,392.878,,,0,,,,0,,,,0,,,,0,2019-12-05 21:41:10,2024-08-24 10:08:02
153.01,231081369,APC,04h32m17.71s,68.073785,-66d54m58.68s,-66.916299,12.131,2.933,-2.933,0.0,15.615,2.933,-2.933,0.0,2460069.867358,0.001807,-0.001807,0,7.6316384,6.4e-06,-6.4e-06,0,2.054,0.175,-0.175,0,4580.0,6.61239,-6.61239,0,12.4425,,,0,212.617,,,,,,,,11.7349,0.006,-0.006,0,436.225,,,0,6338.3,291.5,-291.5,0,4.16,0.2,-0.2,0,1.49,,,0,2018-09-05 18:34:59,2023-09-12 16:02:09
1531.01,312678993,APC,00h54m23.36s,13.597343,+54d31m40.83s,54.528009,-5.3,1.1,-1.1,0.0,-5.1,1.1,-1.1,0.0,2459882.497022,0.000285,-0.000285,0,0.5175204,1.04e-05,-1.04e-05,0,1.0433667,0.0922411,-0.0922411,0,1347.965557,46.59074,-46.59074,0,,,,0,6277.4912154,,,,2270.2112839,,,,8.3593,0.008,-0.008,0,,,,0,5095.6,158.4,-158.4,0,,,,0,,,,0,2019-12-05 21:41:10,2023-02-24 10:10:01
1553.01,327341626,APC,01h38m45.72s,24.690503,+42d40m39.86s,42.677739,10.862,0.109,-0.109,0.0,-10.268,0.186,-0.186,0.0,2460633.005956,0.000898,-0.000898,0,5.9382163,5.2e-06,-5.2e-06,0,2.244,0.239,-0.239,0,6171.0,405.17,-405.17,0,18.5099,1.37265,-1.37265,0,576.071,,,,1364.0,,,,10.3478,0.007,-0.007,0,441.44,22.9885,-22.9885,0,6775.5,129.2,-129.2,0,3.97,0.1,-0.1,0,2.09,0.14,-0.14,0,2019-12-05 21:41:11,2025-07-09 10:08:02
1564.01,250724252,APC,02h14m01.26s,33.505238,+53d07m17.43s,53.121508,1.2,1.9,-1.9,0.0,-7.4,1.9,-1.9,0.0,2460635.87017,0.000435,-0.000435,0,0.5596691,3e-07,-3e-07,0,1.478,0.216,-0.216,0,4538.0,3416.95,-3416.95,0,24.4148,,,0,149293.0,,,,,,,,10.2845,0.006,-0.006,0,574.869,,,0,8368.0,111.2,-111.2,0,,,,0,2.3,,,0,2019-12-19 20:58:20,2025-07-09 10:08:02
1606.01,125735470,APC,03h46m38.47s,56.660282,+27d28m17.48s,27.471523,-1.071,0.1,-0.1,0.0,-20.686,0.081,-0.081,0.0,2460228.527139,0.001291,-0.001291,0,4.7126743,7.3e-06,-7.3e-06,0,1.061,0.079,-0.079,0,1941.0,72.0373,-72.0373,0,6.97602,0.153561,-0.153561,0,38.0033,,,,691.0,,,,9.08995,0.007,-0.007,0,143.312,1.81,-1.81,0,5626.5,213.9,-213.9,0,,,,0,1.55,0.01,-0.01,0,2019-12-19 20:58:22,2023-12-06 16:02:01
162.01,99493790,APC,21h10m33.58s,317.639908,-23d18m20.94s,-23.305817,50.863,0.096,-0.096,0.0,-19.94,0.061,-0.061,0.0,2459078.393053,0.000395,-0.000395,0,7.764691,6.8e-06,-6.8e-06,0,3.185,0.056,-0.056,0,24530.0,2.74943,-2.74943,0,15.6068,0.898621,-0.898621,0,86.3134,,,,849.0,,,,11.6834,0.007,-0.007,0,274.733,5.45,-5.45,0,5404.7,43.0,-43.0,0,4.4,2.0,-2.0,0,0.99,0.06,-0.06,0,2018-09-05 18:52:24,2022-03-29 16:02:01
1631.01,29054413,APC,03h23m39.95s,50.916451,+25d02m52.57s,25.047935,19.764,0.085,-0.085,0.0,-31.774,0.057,-0.057,0.0,2458795.511502,0.002333,-0.002333,0,15.2521892,0.0016144,-0.0016144,0,1.3463514,0.9639249,-0.9639249,0,871.2527446,176.88022,-176.88022,0,2.8346585,7.237937,-7.237937,0,129.6204972,,,,860.5738999,,,,10.4289,0.006,-0.006,0,140.065,0.89,-0.89,0,5473.0,148.926,-148.926,0,4.46488,0.0803515,-0.0803515,0,0.949022,0.0504498,-0.0504498,0,2020-01-14 19:46:38,2022-07-15 16:02:01
1642.01,229940491,APC,19h12m11.88s,288.049519,+63d39m25.42s,63.657061,6.087,0.057,-0.057,0.0,22.075,0.049,-0.049,0.0,2459747.914171,0.000983,-0.000983,0,37.4590076,5.53e-05,-5.53e-05,0,2.863,0.161,-0.161,0,5850.0,1141.6,-1141.6,0,20.3559,5.64696,-5.64696,0,15.6505,,,,554.0,,,,11.1169,0.006,-0.006,0,338.948,3.4525,-3.4525,0,5730.0,122.969,-122.969,0,4.09817,0.0779368,-0.0779368,0,1.5,0.07,-0.07,0,2020-01-14 19:46:38,2022-10-05 10:10:01
1656.01,267694283,APC,04h12m55.2s,63.230018,+53d41m13.38s,53.68705,-2.732,0.084,-0.084,0.0,-31.536,0.07,-0.07,0.0,2459935.313412,0.000788,-0.000788,0,1112.7562924,3.2e-05,-3.2e-05,0,9.386,1.271,-1.271,0,6669.0,6321.72,-6321.72,0,20.062,3.15545,-3.15545,0,617.103,,,,1388.0,,,,8.54941,0.006,-0.006,0,106.477,0.6835,-0.6835,0,6324.0,127.6,-127.6,0,4.34,0.09,-0.09,0,1.26,0.06,-0.06,0,2020-01-29 22:18:55,2023-02-03 16:02:02
1708.01,241173474,APC,07h44m25.75s,116.107291,+43d00m32.68s,43.009079,-0.437,0.074,-0.074,0.0,-27.325,0.041,-0.041,0.0,2458853.1211,0.00154,-0.00154,0,11.44192,0.00099,-0.00099,0,3.841,0.637,-0.637,0,5510.0,3.11154,-3.11154,0,9.64245,0.498673,-0.498673,0,170.262,,,,1006.0,,,,10.388,0.006,-0.006,0,235.782,2.5055,-2.5055,0,6259.0,123.6,-123.6,0,4.34,0.08,-0.08,0,1.24,0.06,-0.06,0,2020-02-19 00:44:40,2021-10-29 12:59:15
1755.01,356978132,APC,18h15m07.61s,273.781707,+56d52m41.17s,56.878102,9.751,0.036,-0.036,0.0,-39.905,0.039,-0.039,0.0,2460644.817094,0.002494,-0.002494,0,60.1848926,0.0002356,-0.0002356,0,3.546,0.825,-0.825,0,2242.0,1771.79,-1771.79,0,11.0047,1.64567,-1.64567,0,21.2072,,,,597.0,,,,9.90051,0.006,-0.006,0,205.933,0.7935,-0.7935,0,6499.0,129.287,-129.287,0,4.35362,0.0884507,-0.0884507,0,1.27,0.06,-0.06,0,2020-02-27 22:12:19,2025-07-08 10:08:01
1769.01,287225295,APC,09h36m00.08s,144.000344,+51d36m28.02s,51.607784,-16.952,0.044,-0.044,0.0,48.001,0.043,-0.043,0.0,2460338.470141,0.000551,-0.000551,0,0.6097554,4e-07,-4e-07,0,0.416,0.153,-0.153,0,670.0,198.075,-198.075,0,3.5774,0.323438,-0.323438,0,1086.19,,,,1599.0,,,,9.4819,0.006,-0.006,0,90.6965,0.2298,-0.2298,0,5493.0,123.5,-123.5,0,4.52,0.08,-0.08,0,0.89,0.05,-0.05,0,2020-03-12 15:35:30,2024-04-02 10:08:02
1784.01,241196395,APC,10h14m11.92s,153.549683,+29d05m07.89s,29.085524,-35.035,0.094,-0.094,0.0,-10.469,0.106,-0.106,0.0,2459633.75904,0.001102,-0.001102,0,2.0937563,7.3e-06,-7.3e-06,0,0.433,0.073,-0.073,0,1250.0,335.962,-335.962,0,6.75578,2.48623,-2.48623,0,175.656,,,,1014.0,,,,9.61433,0.006,-0.006,0,171.945,1.6395,-1.6395,0,6435.69,109.221,-109.221,0,4.3758,0.0838182,-0.0838182,0,1.23,0.05,-0.05,0,2020-03-12 15:35:30,2022-03-24 16:02:01
180.01,51912829,APC,00h57m11.67s,14.298639,-67d29m46.28s,-67.496189,22.671,0.055,-0.055,0.0,16.495,0.042,-0.042,0.0,2458325.896392,9.2e-05,-9.2e-05,0,0.8353899,3.17e-05,-3.17e-05,0,1.0385175,0.0387,-0.0387,0,2265.3656619,28.229282,-28.229282,0,10.0508253,0.810259,-0.810259,0,17113.247799,,,,2917.1103577,,,,9.5183,0.006,-0.006,0,264.72,2.1895,-2.1895,0,6082.0,193.0,-193.0,0,3.77654,0.33082,-0.33082,0,2.0701201,0.0942464,-0.0942464,0,2018-11-03 00:36:48,2023-11-03 10:08:02
182.01,76989773,APC,23h33m10.56s,353.293998,-35d27m50.37s,-35.463992,-107.298,0.451,-0.451,0.0,-66.417,0.536,-0.536,0.0,2458355.082741,0.000106,-0.000106,0,1.7691703,5e-07,-5e-07,0,1.8249711,0.0111217,-0.0111217,0,8744.2377032,68.99132,-68.99132,0,10.9185355,0.0630256,-0.0630256,0,1218.9797909,,,,1507.0195142,,,,9.683,0.006,-0.006,0,107.399,2.936,-2.936,0,5569.0,187.0,-187.0,0,4.32065,0.291747,-0.291747,0,0.96,0.03,-0.03,0,2018-11-03 00:36:48,2026-01-26 16:00:01
1822.01,9392421,APC,11h11m06.68s,167.777848,+39d31m36.02s,39.526673,4.76,0.061,-0.061,0.0,-22.441,0.066,-0.066,0.0,2459623.129601,0.000884,-0.000884,0,9.6136615,1.68e-05,-1.68e-05,0,5.292,0.147,-0.147,0,7000.0,0.814098,-0.814098,0,14.5701,0.8925,-0.8925,0,192.623,,,,1037.0,,,,10.7184,0.007,-0.007,0,312.52,5.7965,-5.7965,0,5637.7,139.1,-139.1,0,3.97,0.09,-0.09,0,1.71,0.1,-0.1,0,2020-04-17 11:50:39,2022-07-12 16:02:02
1831.01,27194429,APC,13h21m48.66s,200.452735,+17d45m55.57s,17.765435,-23.385,0.099,-0.099,0.0,-11.356,0.074,-0.074,0.0,2459665.464633,0.000652,-0.000652,0,0.5553244,2.57e-05,-2.57e-05,0,0.8336658,0.1455406,-0.1455406,0,353.7045175,21.305454,-21.305454,0,4.4033839,2.8197043,-2.8197043,0,44853.3980885,,,,3711.6634241,,,,7.43229,0.006,-0.006,0,128.273,0.7805,-0.7805,0,6864.0,129.967,-129.967,0,3.89932,0.0876954,-0.0876954,0,2.2681701,0.0954674,-0.0954674,0,2020-05-07 18:04:46,2022-08-18 12:02:41
1834.01,71612483,APC,13h29m10.62s,202.294251,+31d24m06.9s,31.401916,-82.096,0.038,-0.038,0.0,-7.129,0.032,-0.032,0.0,2459689.763585,0.000236,-0.000236,0,1.2164402,6e-07,-6e-07,0,1.847,0.065,-0.065,0,15450.0,177.32,-177.32,0,16.0243,1.7036,-1.7036,0,3477.13,,,,2139.0,,,,11.4951,0.006,-0.006,0,265.941,2.521,-2.521,0,5610.0,121.632,-121.632,0,4.42006,0.0763342,-0.0763342,0,1.02,0.05,-0.05,0,2020-05-07 18:04:46,2022-12-12 16:02:01
1837.01,144441148,APC,13h51m37.42s,207.905911,+33d29m32.6s,33.49239,-50.001,0.165,-0.165,0.0,-10.001,0.169,-0.169,0.0,2458931.250769,0.001812,-0.001812,0,5.8182239,0.0006762,-0.0006762,0,1.1943658,0.1316338,-0.1316338,0,1069.5709916,95.76095,-95.76095,0,7.8231031,0.6971154,-0.6971154,0,1053.479741,,,,1453.0357399,,,,8.70842,0.006,-0.006,0,159.375,4.1425,-4.1425,0,5961.28,133.557,-133.557,0,3.87842,0.0850107,-0.0850107,0,1.99038,0.111754,-0.111754,0,2020-05-07 18:04:46,2021-10-29 12:59:15
1849.01,23740089,APC,13h52m23.92s,208.099647,+37d44m55s,37.748612,-6.014,0.076,-0.076,0.0,15.687,0.115,-0.115,0.0,2460412.030494,0.001264,-0.001264,0,9.862756,1.32e-05,-1.32e-05,0,2.323,0.351,-0.351,0,4278.0,720.767,-720.767,0,8.40839,0.808965,-0.808965,0,130.902,,,,942.0,,,,10.4985,0.006,-0.006,0,189.09,3.143,-3.143,0,5595.0,127.5,-127.5,0,4.32,0.08,-0.08,0,1.14,0.06,-0.06,0,2020-05-08 16:49:52,2024-09-03 14:48:11
1850.01,149577217,APC,13h03m02.85s,195.761884,+21d55m23.06s,21.923072,-30.718,0.088,-0.088,0.0,-2.633,0.061,-0.061,0.0,2458931.03559,0.0011,-0.0011,0,7.39143,0.00057,-0.00057,0,1.252,0.124,-0.124,0,5880.0,1977.35,-1977.35,0,16.4641,5.61306,-5.61306,0,59.8747,,,,774.0,,,,10.626,0.006,-0.006,0,171.205,1.307,-1.307,0,5224.6,99.5,-99.5,0,4.28,0.08,-0.08,0,1.14,0.06,-0.06,0,2020-05-08 16:49:52,2021-10-29 12:59:15
1851.01,378976682,APC,13h10m59.67s,197.748635,+06d41m11.63s,6.686564,-64.831,0.06,-0.06,0.0,-23.251,0.038,-0.038,0.0,2459688.751118,0.001864,-0.001864,0,6.0179742,1.86e-05,-1.86e-05,0,1.278,0.359,-0.359,0,13910.0,95.2026,-95.2026,0,10.0342,,,0,16.6492,,,,562.0,,,,13.1369,0.007,-0.007,0,274.942,2.642,-2.642,0,4567.0,123.0,-123.0,0,4.53,,,0,0.76,,,0,2020-05-08 16:49:52,2022-09-08 10:10:02
1857.01,180652891,APC,13h18m25.76s,199.607344,+35d57m14.34s,35.953983,6.779,0.053,-0.053,0.0,-1.198,0.048,-0.048,0.0,2459663.219189,0.000392,-0.000392,0,0.7759895,7e-07,-7e-07,0,1.135,0.149,-0.149,0,2450.0,1.11965,-1.11965,0,10.4239,0.489315,-0.489315,0,5149.47,,,,2359.0,,,,9.2427,0.007,-0.007,0,317.527,3.8515,-3.8515,0,7218.0,125.0,-125.0,0,3.94,0.09,-0.09,0,2.26,0.09,-0.09,0,2020-05-08 16:49:52,2022-07-20 12:03:42
1865.01,207425203,APC,16h11m40.65s,242.919358,+58d28m37.2s,58.477001,5.076,0.13,-0.13,0.0,-10.072,0.153,-0.153,0.0,2459742.663844,0.001762,-0.001762,0,1.2239134,3e-06,-3e-06,0,1.037,0.166,-0.166,0,1400.0,3.03983,-3.03983,0,7.38849,0.662645,-0.662645,0,861.54,,,,1509.0,,,,11.871,0.007,-0.007,0,757.572,44.1285,-44.1285,0,6618.5,352.2,-352.2,0,3.99,0.1,-0.1,0,1.92,0.14,-0.14,0,2020-05-29 16:35:30,2022-10-05 10:10:01
187.01,260304296,APC,06h18m27.73s,94.615541,-57d00m48.6s,-57.013501,-8.683,0.053,-0.053,0.0,6.389,0.044,-0.044,0.0,2459962.995091,0.000276,-0.000276,0,0.5125807,1.09e-05,-1.09e-05,0,1.6430775,0.0225735,-0.0225735,0,5691.1921109,65.77529,-65.77529,0,19.2342563,4.468955,-4.468955,0,22324.2050264,,,,3117.5523161,,,,9.109901,0.006,-0.006,0,184.529,0.7205,-0.7205,0,6725.0,201.0,-201.0,0,4.19532,0.344818,-0.344818,0,1.55195,0.0616282,-0.0616282,0,2018-10-19 23:49:45,2023-04-04 16:02:02
1874.01,232641326,APC,18h45m47.81s,281.44921,+56d22m54.12s,56.381701,8.653,0.05,-0.05,0.0,1.588,0.044,-0.044,0.0,2459756.864289,0.00071,-0.00071,0,17.8683999,3.52e-05,-3.52e-05,0,5.638695,0.0507761,-0.0507761,0,11197.9522339,165.22133,-165.22133,0,19.3843075,0.8403294,-0.8403294,0,242.7182138,,,,1006.6890424,,,,11.5816,0.007,-0.007,0,639.003,9.7765,-9.7765,0,7013.0,125.8,-125.8,0,4.2,0.08,-0.08,0,1.63559,0.0695729,-0.0695729,0,2020-05-29 16:35:30,2023-02-24 10:10:01
188.01,280830734,APC,02h58m13.34s,44.555588,-70d45m38.83s,-70.760786,33.499,0.048,-0.048,0.0,38.324,0.045,-0.045,0.0,2458325.775309,0.000491,-0.000491,0,1.1619531,6e-06,-6e-06,0,0.95926,0.1395011,-0.1395011,0,331.6208111,22.630205,-22.630205,0,3.4842503,0.4876575,-0.4876575,0,7309.4764762,,,,2358.2580075,,,,9.4668,0.006,-0.006,0,210.812,1.107,-1.107,0,6340.3,204.0,-204.0,0,4.18,0.27,-0.27,0,1.66089,0.114533,-0.114533,0,2018-11-03 00:53:39,2024-12-03 16:02:01
1889.01,139771134,APC,21h36m30.78s,324.128236,-52d30m47.16s,-52.513101,20.985,0.027,-0.027,0.0,-16.051,0.027,-0.027,0.0,2459036.732943,0.00032,-0.00032,0,0.9134495,3.7e-06,-3.7e-06,0,0.9674236,0.112103,-0.112103,0,4262.0748689,143.69232,-143.69232,0,5.4104686,0.8709944,-0.8709944,0,831.1895877,,,,1369.4455626,,,,12.5093,0.006,-0.006,0,211.794,0.867,-0.867,0,4791.0,4675.9,-4675.9,0,,,,0,0.771805,0.0622764,-0.0622764,0,2020-05-29 16:35:31,2024-12-05 16:02:02
1891.01,139198430,APC,23h02m31.44s,345.630986,-46d05m06.7s,-46.085195,-24.1,1.3,-1.3,0.0,-2.1,1.4,-1.4,0.0,2460176.504188,0.000478,-0.000478,0,15.3617729,8.5e-06,-8.5e-06,0,1.745,0.478,-0.478,0,3321.0,7994.97,-7994.97,0,14.7142,,,0,51.0242,,,,,,,,9.3059,0.006,-0.006,0,135.265,,,0,5984.0,192.0,-192.0,0,4.30752,2.00392,-2.00392,0,1.22,,,0,2020-05-29 16:46:26,2023-11-15 16:02:02
1938.01,128449971,APC,14h37m33.45s,219.389377,-42d01m45.84s,-42.0294,-12.741,0.335,-0.335,0.0,-18.953,0.245,-0.245,0.0,2459346.073496,0.002078,-0.002078,0,12.7060866,6e-05,-6e-05,0,2.4782523,0.2190536,-0.2190536,0,5160.2020899,441.80145,-441.80145,0,11.4460032,9.793818,-9.793818,0,131.9890966,,,,864.4786335,,,,10.7347,0.006,-0.006,0,245.295,14.687,-14.687,0,6200.5,265.9,-265.9,0,4.33,2.0,-2.0,0,1.10563,0.0868842,-0.0868842,0,2020-06-17 17:40:43,2025-05-19 12:03:23
1940.01,7413227,APC,14h10m35.48s,212.647819,-27d59m35.06s,-27.993072,5.07,0.125,-0.125,0.0,-2.616,0.172,-0.172,0.0,2459335.645193,0.000451,-0.000451,0,3.4158668,3.8e-06,-3.8e-06,0,1.9196262,0.0571359,-0.0571359,0,2841.7825532,65.27697,-65.27697,0,19.3376794,9.503918,-9.503918,0,2831.3869926,,,,1860.4566612,,,,9.46381,0.006,-0.006,0,264.051,5.301,-5.301,0,5986.0,105.7,-105.7,0,3.66,0.37,-0.37,0,2.19052,0.110736,-0.110736,0,2020-06-17 17:40:43,2025-12-11 10:08:01
1967.01,320079492,APC,11h39m22.81s,174.845028,-65d10m34.68s,-65.176299,-133.217,0.041,-0.041,0.0,27.071,0.041,-0.041,0.0,2459307.334625,0.000236,-0.000236,0,0.4262223,5.1e-06,-5.1e-06,0,0.5111692,0.0343835,-0.0343835,0,835.5797306,38.676094,-38.676094,0,4.3877473,0.9987455,-0.9987455,0,17154.6137164,,,,2918.8715623,,,,9.9666,0.006,-0.006,0,186.789,0.832,-0.832,0,5343.0,121.3,-121.3,0,4.1,0.31,-0.31,0,1.4990799,0.0729346,-0.0729346,0,2020-06-17 17:40:44,2025-07-09 16:00:02
1968.01,210445631,APC,14h08m46.38s,212.193247,-56d19m20.43s,-56.322341,-23.1,3.1,-3.1,0.0,-9.1,2.9,-2.9,0.0,2458601.95696,0.0012,-0.0012,0,3.97195,0.00036,-0.00036,0,4.297,0.32,-0.32,0,7670.0,2.66893,-2.66893,0,13.8556,,,0,1605.22,,,,,,,,10.52,0.006,-0.006,0,357.686,,,0,6535.3,317.7,-317.7,0,4.2,1.92,-1.92,0,1.55,,,0,2020-06-17 17:40:44,2021-10-29 12:59:15
1974.01,295562522,APC,11h25m30.81s,171.378387,-67d46m42.87s,-67.778575,-13.795,0.045,-0.045,0.0,12.604,0.039,-0.039,0.0,2459354.324182,0.000923,-0.000923,0,5.438218,1.1e-05,-1.1e-05,0,1.675,0.277,-0.277,0,7830.0,73.8121,-73.8121,0,14.7798,1.6112,-1.6112,0,157.789,,,,987.0,,,,10.5833,0.006,-0.006,0,238.426,1.417,-1.417,0,5342.0,124.0,-124.0,0,4.09,0.36,-0.36,0,1.49,0.08,-0.08,0,2020-06-17 17:40:44,2022-10-05 10:10:01
1976.01,329888006,APC,14h11m23.19s,212.846611,-50d04m11.92s,-50.069977,-21.2,1.5,-1.5,0.0,-5.9,1.6,-1.6,0.0,2459360.021406,0.000466,-0.000466,0,7.6943096,8e-06,-8e-06,0,8.903,0.165,-0.165,0,7400.0,0.341581,-0.341581,0,,,,0,925.441,,,,1536.0,,,,8.8681,0.006,-0.006,0,201.2072,117.809,-117.809,0,4956.8,100.5,-100.5,0,,,,0,,,,0,2020-06-17 17:40:45,2021-10-29 12:59:15
1985.01,469212332,APC,09h53m33.73s,148.390562,-58d22m33.88s,-58.376077,1.58,0.06,-0.06,0.0,-0.841,0.056,-0.056,0.0,2460027.634922,0.001318,-0.001318,0,30.7864669,3.41e-05,-3.41e-05,0,3.466,0.144,-0.144,0,8750.0,62.1135,-62.1135,0,23.8125,1.90419,-1.90419,0,112.151,,,,861.0,,,,9.9681,0.007,-0.007,0,332.321,3.4545,-3.4545,0,6101.8,153.7,-153.7,0,,,,0,2.05,0.06,-0.06,0,2020-06-17 20:08:07,2023-05-11 10:10:01
1986.01,468997317,APC,09h36m05.7s,144.023758,-51d44m40.73s,-51.744648,-15.554,0.052,-0.052,0.0,4.79,0.052,-0.052,0.0,2459256.974533,0.001188,-0.001188,0,7.5043829,0.0006197,-0.0006197,0,4.8967771,0.053506,-0.053506,0,12479.7176832,469.77145,-469.77145,0,,,,0,177.5290293,,,,930.973018,,,,8.135,0.006,-0.006,0,,,,0,8613.8,1359.0,-1359.0,0,,,,0,,,,0,2020-06-17 20:08:07,2021-10-29 12:59:15
1987.01,349088467,APC,12h21m19.65s,185.331855,-14d03m44.56s,-14.062379,-28.097,0.14,-0.14,0.0,-35.888,0.108,-0.108,0.0,2459283.07354,0.000344,-0.000344,0,2.5861562,2e-06,-2e-06,0,1.8304478,0.0356946,-0.0356946,0,2218.2234099,84.8517,-84.8517,0,13.5186329,0.8476515,-0.8476515,0,3942.3199938,,,,2020.9599996,,,,9.62418,0.006,-0.006,0,273.491,6.227,-6.227,0,5635.4,95.4,-95.4,0,3.71,0.45,-0.45,0,2.33,0.13,-0.13,0,2020-06-17 20:08:08,2026-01-10 10:08:01
1999.01,447206604,APC,10h27m58.83s,156.995108,-48d25m42.77s,-48.428547,11.3,2.1,-2.1,0.0,6.1,1.9,-1.9,0.0,2460033.285881,0.000593,-0.000593,0,7.2133579,6.1e-06,-6.1e-06,0,2.345,0.329,-0.329,0,8814.0,7645.12,-7645.12,0,21.2234,,,0,271.595,,,,,,,,10.4109,0.006,-0.006,0,183.691,,,0,5843.0,32.0,-32.0,0,4.33,2.0,-2.0,0,1.16,,,0,2020-06-17 20:08:08,2023-05-05 16:02:01
2023.01,16884216,APC,15h31m27.2s,232.863345,+33d54m09.06s,33.902516,42.582,0.036,-0.036,0.0,112.198,0.047,-0.047,0.0,2458964.128568,0.003645,-0.003645,0,11.1900486,0.0049587,-0.0049587,0,2.9741507,0.5782486,-0.5782486,0,567.7989939,77.54692,-77.54692,0,1.6608182,1.7278615,-1.7278615,0,31.192573,,,,602.7435196,,,,8.5049,0.006,-0.006,0,36.9284,0.034,-0.034,0,4958.0,122.161,-122.161,0,4.66667,0.0900016,-0.0900016,0,0.695992,0.0442211,-0.0442211,0,2020-06-19 06:00:40,2024-06-23 12:02:48
2030.01,422656370,APC,23h18m41.3s,349.672086,+68d17m57.18s,68.299217,28.247,0.045,-0.045,0.0,0.652,0.04,-0.04,0.0,2459880.870498,0.000576,-0.000576,0,1.3254567,1e-06,-1e-06,0,0.975,0.289,-0.289,0,3365.0,238.919,-238.919,0,14.4076,0.916221,-0.916221,0,776.933,,,,1470.0,,,,10.8489,0.022,-0.022,0,367.355,3.4215,-3.4215,0,5778.0,186.2,-186.2,0,3.74,0.08,-0.08,0,2.29,0.12,-0.12,0,2020-06-19 07:20:03,2023-05-01 10:10:02
2032.01,470159478,APC,22h13m14.82s,333.311732,+81d44m23.02s,81.739729,9.1,2.3,-2.3,0.0,2.1,2.4,-2.4,0.0,2459737.544901,0.001849,-0.001849,0,17.0096703,4.12e-05,-4.12e-05,0,2.228,0.488,-0.488,0,4730.0,1197.68,-1197.68,0,13.5294,,,0,63.3708,,,,,,,,10.9293,0.006,-0.006,0,293.0,,,0,6542.0,,,0,,,,0,1.5,,,0,2020-06-19 07:20:03,2023-10-20 12:02:39
2038.01,235937532,APC,19h35m39.5s,293.914601,+81d33m17.25s,81.554791,-2.776,0.061,-0.061,0.0,-0.542,0.069,-0.069,0.0,2459913.435645,0.001548,-0.001548,0,3.7321195,6.2e-06,-6.2e-06,0,5.738,0.448,-0.448,0,4180.0,0.474694,-0.474694,0,19.158,0.937763,-0.937763,0,5711.67,,,,2421.0,,,,10.5352,0.008,-0.008,0,603.172,12.441,-12.441,0,6570.0,124.8,-124.8,0,3.68,0.09,-0.09,0,2.8,0.13,-0.13,0,2020-06-19 07:20:03,2023-03-16 16:02:02
2055.01,322062001,APC,21h36m57.33s,324.238857,+69d17m02.21s,69.283946,-5.7,1.9,-1.9,0.0,-1.7,2.0,-2.0,0.0,2459876.086576,0.000578,-0.000578,0,4.6981739,3.2e-06,-3.2e-06,0,2.36,0.442,-0.442,0,7417.0,10591.6,-10591.6,0,31.434,,,0,1344.6,,,,,,,,10.6526,0.006,-0.006,0,376.423,,,0,6782.0,,,0,,,,0,1.61,,,0,2020-06-19 07:20:04,2023-05-01 10:10:02
2056.01,396356111,APC,00h10m23.9s,2.599567,+58d29m21.98s,58.489439,-98.605,0.051,-0.051,0.0,-9.771,0.043,-0.043,0.0,2458771.6773,0.00982,-0.00982,0,10.2207,0.00125,-0.00125,0,3.848,0.621,-0.621,0,300.0,1.00594,-1.00594,0,2.95608,0.225695,-0.225695,0,226.74,,,,1081.0,,,,7.3307,0.006,-0.006,0,92.8913,0.3086,-0.3086,0,6748.7,121.0,-121.0,0,4.13,0.09,-0.09,0,1.72,0.07,-0.07,0,2020-06-19 07:20:04,2024-06-23 12:02:48
2065.01,356710041,APC,12h50m18.54s,192.577265,+26d09m34.33s,26.159536,12.582,0.055,-0.055,0.0,2.659,0.039,-0.039,0.0,2458932.291437,0.003409,-0.003409,0,,,,0,12.5551812,0.28876,-0.28876,0,1341.1309509,69.10477,-69.10477,0,10.443271,0.7342856,-0.7342856,0,352.5989492,,,,1105.1977778,,,,9.0024,0.007,-0.007,0,234.294,2.1745,-2.1745,0,5701.43,118.15,-118.15,0,3.56597,0.0743608,-0.0743608,0,2.7564499,0.13196,-0.13196,0,2020-07-02 17:46:17,2023-02-10 16:02:02
209.01,52204645,APC,01h17m34.6s,19.394178,-66d54m11.04s,-66.903066,-12.619,0.058,-0.058,0.0,-138.402,0.033,-0.033,0.0,2458325.884839,0.000996,-0.000996,0,4.3794298,7e-06,-7e-06,0,1.6639354,0.3168304,-0.3168304,0,969.6957616,58.59707,-58.59707,0,2.3149088,1.9252915,-1.9252915,0,120.9359556,,,,845.782334,,,,10.8545,0.006,-0.006,0,113.387,0.2725,-0.2725,0,4892.0,179.0,-179.0,0,4.50955,2.00346,-2.00346,0,0.742779,0.0504774,-0.0504774,0,2018-11-14 15:06:55,2024-04-25 10:08:01
2108.01,347538174,APC,16h29m55.58s,247.481601,+21d29m42.58s,21.495162,-0.39,0.056,-0.056,0.0,7.572,0.053,-0.053,0.0,2459719.380198,0.001498,-0.001498,0,6.8019625,0.0007853,-0.0007853,0,2.9121651,0.1153928,-0.1153928,0,15465.6374163,493.90906,-493.90906,0,29.3148832,28.43558,-28.43558,0,501.9413628,,,,1207.2104771,,,,10.223,0.008,-0.008,0,251.884,2.739,-2.739,0,6300.0,133.3,-133.3,0,4.22,0.09,-0.09,0,1.42268,0.0666332,-0.0666332,0,2020-07-28 21:38:56,2022-08-24 16:02:02
211.01,300293197,APC,07h21m07.13s,110.279707,-68d34m42.12s,-68.578366,5.8,1.6,-1.6,0.0,9.3,1.6,-1.6,0.0,2460981.057077,0.000315,-0.000315,0,6.5638651,1.2e-06,-1.2e-06,0,1.3516381,0.1407201,-0.1407201,0,2147.9618549,36.1524906,-36.1524906,0,5.9264523,0.1844941,-0.1844941,0,414.9779331,,,,1257.4027058,,,,9.4906,0.006,-0.006,0,121.321,,,0,5873.97,102.627,-102.627,0,4.35182,0.109989,-0.109989,0,1.08871,,,0,2018-12-04 21:48:36,2026-04-17 10:08:01
212.01,206609630,APC,01h30m12.01s,22.550024,-59d34m59.69s,-59.583246,-116.97,2.0,-2.0,0.0,-16.69,2.0,-2.0,0.0,2458325.490344,3.9e-05,-3.9e-05,0,0.3352715,8e-07,-8e-07,0,0.7189856,0.0068189,-0.0068189,0,19687.8213975,187.4783,-187.4783,0,4.4688,0.776006,-0.776006,0,11198.5149308,,,,2623.6739175,,,,12.5595,0.008,-0.008,0,,,,0,3332.0,63.0,-63.0,0,4.94964,0.399131,-0.399131,0,0.3,0.05,-0.05,0,2018-10-22 18:35:11,2024-09-05 10:08:02
2121.01,88996391,APC,17h35m46.65s,263.944366,+36d11m47.37s,36.196492,-16.54,2.198,-2.198,0.0,-23.999,2.198,-2.198,0.0,2459718.98744,0.001822,-0.001822,0,2.3195654,3.47e-05,-3.47e-05,0,2.0259086,0.0318616,-0.0318616,0,19508.6953576,290.3744,-290.3744,0,12.4030722,2.5790782,-2.5790782,0,195.4879901,,,,953.6736208,,,,11.9441,0.006,-0.006,0,,,,0,4325.66,44.2312,-44.2312,0,4.438,,,0,0.628365,0.0575012,-0.0575012,0,2020-07-29 05:13:33,2022-11-18 16:02:02
2137.01,23059280,APC,18h16m34.55s,274.143956,+34d10m22.84s,34.173012,17.988,0.032,-0.032,0.0,-9.101,0.038,-0.038,0.0,2459393.08477,0.000581,-0.000581,0,14.1502269,2.73e-05,-2.73e-05,0,3.8264451,0.043275,-0.043275,0,41358.8663923,416.6034,-416.6034,0,18.6317683,1.2525848,-1.2525848,0,34.4595552,,,,617.9412206,,,,12.2186,0.006,-0.006,0,244.755,1.1275,-1.1275,0,4882.0,123.99,-123.99,0,4.45655,0.0865848,-0.0865848,0,0.873952,0.0582613,-0.0582613,0,2020-08-07 21:59:54,2022-02-16 10:10:02
2159.01,270515566,APC,17h37m48.97s,264.45404,+47d13m49.04s,47.230289,-11.138,0.043,-0.043,0.0,9.721,0.043,-0.043,0.0,2459755.898401,0.000507,-0.000507,0,10.0509704,1.24e-05,-1.24e-05,0,6.129,0.062,-0.062,0,8660.0,0.209823,-0.209823,0,13.5943,0.636359,-0.636359,0,263.046,,,,1121.0,,,,10.8595,0.007,-0.007,0,294.398,1.8245,-1.8245,0,5844.0,126.4,-126.4,0,4.16,0.08,-0.08,0,1.41,0.07,-0.07,0,2020-08-10 17:26:49,2022-12-12 16:02:01
2165.01,73560357,APC,18h45m37.38s,281.405754,+16d24m55.32s,16.415367,1.747,0.076,-0.076,0.0,3.403,0.093,-0.093,0.0,2459417.644616,0.000611,-0.000611,0,0.9499997,2.6e-06,-2.6e-06,0,2.544,0.099,-0.099,0,4200.0,0.751321,-0.751321,0,14.0337,0.644628,-0.644628,0,14232.8,,,,3042.0,,,,10.8207,0.006,-0.006,0,557.364,14.5685,-14.5685,0,7421.0,199.9,-199.9,0,4.0,0.09,-0.09,0,2.16,0.09,-0.09,0,2020-08-10 17:26:49,2022-02-16 10:10:02
2203.01,355600246,APC,21h40m25.1s,325.104572,-54d02m03.21s,-54.034226,2.296,0.072,-0.072,0.0,-3.084,0.08,-0.08,0.0,2459038.655122,0.000609,-0.000609,0,3.05631,6.44e-05,-6.44e-05,0,3.0708372,0.0403755,-0.0403755,0,17308.3639678,208.72813,-208.72813,0,20.0727443,1.1771129,-1.1771129,0,1530.297116,,,,1595.1946687,,,,12.3775,0.006,-0.006,0,701.717,27.4775,-27.4775,0,6344.0,130.27,-130.27,0,4.21787,0.0889385,-0.0889385,0,1.44638,0.0837563,-0.0837563,0,2020-09-18 16:26:02,2021-10-29 12:59:15
2218.01,348995212,APC,07h08m37.37s,107.155704,-64d13m58.08s,-64.232801,-17.625,0.084,-0.084,0.0,33.331,0.071,-0.071,0.0,2460014.455131,0.000317,-0.000317,0,0.3456911,1e-07,-1e-07,0,0.648,0.025,-0.025,0,2800.0,270.321,-270.321,0,10.1929,1.9547,-1.9547,0,18378.3,,,,3243.0,,,,11.5547,0.006,-0.006,0,330.15,4.6275,-4.6275,0,6282.0,6442.8,-6442.8,0,4.3,2.0,-2.0,0,1.05,0.05,-0.05,0,2020-09-18 19:18:08,2023-08-10 16:02:02
2227.01,405425498,APC,22h30m04.26s,337.517756,-67d51m00.53s,-67.850146,-2.912,0.033,-0.033,0.0,24.837,0.037,-0.037,0.0,2460177.65724,0.002145,-0.002145,0,4.2217717,8.7e-06,-8.7e-06,0,2.561,0.268,-0.268,0,594.0,28.1463,-28.1463,0,2.81922,0.164459,-0.164459,0,305.107,,,,1164.0,,,,10.0106,0.006,-0.006,0,165.441,0.6415,-0.6415,0,5763.48,45.6,-45.6,0,3.99846,0.066564,-0.066564,0,1.21,0.06,-0.06,0,2020-09-18 19:18:09,2024-09-09 12:03:07
2227.02,405425498,APC,22h30m04.26s,337.517756,-67d51m00.53s,-67.850146,-2.912,0.033,-0.033,0.0,24.837,0.037,-0.037,0.0,2458335.051334,0.001618,-0.001618,0,11.5472009,2.5e-05,-2.5e-05,0,1.0326107,0.8300067,-0.8300067,0,663.4411526,157.2006,-157.2006,0,3.1457403,10.141164,-10.141164,0,141.4530508,,,,879.5749032,,,,10.0106,0.006,-0.006,0,165.441,0.6415,-0.6415,0,5763.48,45.6,-45.6,0,3.99846,0.066564,-0.066564,0,1.20847,0.0594974,-0.0594974,0,2024-03-14 22:31:29,2024-09-09 12:03:07
2233.01,421455387,APC,19h47m40.72s,296.919659,-32d34m33.48s,-32.575966,1.199,0.065,-0.065,0.0,-24.846,0.035,-0.035,0.0,2460127.292119,0.000929,-0.000929,0,2.50876,1e-05,-1e-05,0,1.2523065,0.0762448,-0.0762448,0,5830.0602325,436.20065,-436.20065,0,11.5931606,4.4209104,-4.4209104,0,710.8584449,,,,1316.9386126,,,,10.9896,0.006,-0.006,0,193.007,1.5745,-1.5745,0,5226.0,129.8,-129.8,0,4.28,0.08,-0.08,0,1.13416,0.0677639,-0.0677639,0,2020-09-18 21:10:23,2025-06-04 16:00:01
2234.01,271491157,APC,19h56m55.16s,299.229827,-35d23m49.84s,-35.397179,9.589,0.073,-0.073,0.0,-6.849,0.044,-0.044,0.0,2459036.73041,0.0026,-0.0026,0,2.91615,0.00054,-0.00054,0,1.481,0.161,-0.161,0,2280.0,3.78543,-3.78543,0,13.4791,0.92864,-0.92864,0,253.391,,,,1111.0,,,,10.7837,0.006,-0.006,0,558.211,15.4225,-15.4225,0,6103.0,132.3,-132.3,0,3.64,0.08,-0.08,0,2.69,0.15,-0.15,0,2020-09-18 21:10:23,2021-10-29 12:59:15
2235.01,267093376,APC,02h44m21.97s,41.091524,-74d47m23.34s,-74.789817,-13.028,0.038,-0.038,0.0,-10.482,0.031,-0.031,0.0,2460108.680976,0.006276,-0.006276,0,17.14012,6e-05,-6e-05,0,1.176,0.211,-0.211,0,2180.0,4.93525,-4.93525,0,8.14257,0.536339,-0.536339,0,5.93171,,,,434.0,,,,10.8988,0.006,-0.006,0,405.817,2.838,-2.838,0,6378.0,136.7,-136.7,0,4.1,0.08,-0.08,0,1.67,0.07,-0.07,0,2020-09-18 21:10:23,2025-06-04 16:00:01
224.01,70797900,APC,00h07m54.71s,1.977969,-29d58m46.57s,-29.979603,115.36,2.0,-2.0,0.0,-142.31,2.0,-2.0,0.0,2458365.843684,9.6e-05,-9.6e-05,0,705.5844658,4.2e-06,-4.2e-06,0,1.9189212,0.0085916,-0.0085916,0,101204.8459939,610.19586,-610.19586,0,17.179547,2.6196158,-2.6196158,0,16.720729,,,,515.743249,,,,11.1427,0.006,-0.006,0,64.77016,,,0,3689.0,66.0,-66.0,0,4.78104,0.354228,-0.354228,0,0.487,0.074,-0.074,0,2018-11-16 21:15:40,2026-02-02 16:00:02
2243.01,1990842033,APC,20h41m56.07s,310.483615,-38d52m40.83s,-38.878009,-9.515,1.638,-1.638,0.0,-8.567,1.751,-1.751,0.0,2459040.094,0.00137,-0.00137,0,5.41418,0.00069,-0.00069,0,4.428,0.136,-0.136,0,7850.0,1.40014,-1.40014,0,,,,0,816.558,,,,1489.0,,,,10.8068,0.006,-0.006,0,128.552,20.6045,-20.6045,0,6664.0,235.8,-235.8,0,,,,0,,,,0,2020-08-25 18:54:41,2021-10-29 12:59:15
2271.01,258389327,APC,19h46m50.47s,296.710289,+70d04m18.99s,70.071943,15.974,0.043,-0.043,0.0,-0.306,0.047,-0.047,0.0,2459753.691039,0.000887,-0.000887,0,26.5456672,3.18e-05,-3.18e-05,0,2.582,0.115,-0.115,0,8290.0,1042.8,-1042.8,0,29.1697,6.11826,-6.11826,0,28.3073,,,,642.0,,,,11.8248,0.01,-0.01,0,543.564,6.4005,-6.4005,0,6180.0,135.7,-135.7,0,4.06,0.09,-0.09,0,1.68,0.08,-0.08,0,2020-09-30 13:26:55,2023-02-24 10:10:01
2272.01,265460043,APC,23h59m24.74s,359.853101,+68d23m02.83s,68.384119,32.164,0.059,-0.059,0.0,2.441,0.052,-0.052,0.0,2458773.807867,0.006628,-0.006628,0,32.8236817,0.0090141,-0.0090141,0,15.237374,0.6431936,-0.6431936,0,368.5500142,45.867332,-45.867332,0,5.1519952,0.9513825,-0.9513825,0,206.9642192,,,,967.3721204,,,,8.1526,0.006,-0.006,0,179.828,1.266,-1.266,0,6258.0,129.51,-129.51,0,3.68336,0.0853692,-0.0853692,0,2.63025,0.120588,-0.120588,0,2020-09-30 13:26:55,2024-11-20 12:02:56
2302.01,144000801,APC,22h25m07s,336.279186,-52d32m12.02s,-52.536671,48.908,0.059,-0.059,0.0,-11.493,0.076,-0.076,0.0,2459063.140785,0.00106,-0.00106,0,1.3103832,0.0001108,-0.0001108,0,1.6240216,0.0862775,-0.0862775,0,3904.2824741,157.48242,-157.48242,0,9.8603222,9.513131,-9.513131,0,1134.2779729,,,,1480.1291921,,,,11.0075,0.006,-0.006,0,171.909,1.2375,-1.2375,0,5228.0,123.146,-123.146,0,4.45189,0.0823391,-0.0823391,0,0.928507,0.0527638,-0.0527638,0,2020-10-01 13:35:29,2021-10-29 12:59:15
2305.01,232079930,APC,01h58m25.93s,29.608056,-66d20m20.96s,-66.339155,19.051,0.043,-0.043,0.0,10.014,0.036,-0.036,0.0,2459062.290253,0.001672,-0.001672,0,0.918902,0.0001013,-0.0001013,0,1.781955,0.1213853,-0.1213853,0,6718.8492909,410.9644,-410.9644,0,15.2109193,15.423432,-15.423432,0,3475.7112909,,,,1958.3065353,,,,12.8483,0.006,-0.006,0,568.299,7.459,-7.459,0,5382.0,5385.2,-5385.2,0,4.4,2.0,-2.0,0,1.1659,0.0806182,-0.0806182,0,2020-10-01 13:35:30,2021-10-29 12:59:15
2311.01,25139786,APC,21h45m05.46s,326.272747,-20d01m57.05s,-20.032514,11.708,1.008,-1.008,0.0,1.555,1.006,-1.006,0.0,2459062.770201,0.001343,-0.001343,0,1.5933772,0.0001759,-0.0001759,0,1.7732569,0.086427,-0.086427,0,7842.0221441,402.01895,-402.01895,0,9.012542,0.3485221,-0.3485221,0,785.5954321,,,,1350.2664813,,,,12.0892,0.006,-0.006,0,264.874,,,0,5289.4,5240.2,-5240.2,0,4.5,2.0,-2.0,0,0.885125,,,0,2020-10-01 13:35:30,2021-10-29 12:59:15
2315.01,302333151,APC,21h22m05.78s,320.524083,-27d33m15.87s,-27.554409,-7.044,0.09,-0.09,0.0,-8.149,0.058,-0.058,0.0,2459062.373149,0.00037,-0.00037,0,1.440707,1.8e-06,-1.8e-06,0,1.8086852,0.048963,-0.048963,0,4514.4039925,164.745,-164.745,0,9.984491,1.320125,-1.320125,0,2629.3283978,,,,1826.3371679,,,,11.0675,0.006,-0.006,0,290.436,5.3815,-5.3815,0,5941.2,5990.0,-5990.0,0,4.3,0.6,-0.6,0,1.1648901,0.0570854,-0.0570854,0,2020-10-01 13:35:30,2025-03-07 11:45:34
2318.01,88840705,APC,17h30m21.44s,262.589332,+40d22m10.07s,40.369465,17.54,2.0,-2.0,0.0,-55.45,2.0,-2.0,0.0,2459026.647613,0.002501,-0.002501,0,,,,0,4.6833042,0.1776144,-0.1776144,0,2749.2099367,151.12294,-151.12294,0,6.5071192,2.000792,-2.000792,0,9.1909015,,,,444.0780191,,,,8.6512,0.008,-0.008,0,45.0103,,,0,4968.0,,,0,4.438,,,0,0.844548,,,0,2020-10-05 21:01:55,2022-07-19 12:02:35
2325.01,152800085,APC,22h54m10.71s,343.544632,-36d17m16s,-36.287777,-7.675,0.053,-0.053,0.0,-17.953,0.052,-0.052,0.0,2460155.146047,0.001495,-0.001495,0,4.26991,2e-05,-2e-05,0,1.509,0.271,-0.271,0,2240.0,14.6924,-14.6924,0,8.95578,0.777438,-0.777438,0,667.336,,,,1415.0,,,,9.5103,0.006,-0.006,0,223.852,1.705,-1.705,0,6580.0,127.7,-127.7,0,4.16,0.09,-0.09,0,1.62,0.07,-0.07,0,2020-10-07 15:20:38,2025-06-04 16:00:01
2335.01,160003961,APC,03h23m18.39s,50.826623,-40d27m12.66s,-40.453518,-4.119,0.032,-0.032,0.0,9.349,0.043,-0.043,0.0,2459169.502915,0.0009,-0.0009,0,1.4492052,3.3e-06,-3.3e-06,0,1.104,0.152,-0.152,0,1200.0,2.90396,-2.90396,0,6.15666,0.36231,-0.36231,0,551.777,,,,1350.0,,,,12.1323,0.006,-0.006,0,439.747,4.048,-4.048,0,6004.9,117.5,-117.5,0,4.39,0.08,-0.08,0,1.12,0.05,-0.05,0,2020-10-23 19:58:26,2021-10-29 12:59:15
2347.01,301343785,APC,03h29m57.03s,52.487605,-00d54m15.18s,-0.904217,4.724,0.063,-0.063,0.0,-2.184,0.058,-0.058,0.0,2459169.738716,0.001712,-0.001712,0,1.1736318,4.7e-06,-4.7e-06,0,1.397,0.26,-0.26,0,1470.0,3.58836,-3.58836,0,8.1147,0.553864,-0.553864,0,1505.41,,,,1735.0,,,,11.6751,0.007,-0.007,0,587.369,13.9635,-13.9635,0,6033.7,103.7,-103.7,0,3.92,0.08,-0.08,0,1.93,0.09,-0.09,0,2020-10-23 19:58:27,2021-10-29 12:59:15
2349.01,405452527,APC,09h33m02.24s,143.259339,-13d49m50.28s,-13.830634,-7.785,0.059,-0.059,0.0,2.342,0.059,-0.059,0.0,2459997.913355,0.001074,-0.001074,0,11.5738497,1.86e-05,-1.86e-05,0,6.656,0.116,-0.116,0,18730.0,1.5037,-1.5037,0,22.4042,1.18194,-1.18194,0,210.056,,,,1060.0,,,,11.8929,0.007,-0.007,0,528.869,10.612,-10.612,0,5782.0,124.2,-124.2,0,4.04,0.08,-0.08,0,1.61,0.08,-0.08,0,2020-10-23 19:58:28,2023-10-17 16:02:02
2351.01,290036495,APC,12h50m38.79s,192.661632,-14d33m54.36s,-14.565099,-22.015,0.093,-0.093,0.0,-8.012,0.071,-0.071,0.0,2459552.675285,0.000362,-0.000362,0,5.2524809,2.4e-06,-2.4e-06,0,2.0606876,0.0402453,-0.0402453,0,22612.2943943,433.29034,-433.29034,0,26.1130371,5.351613,-5.351613,0,438.9768712,,,,1167.4281449,,,,12.1103,0.007,-0.007,0,457.57,11.2055,-11.2055,0,5728.0,122.1,-122.1,0,4.24,0.08,-0.08,0,1.27,0.07,-0.07,0,2020-10-23 19:58:28,2026-01-10 10:08:01
2366.01,39218269,APC,05h54m01.21s,88.505022,-03d38m23.67s,-3.639907,8.71,0.062,-0.062,0.0,22.471,0.062,-0.062,0.0,2459224.966718,0.004347,-0.004347,0,17.1869882,0.0001376,-0.0001376,0,3.845,1.234,-1.234,0,3130.0,13.0438,-13.0438,0,12.9307,1.38748,-1.38748,0,97.2728,,,,874.0,,,,11.8402,0.006,-0.006,0,439.569,9.183,-9.183,0,6049.7,143.6,-143.6,0,3.87,0.1,-0.1,0,2.05,0.18,-0.18,0,2020-10-23 19:58:28,2024-02-15 12:03:00
2377.01,146165619,APC,22h47m29.23s,341.871773,-15d34m22.61s,-15.572947,0.618,0.189,-0.189,0.0,-30.148,0.173,-0.173,0.0,2459088.7876,0.000311,-0.000311,0,1.6766686,2.5e-06,-2.5e-06,0,1.1189151,0.0718465,-0.0718465,0,33350.8877349,963.18976,-963.18976,0,11.4035308,0.6218018,-0.6218018,0,180.6575645,,,,935.0477453,,,,14.1858,0.007,-0.007,0,288.642,16.806,-16.806,0,4155.0,122.0,-122.0,0,4.66247,,,0,0.622666,,,0,2020-11-06 18:59:45,2026-01-21 10:08:01
2383.01,20897611,APC,00h05m56.36s,1.484836,-20d39m14.24s,-20.653955,-6.667,0.086,-0.086,0.0,-49.57,0.088,-0.088,0.0,2460927.102808,0.000493,-0.000493,0,3.1353643,1.2e-06,-1.2e-06,0,1.2230703,0.2063328,-0.2063328,0,8607.413644,237.3010031,-237.3010031,0,11.1251501,0.7101781,-0.7101781,0,583.0967101,,,,1368.9994937,,,,10.459,0.007,-0.007,0,174.593,2.695,-2.695,0,5503.0,5569.7,-5569.7,0,4.4,0.3,-0.3,0,1.06,0.06,-0.06,0,2020-11-06 18:59:45,2026-03-05 10:08:02
2387.01,237885040,APC,01h21m38.49s,20.410382,-64d52m32.56s,-64.87571,-5.113,0.151,-0.151,0.0,-6.168,0.145,-0.145,0.0,2459063.229447,0.000873,-0.000873,0,5.6601098,0.0001809,-0.0001809,0,1.5377473,0.0576678,-0.0576678,0,8427.6778878,280.7395,-280.7395,0,12.3816484,0.8086145,-0.8086145,0,361.1289137,,,,1111.8221321,,,,11.8933,0.006,-0.006,0,396.308,13.3465,-13.3465,0,5859.8,6031.1,-6031.1,0,4.4,2.0,-2.0,0,1.1873699,0.071417,-0.071417,0,2020-11-06 18:59:46,2022-11-07 12:02:35
2396.01,333734769,APC,11h20m36.02s,170.150082,-26d09m11.29s,-26.153136,-16.318,0.063,-0.063,0.0,-2.465,0.052,-0.052,0.0,2459303.511289,0.001835,-0.001835,0,1.5099302,5e-06,-5e-06,0,1.329,0.391,-0.391,0,2230.0,7.71456,-7.71456,0,8.891,0.71843,-0.71843,0,1087.82,,,,1599.0,,,,11.4944,0.007,-0.007,0,469.613,10.403,-10.403,0,5735.0,128.1,-128.1,0,3.96,0.08,-0.08,0,1.76,0.09,-0.09,0,2020-11-24 20:52:12,2021-11-06 10:10:04
2410.01,248391319,APC,01h18m30.45s,19.626878,-00d03m23.03s,-0.056398,23.383,0.075,-0.075,0.0,25.769,0.048,-0.048,0.0,2459497.629903,0.001292,-0.001292,0,0.7988525,1.7e-06,-1.7e-06,0,0.831,0.203,-0.203,0,1700.0,8.95422,-8.95422,0,4.00703,0.412139,-0.412139,0,512.916,,,,1325.0,,,,12.2478,0.006,-0.006,0,232.822,2.1645,-2.1645,0,4785.0,131.261,-131.261,0,4.45252,0.0942818,-0.0942818,0,0.86,0.06,-0.06,0,2020-11-24 20:55:50,2022-11-10 12:03:29
2422.01,29919341,APC,01h39m32.28s,24.884512,-07d23m41.02s,-7.394729,20.1,1.3,-1.3,0.0,-28.8,1.4,-1.4,0.0,2459131.39396,0.00205,-0.00205,0,18.23603,7e-05,-7e-05,0,4.91,0.32,-0.32,0,3090.0,855.056,-855.056,0,10.0179,,,0,411.58,,,,,,,,9.4843,0.007,-0.007,0,100.804,,,0,6159.7,,,0,,,,0,0.88,,,0,2020-11-25 22:47:02,2021-10-29 12:59:15
2428.01,274193763,APC,03h35m19.55s,53.831468,+03d01m43.1s,3.028639,,,,,,,,,2459168.03367,0.0014,-0.0014,0,7.57017,0.00081,-0.00081,0,0.916,0.205,-0.205,0,1500.0,3.84542,-3.84542,0,,,,0,,,,,,,,,9.966,0.29,-0.29,0,,,,0,,,,0,,,,0,,,,0,2020-12-22 23:47:36,2022-08-09 16:02:02
243.01,149010208,APC,00h13m34.59s,3.394115,-31d20m03.85s,-31.334403,2.688,0.059,-0.059,0.0,-1.754,0.045,-0.045,0.0,2458356.617596,0.000338,-0.000338,0,3.4373093,2.8e-06,-2.8e-06,0,4.3114755,0.0336294,-0.0336294,0,15017.9801247,138.73639,-138.73639,0,25.668105,1.351701,-1.351701,0,2497.4850189,,,,1802.9989447,,,,11.681,0.007,-0.007,0,709.175,18.6355,-18.6355,0,6046.0,193.0,-193.0,0,4.29639,2.00435,-2.00435,0,1.94932,0.10201,-0.10201,0,2018-11-29 21:52:42,2022-10-03 16:02:02
2434.01,155001079,APC,23h00m37.3s,345.155415,+46d01m57.13s,46.032536,-3.693,0.071,-0.071,0.0,-3.594,0.062,-0.062,0.0,2458739.678081,0.001536,-0.001536,0,1.3808138,7.91e-05,-7.91e-05,0,0.9133596,0.2457945,-0.2457945,0,329.1752026,38.83706,-38.83706,0,7.5531443,3.0626397,-3.0626397,0,98886.497136,,,,4522.7647415,,,,9.06657,0.006,-0.006,0,594.987,15.9325,-15.9325,0,9431.0,214.831,-214.831,0,3.64947,0.0687193,-0.0687193,0,3.83824,0.143759,-0.143759,0,2020-12-22 23:48:42,2022-07-20 12:03:42
2440.01,129839175,APC,03h41m04.81s,55.270024,-36d56m37.43s,-36.943731,39.436,0.035,-0.035,0.0,31.137,0.046,-0.046,0.0,2459144.977997,0.000344,-0.000344,0,0.6461571,1.56e-05,-1.56e-05,0,1.1963822,0.0307506,-0.0307506,0,6290.6211389,96.704056,-96.704056,0,15.3572514,8.059975,-8.059975,0,4527.9508872,,,,2092.161358,,,,11.0529,0.006,-0.006,0,212.588,1.146,-1.146,0,5256.8,104.732,-104.732,0,4.27128,0.0767825,-0.0767825,0,1.14951,0.0563065,-0.0563065,0,2021-01-06 21:28:53,2021-10-29 12:59:15
2444.01,29959760,APC,02h49m03.31s,42.263784,-16d33m33.41s,-16.55928,59.179,0.097,-0.097,0.0,84.249,0.119,-0.119,0.0,2459145.041127,0.001074,-0.001074,0,1.6473887,0.0001243,-0.0001243,0,1.3242991,0.0975411,-0.0975411,0,32325.7685306,2011.8455,-2011.8455,0,15.7358835,21.552816,-21.552816,0,97.0829105,,,,800.5813089,,,,13.6732,0.008,-0.008,0,190.748,2.2995,-2.2995,0,3556.0,157.0,-157.0,0,4.65625,0.0112725,-0.0112725,0,0.594044,0.0182083,-0.0182083,0,2021-01-06 21:28:53,2024-06-09 12:03:00
2460.01,454224694,APC,05h18m06.76s,79.528174,+02d33m49.23s,2.563675,2.519,0.053,-0.053,0.0,-22.799,0.048,-0.048,0.0,2459174.385712,0.001292,-0.001292,0,0.515461,4.6e-05,-4.6e-05,0,0.8502512,0.11895,-0.11895,0,1462.4242309,143.7763,-143.7763,0,6.5688522,13.43989,-13.43989,0,7358.8192788,,,,2362.2278419,,,,11.3357,0.006,-0.006,0,279.5,2.9685,-2.9685,0,5994.0,122.381,-122.381,0,4.44879,0.0765584,-0.0765584,0,1.03783,0.0476885,-0.0476885,0,2021-02-03 22:59:12,2021-10-29 12:59:15
2462.01,248434780,APC,05h09m15.47s,77.314465,-05d33m26.67s,-5.557409,12.49,0.084,-0.084,0.0,5.064,0.063,-0.063,0.0,2459183.651187,0.003098,-0.003098,0,12.8643168,0.0044143,-0.0044143,0,4.7778345,0.2252771,-0.2252771,0,6907.9754982,394.42627,-394.42627,0,17.4453322,1.2423514,-1.2423514,0,248.7479157,,,,1012.8837698,,,,11.7884,0.008,-0.008,0,516.495,13.1145,-13.1145,0,5365.0,32.4,-32.4,0,4.41,2.0,-2.0,0,1.82733,0.109668,-0.109668,0,2021-02-03 22:59:12,2025-12-28 12:03:53
2476.01,43868600,APC,05h12m26.13s,78.108877,-07d15m28.53s,-7.257924,6.422,0.065,-0.065,0.0,-13.358,0.058,-0.058,0.0,2459196.637234,0.003746,-0.003746,0,3.8865992,3.01e-05,-3.01e-05,0,2.909,0.672,-0.672,0,590.0,1.70825,-1.70825,0,14.0296,,,0,247.041,,,,1104.0,,,,10.1263,0.008,-0.008,0,537.765,9.938,-9.938,0,4731.6,49.0,-49.0,0,,,,0,5.67,,,0,2021-02-03 23:44:47,2021-11-22 12:01:46
2489.01,279327604,APC,22h10m12.74s,332.553092,-45d02m58.61s,-45.049614,-26.014,0.125,-0.125,0.0,12.767,0.172,-0.172,0.0,2459062.945311,0.001536,-0.001536,0,1.426951,0.0001724,-0.0001724,0,1.3367863,0.1265267,-0.1265267,0,2881.7106387,218.62526,-218.62526,0,8.8281188,12.0227165,-12.0227165,0,1289.4656111,,,,1528.3477807,,,,11.2451,0.006,-0.006,0,215.394,5.026,-5.026,0,5421.0,5412.1,-5412.1,0,4.6,0.1,-0.1,0,1.02349,0.0640201,-0.0640201,0,2021-02-19 00:11:34,2022-05-03 12:02:47
2491.01,80567842,APC,05h49m08.01s,87.283391,+09d37m39.05s,9.627515,2.892,0.086,-0.086,0.0,-3.379,0.076,-0.076,0.0,2459205.124526,0.00074,-0.00074,0,5.92777,0.0004025,-0.0004025,0,2.5599954,0.0483641,-0.0483641,0,12984.5364661,451.76117,-451.76117,0,20.4068988,1.0547695,-1.0547695,0,1581.2651219,,,,1608.3142967,,,,11.0233,0.01,-0.01,0,533.726,12.711,-12.711,0,8343.0,147.492,-147.492,0,4.36705,0.0741381,-0.0741381,0,1.55754,0.058407,-0.058407,0,2021-02-19 00:37:58,2021-12-09 12:01:52
2499.01,67196573,APC,05h57m49.6s,89.456648,-11d25m05.53s,-11.418203,10.915,0.099,-0.099,0.0,15.886,0.098,-0.098,0.0,2459226.410197,0.000592,-0.000592,0,2.5574812,3.4e-06,-3.4e-06,0,1.053,0.181,-0.181,0,1860.0,1540.73,-1540.73,0,17.7879,4.95674,-4.95674,0,639.207,,,,1400.0,,,,10.7996,0.006,-0.006,0,233.953,2.7545,-2.7545,0,5844.0,115.1,-115.1,0,4.33,2.0,-2.0,0,1.13,0.05,-0.05,0,2021-02-19 00:37:59,2022-03-15 12:02:21
2506.01,393298446,APC,06h08m02.63s,92.010974,-39d00m38.91s,-39.010809,5.5,1.4,-1.4,0.0,20.8,1.2,-1.2,0.0,2459211.074562,0.005097,-0.005097,0,14.9695925,0.0003288,-0.0003288,0,5.832,0.843,-0.843,0,430.0,0.829512,-0.829512,0,3.04784,,,0,219.916,,,,,,,,9.9257,0.006,-0.006,0,236.243,,,0,6456.0,,,0,,,,0,1.46,,,0,2021-03-02 22:28:40,2021-10-29 12:59:15
2509.01,143282930,APC,06h17m38.34s,94.409738,-09d37m51.86s,-9.631072,-2.298,0.095,-0.095,0.0,3.24,0.101,-0.101,0.0,2459224.689855,0.004339,-0.004339,0,1.5339665,1.56e-05,-1.56e-05,0,2.128,0.284,-0.284,0,470.0,1.3122,-1.3122,0,4.28924,0.325067,-0.325067,0,3012.65,,,,2063.0,,,,10.7088,0.014,-0.014,0,446.952,12.112,-12.112,0,6694.0,144.7,-144.7,0,4.02,0.09,-0.09,0,1.92,0.1,-0.1,0,2021-03-02 22:28:40,2021-10-29 12:59:15
2516.01,295947393,APC,07h16m10.66s,109.0444,-17d27m11.03s,-17.453065,-0.4,1.9,-1.9,0.0,0.9,1.9,-1.9,0.0,2459252.875826,0.003535,-0.003535,0,5.4927168,3.19e-05,-3.19e-05,0,7.906,0.421,-0.421,0,5290.0,0.558867,-0.558867,0,18.5905,,,0,14464.4,,,,,,,,9.9552,0.006,-0.006,0,545.079,,,0,9623.0,365.4,-365.4,0,4.08,1.24,-1.24,0,2.37,,,0,2021-03-02 22:28:41,2025-01-08 12:03:11
252.01,237924601,APC,03h50m12.88s,57.553653,-63d03m14.11s,-63.053919,-7.2,6.1,-6.1,0.0,-27.8,5.5,-5.5,0.0,2460041.401591,0.000557,-0.000557,0,1.0021853,5.3e-06,-5.3e-06,0,0.5001924,0.0429446,-0.0429446,0,2319.9972324,133.08377,-133.08377,0,5.0155627,0.2960881,-0.2960881,0,1409.4020834,,,,1562.7103079,,,,11.7497,0.006,-0.006,0,190.596,,,0,5071.0,181.0,-181.0,0,4.48308,2.00352,-2.00352,0,0.874822,,,0,2018-12-04 21:48:18,2023-07-12 10:10:02
2521.01,72556406,APC,06h14m06.99s,93.529144,-08d03m44.31s,-8.062309,-7.737,0.075,-0.075,0.0,-0.317,0.095,-0.095,0.0,2459227.249446,0.001383,-0.001383,0,5.563087,1.34e-05,-1.34e-05,0,4.533,0.207,-0.207,0,2520.0,0.350593,-0.350593,0,9.04133,0.478522,-0.478522,0,494.188,,,,1313.0,,,,10.8218,0.007,-0.007,0,341.347,4.925,-4.925,0,5491.4,104.0,-104.0,0,3.85,0.43,-0.43,0,1.72,0.09,-0.09,0,2021-03-02 22:28:42,2021-10-29 12:59:15
2540.02,354518617,APC,05h30m14.05s,82.558548,-42d41m52.61s,-42.697946,33.698,0.048,-0.048,0.0,-143.698,0.053,-0.053,0.0,2459223.145597,0.002136,-0.002136,0,22.0819969,8.18e-05,-8.18e-05,0,3.073,0.771,-0.771,0,1019.0,1.23485,-1.23485,0,2.28729,0.247107,-0.247107,0,5.94816,,,,435.0,,,,8.2731,0.006,-0.006,0,19.1419,0.0111,-0.0111,0,4036.3,69.7,-69.7,0,4.65,0.07,-0.07,0,0.66,0.07,-0.07,0,2021-03-29 18:39:45,2024-09-17 10:08:02
2546.01,388089437,APC,08h03m52.61s,120.969221,+11d08m07.66s,11.135462,0.047,0.068,-0.068,0.0,0.777,0.04,-0.04,0.0,2459578.592429,0.00077,-0.00077,0,2.1811989,5.4e-06,-5.4e-06,0,0.428,0.166,-0.166,0,2300.0,2027.5,-2027.5,0,18.7156,7.29541,-7.29541,0,149.461,,,,974.0,,,,11.8215,0.007,-0.007,0,515.356,9.759,-9.759,0,6125.96,133.255,-133.255,0,4.17403,0.087276,-0.087276,0,1.46,0.08,-0.08,0,2021-03-11 23:41:58,2022-04-19 12:02:07
2556.01,468981993,APC,08h34m48.69s,128.702871,+08d34m10.14s,8.569483,-9.622,0.079,-0.079,0.0,-14.985,0.056,-0.056,0.0,2459966.962573,0.001212,-0.001212,0,8.0149323,3.63e-05,-3.63e-05,0,4.6198374,0.0740526,-0.0740526,0,4426.4689118,75.73721,-75.73721,0,9.5021286,0.5284063,-0.5284063,0,320.0737304,,,,1078.778438,,,,10.7003,0.006,-0.006,0,277.281,3.601,-3.601,0,5886.2,140.7,-140.7,0,4.25,0.03,-0.03,0,1.3302799,0.0712361,-0.0712361,0,2021-03-18 16:10:35,2023-07-12 10:10:02
2595.01,151284882,APC,06h05m35.99s,91.399969,+14d21m24.89s,14.356915,6.538,0.076,-0.076,0.0,-16.124,0.065,-0.065,0.0,2459547.608503,0.002704,-0.002704,0,3.817421,2.53e-05,-2.53e-05,0,2.47,0.596,-0.596,0,1000.0,2.75151,-2.75151,0,3.32507,0.260936,-0.260936,0,529.596,,,,1336.0,,,,10.7212,0.007,-0.007,0,212.383,2.3065,-2.3065,0,6033.7,142.9,-142.9,0,4.47,0.09,-0.09,0,1.02,0.06,-0.06,0,2021-04-07 21:46:03,2022-03-11 10:10:02
2596.01,37089434,APC,06h32m02.87s,98.01194,-05d28m47.26s,-5.479794,49.92,0.06,-0.06,0.0,-31.807,0.061,-0.061,0.0,2459220.286778,0.001118,-0.001118,0,16.2709828,4.72e-05,-4.72e-05,0,1.835,0.314,-0.314,0,5870.0,6.8576,-6.8576,0,6.81631,0.522061,-0.522061,0,5.83182,,,,432.0,,,,10.9058,0.006,-0.006,0,127.734,0.621,-0.621,0,4811.0,135.7,-135.7,0,4.45,0.09,-0.09,0,0.87,0.06,-0.06,0,2021-04-07 21:46:03,2021-11-29 12:02:15
2602.01,191928543,APC,09h06m01.81s,136.507536,-39d32m53.61s,-39.548224,-16.78,0.043,-0.043,0.0,15.062,0.05,-0.05,0.0,2459991.062533,0.001326,-0.001326,0,7.234064,0.0007208,-0.0007208,0,6.0205683,0.1023186,-0.1023186,0,10621.8735536,184.75412,-184.75412,0,18.5228447,0.8687592,-0.8687592,0,827.0806334,,,,1367.7499655,,,,11.83,0.006,-0.006,0,622.34,10.607,-10.607,0,6770.0,136.344,-136.344,0,4.11942,0.0847979,-0.0847979,0,1.73783,0.0773819,-0.0773819,0,2021-04-12 18:45:51,2023-10-17 16:02:02
2605.01,146776480,APC,08h17m25.58s,124.356588,-34d28m00.67s,-34.466852,299.312,0.078,-0.078,0.0,-513.199,0.074,-0.074,0.0,2459978.593736,0.000923,-0.000923,0,20.6006151,3.59e-05,-3.59e-05,0,1.4716288,0.0430228,-0.0430228,0,12106.6702221,307.5715,-307.5715,0,8.1782864,3.5458872,-3.5458872,0,3.4585595,,,,347.8112006,,,,10.4767,0.007,-0.007,0,36.2852,0.0622,-0.0622,0,3821.0,157.0,-157.0,0,4.74216,0.0079282,-0.0079282,0,0.494575,0.0147011,-0.0147011,0,2021-04-12 18:45:51,2024-01-25 12:02:44
2609.01,308883808,APC,10h09m58.14s,152.492231,-12d10m43.23s,-12.178676,-52.607,0.067,-0.067,0.0,17.98,0.072,-0.072,0.0,2459988.5342,0.002081,-0.002081,0,1.1645141,0.0001696,-0.0001696,0,1.648221,0.1132211,-0.1132211,0,1828.5119817,138.52449,-138.52449,0,6.3506237,0.4593177,-0.4593177,0,3483.4007607,,,,1959.3887499,,,,11.4514,0.006,-0.006,0,347.307,7.316,-7.316,0,5979.0,132.773,-132.773,0,4.29665,0.0827082,-0.0827082,0,1.23369,0.0626005,-0.0626005,0,2021-04-12 18:45:52,2023-10-02 16:02:02
2637.01,349408306,APC,07h21m42.28s,110.426175,-64d00m50.92s,-64.014145,-0.359,0.058,-0.058,0.0,8.091,0.062,-0.062,0.0,2460014.399459,0.000487,-0.000487,0,0.152076,1.8e-06,-1.8e-06,0,0.5,0.0157598,-0.0157598,0,105147.465567,2604.5212,-2604.5212,0,,,,0,12751.7114543,,,,2710.2656995,,,,15.8445,0.009,-0.009,0,874.657,23.063,-23.063,0,5780.0,,,0,4.438,,,0,,,,0,2021-04-29 22:53:08,2023-07-12 10:10:02
2644.01,385332171,APC,12h06m46.32s,181.692982,-16d30m37.06s,-16.510294,27.92,2.0,-2.0,0.0,-31.07,2.0,-2.0,0.0,2459300.317115,0.000924,-0.000924,0,9.7439744,0.0016644,-0.0016644,0,1.9764395,0.0833292,-0.0833292,0,6711.0590566,340.31976,-340.31976,0,9.5314099,0.3691018,-0.3691018,0,93.2116922,,,,792.4782429,,,,10.9206,0.006,-0.006,0,235.146,,,0,5383.0,,,0,4.438,,,0,0.983025,,,0,2021-04-29 22:53:08,2021-10-29 12:59:15
2646.01,349966879,APC,07h37m44.89s,114.43704,-63d33m05.34s,-63.551482,-3.929,0.037,-0.037,0.0,12.732,0.041,-0.041,0.0,2460068.864238,0.00095,-0.00095,0,0.3125737,2e-07,-2e-07,0,0.526,0.043,-0.043,0,4540.0,175.604,-175.604,0,8.09753,,,0,4234.06,,,,2247.0,,,,13.1875,0.006,-0.006,0,389.119,2.7815,-2.7815,0,5202.0,122.0,-122.0,0,4.53,,,0,0.84,,,0,2021-05-04 20:03:20,2024-08-22 10:08:01
2653.01,149394317,APC,05h37m06.09s,84.275368,-64d27m51.57s,-64.464325,1.168,1.147,-1.147,0.0,0.189,1.148,-1.148,0.0,2460041.745982,0.00091,-0.00091,0,0.9270535,6.53e-05,-6.53e-05,0,1.011,0.05,-0.05,0,1640.0,1.20748,-1.20748,0,,,,0,1270.74,,,,1663.0,,,,12.208,0.006,-0.006,0,488.621,,,0,6317.3,389.9,-389.9,0,4.31,,,0,,,,0,2021-05-04 20:03:21,2024-09-02 12:03:01
2663.01,423666115,APC,00h37m09.54s,9.289758,-13d56m28.42s,-13.941227,3.689,0.065,-0.065,0.0,-6.378,0.034,-0.034,0.0,2459140.932852,0.001499,-0.001499,0,0.58228,1.6e-06,-1.6e-06,0,0.691,0.196,-0.196,0,3170.0,23.1672,-23.1672,0,7.80197,0.797526,-0.797526,0,1871.39,,,,1832.0,,,,12.7147,0.007,-0.007,0,730.972,16.5485,-16.5485,0,6288.0,131.6,-131.6,0,4.29,0.09,-0.09,0,1.32,0.07,-0.07,0,2021-05-04 21:38:08,2024-08-22 10:08:01
2666.01,170889511,APC,09h17m55.41s,139.480865,-03d23m15.09s,-3.387525,23.429,0.099,-0.099,0.0,-63.661,0.091,-0.091,0.0,2459259.141383,0.001787,-0.001787,0,,,,0,1.445,0.07,-0.07,0,22040.0,11.2546,-11.2546,0,16.6553,0.950689,-0.950689,0,21.4281,,,,599.0,,,,6.9887,0.006,-0.006,0,32.6024,0.09845,-0.09845,0,5212.0,110.6,-110.6,0,4.3,0.08,-0.08,0,1.11,0.06,-0.06,0,2021-05-06 23:22:42,2022-04-19 12:02:07
2672.01,129372561,APC,07h55m35.4s,118.897492,-25d51m55.66s,-25.86546,-1.358,0.07,-0.07,0.0,0.218,0.079,-0.079,0.0,2460698.460263,0.001991,-0.001991,0,10.7189647,5.65e-05,-5.65e-05,0,3.9269424,0.1476797,-0.1476797,0,7404.3059814,390.88,-390.88,0,22.4497849,4.4129305,-4.4129305,0,1054.2812693,,,,1453.3120426,,,,10.6734,0.007,-0.007,0,625.01,20.493,-20.493,0,7830.0,132.4,-132.4,0,4.07,0.08,-0.08,0,2.0715599,0.090736,-0.090736,0,2021-05-20 00:31:30,2025-07-10 10:08:01
2674.01,434496663,APC,11h32m05.99s,173.024957,-20d37m57.49s,-20.632635,9.69,0.078,-0.078,0.0,-30.776,0.047,-0.047,0.0,2459291.690613,0.000802,-0.000802,0,7.2972359,1.26e-05,-1.26e-05,0,0.827,0.058,-0.058,0,3780.0,3.15282,-3.15282,0,13.2402,0.733716,-0.733716,0,14.5303,,,,543.0,,,,10.185,0.006,-0.006,0,370.146,6.0165,-6.0165,0,6433.0,134.9,-134.9,0,3.91,0.09,-0.09,0,2.1,0.1,-0.1,0,2021-05-27 20:42:11,2022-03-23 12:02:08
2694.01,146467673,APC,05h04m19.95s,76.083135,-20d43m32.74s,-20.725762,,,,,,,,,2459198.068832,0.001409,-0.001409,0,1.6375324,4.4e-06,-4.4e-06,0,1.665,0.15,-0.15,0,11120.0,11.8014,-11.8014,0,,,,0,437.581,,,,1274.0,,,,12.575,0.019,-0.019,0,451.486,,,0,5095.6,1104.7,-1104.7,0,,,,0,,,,0,2021-06-03 21:39:00,2024-08-22 10:08:01
2695.01,140284353,APC,05h41m15.44s,85.314319,-34d49m55.91s,-34.832198,-8.752,3.188,-3.188,0.0,4.303,3.188,-3.188,0.0,2459226.435976,0.000758,-0.000758,0,0.5566811,8e-07,-8e-07,0,0.473,0.158,-0.158,0,3250.0,63.4275,-63.4275,0,13.2433,1.91906,-1.91906,0,634.993,,,,1398.0,,,,13.0494,0.006,-0.006,0,,,,0,5200.0,234.9,-234.9,0,,,,0,1.7,0.16,-0.16,0,2021-06-03 21:39:00,2024-08-22 10:08:01
271.01,259511357,APC,04h43m06.12s,70.775511,-50d13m10.12s,-50.219478,49.228,0.104,-0.104,0.0,49.976,0.142,-0.142,0.0,2460984.491087,0.000966,-0.000966,0,2.475987,1.5e-06,-1.5e-06,0,0.8790371,0.2198516,-0.2198516,0,471.687985,26.9695525,-26.9695525,0,3.2031207,0.1492875,-0.1492875,0,568.8898704,,,,1360.5834688,,,,8.4332,0.007,-0.007,0,100.245,0.62765,-0.62765,0,6025.0,192.0,-192.0,0,4.33135,0.387055,-0.387055,0,1.33012,,,0,2019-05-17 18:40:33,2026-02-18 10:08:02
2725.01,100780304,APC,05h54m36.28s,88.651171,-31d51m34.62s,-31.859618,19.141,0.034,-0.034,0.0,-15.453,0.042,-0.042,0.0,2459227.295588,0.000866,-0.000866,0,0.1846924,4e-07,-4e-07,0,0.386,0.1,-0.1,0,1390.0,19.5854,-19.5854,0,4.10645,0.480583,-0.480583,0,7063.84,,,,2554.0,,,,12.058,0.006,-0.006,0,341.371,2.5855,-2.5855,0,5958.8,125.3,-125.3,0,4.57,0.08,-0.08,0,0.9,0.04,-0.04,0,2021-06-03 22:07:19,2024-08-22 10:08:01
2740.01,301281965,APC,06h41m02.53s,100.260562,+02d20m57.4s,2.349279,1.735,0.083,-0.083,0.0,12.616,0.088,-0.088,0.0,2459212.462934,0.001698,-0.001698,0,0.5348968,1.7e-06,-1.7e-06,0,0.504,0.115,-0.115,0,6240.0,85.1396,-85.1396,0,5.99059,,,0,518.242,,,,1329.0,,,,13.2633,0.006,-0.006,0,314.782,5.193,-5.193,0,5414.2,190.3,-190.3,0,4.88,,,0,0.58,,,0,2021-06-03 22:07:21,2024-08-22 10:08:01
2745.01,237770757,APC,06h57m30.66s,104.377746,+03d59m38.53s,3.994035,-1.8,1.9,-1.9,0.0,-4.4,2.0,-2.0,0.0,2459211.945554,0.000559,-0.000559,0,1.7932884,1.8e-06,-1.8e-06,0,3.299,0.092,-0.092,0,16170.0,1.29029,-1.29029,0,22.7665,,,0,5108.84,,,,,,,,11.9685,0.006,-0.006,0,744.184,,,0,7122.0,,,0,,,,0,1.74,,,0,2021-06-03 22:07:21,2025-01-08 12:03:11
2747.01,237632488,APC,06h54m00.86s,103.503578,+04d17m36.9s,4.293583,-1.638,0.043,-0.043,0.0,-6.889,0.043,-0.043,0.0,2459212.781596,0.001097,-0.001097,0,0.5209929,1.1e-06,-1.1e-06,0,1.101,0.139,-0.139,0,8570.0,11.0598,-11.0598,0,18.4513,1.36786,-1.36786,0,4262.45,,,,2251.0,,,,12.8494,0.019,-0.019,0,995.15,24.603,-24.603,0,6116.2,113.7,-113.7,0,3.89,0.09,-0.09,0,2.01,0.13,-0.13,0,2021-06-03 22:07:22,2024-08-22 10:08:01
275.01,373844472,APC,05h26m04s,81.516646,-67d13m57.98s,-67.232772,-18.728,0.125,-0.125,0.0,52.948,0.135,-0.135,0.0,2460041.96466,0.00028,-0.00028,0,0.9195617,1e-07,-1e-07,0,1.153,0.074,-0.074,0,9180.0,1.95528,-1.95528,0,8.69931,0.465182,-0.465182,0,2224.03,,,,1913.0,,,,11.0611,0.006,-0.006,0,144.866,1.3165,-1.3165,0,5616.0,187.0,-187.0,0,4.3762,2.00392,-2.00392,0,0.82,0.04,-0.04,0,2018-12-04 21:48:48,2023-08-10 16:02:02
2756.01,147437399,APC,06h59m37.49s,104.906202,-17d24m17.25s,-17.404791,-0.518,0.081,-0.081,0.0,1.15,0.076,-0.076,0.0,2459224.754225,0.001735,-0.001735,0,1.5622382,4.6e-06,-4.6e-06,0,1.676,0.194,-0.194,0,3230.0,3.6341,-3.6341,0,18.0467,,,0,449.217,,,,1282.0,,,,12.2592,0.041,-0.041,0,768.897,34.232,-34.232,0,4801.0,122.0,-122.0,0,,,,0,3.08,,,0,2021-06-03 22:07:23,2024-11-15 12:02:56
2762.01,79431527,APC,06h56m58.65s,104.244375,-19d41m01.21s,-19.683669,4.224,0.046,-0.046,0.0,-16.72,0.045,-0.045,0.0,2459220.661425,0.000965,-0.000965,0,3.9072351,7.3e-06,-7.3e-06,0,3.366,0.071,-0.071,0,14650.0,2.15755,-2.15755,0,13.9055,0.689215,-0.689215,0,676.473,,,,1420.0,,,,12.4325,0.015,-0.015,0,522.789,9.003,-9.003,0,6294.0,147.1,-147.1,0,4.42,0.09,-0.09,0,1.13,0.05,-0.05,0,2021-06-03 22:07:24,2024-08-22 10:08:01
2766.01,284288093,APC,07h06m31.48s,106.631185,-53d32m04.85s,-53.534681,-2.2,3.4,-3.4,0.0,-3.4,3.1,-3.1,0.0,2459301.36904,0.000418,-0.000418,0,7.2748135,5.5e-06,-5.5e-06,0,3.779,0.054,-0.054,0,15010.0,0.809741,-0.809741,0,17.4324,,,0,255.021,,,,,,,,11.7351,0.006,-0.006,0,453.429,,,0,6792.7,280.2,-280.2,0,4.24,2.01,-2.01,0,1.4,,,0,2021-06-03 22:07:24,2024-08-22 10:08:01
2773.01,420962989,APC,05h28m19.97s,82.08319,-19d37m17.39s,-19.621497,2.181,0.027,-0.027,0.0,3.082,0.039,-0.039,0.0,2459199.858678,0.001903,-0.001903,0,0.5993364,2.1e-06,-2.1e-06,0,1.024,0.162,-0.162,0,2180.0,5.61814,-5.61814,0,14.3367,1.08827,-1.08827,0,3334.9,,,,2117.0,,,,12.993,0.009,-0.009,0,1695.32,53.005,-53.005,0,6232.0,134.4,-134.4,0,3.62,0.09,-0.09,0,2.81,0.16,-0.16,0,2021-06-03 22:07:25,2024-08-22 10:08:01
2819.01,387275908,APC,07h19m08.13s,109.783871,+12d46m36.7s,12.776861,4.882,0.058,-0.058,0.0,-10.836,0.053,-0.053,0.0,2460236.732778,0.000967,-0.000967,0,4.3905983,0.0001447,-0.0001447,0,2.3792658,0.0730273,-0.0730273,0,8720.9304105,263.7681,-263.7681,0,25.8544805,8.15119,-8.15119,0,1634.3910274,,,,1621.6560323,,,,11.6805,0.007,-0.007,0,655.523,13.9135,-13.9135,0,5796.0,115.2,-115.2,0,4.12,0.07,-0.07,0,1.96701,0.0918994,-0.0918994,0,2021-06-04 00:47:24,2025-04-17 16:00:02
2830.01,307456716,APC,08h17m23.23s,124.346776,-17d29m37.51s,-17.493754,-28.0,4.5,-4.5,0.0,-8.2,4.7,-4.7,0.0,2459251.243306,0.003971,-0.003971,0,4.2555436,2.84e-05,-2.84e-05,0,5.058,0.46,-0.46,0,2410.0,2.1524,-2.1524,0,8.01392,,,0,2367.92,,,,,,,,11.8365,0.007,-0.007,0,566.013,,,0,6053.1,593.2,-593.2,0,4.17,1.77,-1.77,0,1.68,,,0,2021-06-04 00:47:26,2024-08-22 10:08:01
2837.01,238020894,APC,06h52m00.33s,103.00138,-49d33m42.06s,-49.561684,-4.442,3.116,-3.116,0.0,4.646,3.117,-3.117,0.0,2459963.650509,0.001175,-0.001175,0,0.8602467,7.23e-05,-7.23e-05,0,1.5314093,0.0927094,-0.0927094,0,14559.4590959,787.4255,-787.4255,0,,,,0,3188.0516635,,,,1916.4658605,,,,13.5012,0.006,-0.006,0,,,,0,4841.5,202.0,-202.0,0,,,,0,,,,0,2021-06-04 00:47:27,2024-09-06 10:08:02
2857.01,419148828,APC,08h02m27.49s,120.614522,-35d29m08.55s,-35.485708,0.887,0.036,-0.036,0.0,2.793,0.042,-0.042,0.0,2459962.905816,0.002518,-0.002518,0,0.6216031,0.0001083,-0.0001083,0,1.1570716,0.1381888,-0.1381888,0,2344.6249758,363.59625,-363.59625,0,8.6439547,0.9599996,-0.9599996,0,26805.6102003,,,,3263.4440702,,,,12.4644,0.007,-0.007,0,802.97,16.0935,-16.0935,0,8038.0,141.3,-141.3,0,4.37,0.08,-0.08,0,1.50848,0.0535025,-0.0535025,0,2021-06-04 00:47:30,2024-09-07 10:08:02
293.01,355637190,APC,23h52m37.09s,358.154531,-54d28m08.18s,-54.468938,10.067,0.052,-0.052,0.0,-18.873,0.061,-0.061,0.0,2459109.911388,0.00042,-0.00042,0,0.8054361,6e-07,-6e-07,0,1.06,0.171,-0.171,0,2980.0,3.70654,-3.70654,0,8.06243,0.509925,-0.509925,0,2752.55,,,,2017.0,,,,11.024,0.006,-0.006,0,336.367,4.922,-4.922,0,5905.0,456.4,-456.4,0,4.13,0.69,-0.69,0,1.4,0.07,-0.07,0,2018-12-20 19:43:30,2022-03-29 16:02:01
2941.01,4729001,APC,09h25m41.94s,141.424753,-41d45m46.14s,-41.762818,,,,,,,,,2459988.563332,0.00119,-0.00119,0,0.7127815,1.2e-06,-1.2e-06,0,1.154,0.096,-0.096,0,26500.0,20.1871,-20.1871,0,16.3576,1.62054,-1.62054,0,1485.48,,,,1729.0,,,,12.6858,0.006,-0.006,0,483.964,,,0,5625.4,268.8,-268.8,0,,,,0,0.98,0.09,-0.09,0,2021-06-04 01:29:30,2024-08-22 10:08:01
298.01,206686292,APC,22h56m14.57s,344.060721,-34d21m39.98s,-34.361106,6.425,0.047,-0.047,0.0,1.438,0.041,-0.041,0.0,2459062.561712,0.000493,-0.000493,0,1.3287182,2.7e-06,-2.7e-06,0,1.7017624,0.074926,-0.074926,0,9179.5074187,421.9412,-421.9412,0,21.995993,8.590606,-8.590606,0,6094.3649753,,,,2253.470434,,,,12.7602,0.006,-0.006,0,957.936,23.873,-23.873,0,6273.0,134.7,-134.7,0,4.08,0.08,-0.08,0,1.67606,0.0840226,-0.0840226,0,2018-12-20 19:43:30,2024-09-19 10:08:01
2984.01,168405330,APC,11h06m08.37s,166.534888,-25d00m53.38s,-25.014827,24.824,0.054,-0.054,0.0,-66.034,0.041,-0.041,0.0,2459303.209992,0.000548,-0.000548,0,9.162268,8.2e-06,-8.2e-06,0,2.067,0.149,-0.149,0,20340.0,19.5479,-19.5479,0,11.8107,0.824162,-0.824162,0,34.4415,,,,674.0,,,,11.9316,0.007,-0.007,0,187.506,1.0795,-1.0795,0,4935.8,113.1,-113.1,0,4.59,0.08,-0.08,0,0.75,0.05,-0.05,0,2021-06-04 01:29:38,2025-04-26 12:03:08
3033.01,398725538,APC,10h47m48.74s,161.953093,-68d09m03.37s,-68.150937,-15.242,0.03,-0.03,0.0,-10.174,0.028,-0.028,0.0,2458622.814434,0.00084,-0.00084,0,3.9982381,0.0001275,-0.0001275,0,2.867,0.117,-0.117,0,53030.0,16.3023,-16.3023,0,20.4596,,,0,235.437,,,,1091.0,,,,13.5836,0.006,-0.006,0,549.708,5.342,-5.342,0,5509.0,123.0,-123.0,0,4.53,,,0,0.88,,,0,2021-06-04 01:36:25,2024-08-22 10:08:01
3057.01,67622702,APC,12h09m03.32s,182.263818,-55d23m40.34s,-55.394539,-9.067,0.045,-0.045,0.0,-1.21,0.035,-0.035,0.0,2459332.096631,0.001545,-0.001545,0,0.58007,1.5e-06,-1.5e-06,0,1.338,0.155,-0.155,0,16320.0,19.0318,-19.0318,0,16.4382,,,0,7501.75,,,,2592.0,,,,13.4444,0.006,-0.006,0,1034.65,32.65,-32.65,0,6875.0,122.0,-122.0,0,4.37,,,0,1.33,,,0,2021-06-04 01:36:28,2024-08-22 10:08:01
3067.01,459157691,APC,10h47m47.84s,161.949345,-59d01m59.46s,-59.033182,-7.222,0.048,-0.048,0.0,0.753,0.047,-0.047,0.0,2459317.659383,0.002146,-0.002146,0,7.4365725,4.21e-05,-4.21e-05,0,2.774,0.87,-0.87,0,5020.0,20.1115,-20.1115,0,17.5053,1.39843,-1.39843,0,1178.73,,,,1632.0,,,,11.686,0.006,-0.006,0,1269.3,49.52,-49.52,0,9230.0,175.8,-175.8,0,4.09,0.07,-0.07,0,2.29,0.11,-0.11,0,2021-06-04 01:36:30,2024-08-22 10:08:01
308.01,281710229,APC,00h45m56.33s,11.484724,-55d55m21.58s,-55.922662,10.655,3.447,-3.447,0.0,-11.213,3.447,-3.447,0.0,2459108.717597,0.000438,-0.000438,0,8.3092965,7e-06,-7e-06,0,2.201,0.116,-0.116,0,17010.0,371.489,-371.489,0,14.2736,2.39114,-2.39114,0,52.7075,,,,750.0,,,,11.7628,0.006,-0.006,0,,,,0,4801.3,259.3,-259.3,0,,,,0,0.85,0.09,-0.09,0,2018-12-20 19:43:30,2022-03-29 16:02:01
311.01,434105231,APC,23h37m20.59s,354.335773,-13d27m20.86s,-13.455795,52.969,0.052,-0.052,0.0,-30.645,0.043,-0.043,0.0,2459448.318374,0.000145,-0.000145,0,0.7963207,1.4e-06,-1.4e-06,0,1.1937665,0.0233787,-0.0233787,0,20952.5433734,339.3386,-339.3386,0,14.7353823,1.5606469,-1.5606469,0,1022.6765834,,,,1442.2957625,,,,12.9517,0.006,-0.006,0,232.861,1.881,-1.881,0,4062.7,135.5,-135.5,0,4.61,0.23,-0.23,0,0.95,0.1,-0.1,0,2018-12-20 19:43:30,2026-01-10 10:08:01
312.01,180145006,APC,00h58m05.6s,14.523332,-37d56m33.21s,-37.942558,7.102,0.05,-0.05,0.0,-6.082,0.043,-0.043,0.0,2459090.600097,0.001253,-0.001253,0,3.541231,7.6e-06,-7.6e-06,0,2.4849489,0.1246738,-0.1246738,0,5029.7368715,266.67444,-266.67444,0,10.6621914,0.6944767,-0.6944767,0,765.9360296,,,,1341.7384775,,,,12.2607,0.006,-0.006,0,506.715,9.7745,-9.7745,0,5755.0,126.7,-126.7,0,4.23,0.08,-0.08,0,1.28259,0.0676131,-0.0676131,0,2018-12-20 19:43:30,2024-09-19 10:08:01
3123.01,60768923,APC,14h04m52.26s,211.217739,-29d56m51.93s,-29.947758,-21.885,0.091,-0.091,0.0,1.332,0.081,-0.081,0.0,2459359.165583,0.000729,-0.000729,0,1.8703411,2.8e-06,-2.8e-06,0,2.134,0.181,-0.181,0,9570.0,18.1327,-18.1327,0,18.6634,1.1612,-1.1612,0,3374.5,,,,2123.0,,,,11.099,0.009,-0.009,0,450.78,9.348,-9.348,0,6368.0,130.6,-130.6,0,4.08,0.09,-0.09,0,1.7,0.08,-0.08,0,2021-06-04 13:54:13,2024-08-22 10:08:01
3127.01,17361,APC,14h37m20.7s,219.336233,-24d57m30.68s,-24.958522,-18.45,0.054,-0.054,0.0,-9.49,0.05,-0.05,0.0,2459357.945764,0.00042,-0.00042,0,3.606557,3.1e-06,-3.1e-06,0,1.878,0.231,-0.231,0,9930.0,2.99205,-2.99205,0,13.2514,0.697727,-0.697727,0,310.789,,,,1169.0,,,,11.342,0.006,-0.006,0,308.901,3.0255,-3.0255,0,5775.3,121.6,-121.6,0,4.25,0.08,-0.08,0,1.26,0.06,-0.06,0,2021-06-04 13:54:14,2024-08-22 10:08:01
3155.01,457272901,APC,13h34m07.56s,203.531487,-59d34m32.19s,-59.575607,-29.884,0.027,-0.027,0.0,2.29,0.039,-0.039,0.0,2459355.282092,0.000679,-0.000679,0,4.6492201,9.3e-06,-9.3e-06,0,1.143,0.087,-0.087,0,7880.0,6.22606,-6.22606,0,8.96002,0.602164,-0.602164,0,26.3101,,,,630.0,,,,11.6104,0.006,-0.006,0,201.727,1.1305,-1.1305,0,5110.0,128.4,-128.4,0,4.44,0.09,-0.09,0,0.93,0.06,-0.06,0,2021-06-04 13:54:18,2024-08-22 10:08:01
3156.01,457110913,APC,13h31m41.47s,202.922779,-58d59m53.22s,-58.998117,-11.215,0.023,-0.023,0.0,0.168,0.034,-0.034,0.0,2459359.101067,0.000658,-0.000658,0,0.7463239,1e-06,-1e-06,0,1.49,0.102,-0.102,0,24240.0,756.467,-756.467,0,19.7419,,,0,3197.59,,,,2094.0,,,,13.2294,0.006,-0.006,0,445.1,4.5345,-4.5345,0,5132.0,122.0,-122.0,0,4.34,,,0,1.04,,,0,2021-06-04 13:54:18,2024-08-22 10:08:01
316.01,8988289,APC,23h39m02.2s,354.759157,-09d52m55.28s,-9.882022,-30.127,0.104,-0.104,0.0,16.057,0.088,-0.088,0.0,2458365.98759,9e-05,-9e-05,0,13.32379,,,0,2.561,,,0,95718.1,0.751665,-0.751665,0,28.7396,1.39025,-1.39025,0,12.7172,,,,526.0,,,,13.1186,0.006,-0.006,0,275.027,4.646,-4.646,0,4312.0,103.3,-103.3,0,4.59,0.22,-0.22,0,0.84,0.04,-0.04,0,2018-12-20 19:43:30,2022-07-20 12:03:42
319.01,389753172,APC,23h25m09.78s,351.290752,-47d56m44.15s,-47.945596,-32.589,0.043,-0.043,0.0,-8.129,0.093,-0.093,0.0,2459086.530897,0.000258,-0.000258,0,0.7135373,3e-07,-3e-07,0,0.892,0.038,-0.038,0,18540.0,1897.3,-1897.3,0,16.1586,3.83695,-3.83695,0,667.233,,,,1415.0,,,,12.7464,0.006,-0.006,0,182.561,1.815,-1.815,0,4349.7,128.9,-128.9,0,4.58,0.22,-0.22,0,0.74,0.07,-0.07,0,2018-12-20 19:43:30,2022-03-29 16:02:01
3213.01,314013231,APC,12h16m10.63s,184.044295,-66d03m18.28s,-66.055079,,,,,,,,,2459357.529536,0.001058,-0.001058,0,2.5395579,7.7e-06,-7.7e-06,0,3.082,0.159,-0.159,0,24200.0,12.3007,-12.3007,0,,,,0,199.853,,,,1047.0,,,,13.0427,0.008,-0.008,0,1181.83,,,0,3931.6,225.1,-225.1,0,,,,0,,,,0,2021-06-04 13:54:26,2024-08-22 10:08:01
3233.01,265633507,APC,11h38m16.75s,174.569775,-56d57m45.4s,-56.962612,-8.539,0.053,-0.053,0.0,2.038,0.059,-0.059,0.0,2459331.769405,0.00241,-0.00241,0,0.9787891,4.6e-06,-4.6e-06,0,1.754,0.242,-0.242,0,6770.0,12.2714,-12.2714,0,17.8038,1.35551,-1.35551,0,5251.58,,,,2371.0,,,,12.8299,0.007,-0.007,0,1251.25,64.14,-64.14,0,6959.0,135.0,-135.0,0,3.98,0.1,-0.1,0,2.09,0.13,-0.13,0,2021-06-04 13:54:29,2025-05-16 12:03:36
326.01,144336525,APC,23h44m27.56s,356.11482,-46d51m59.76s,-46.866601,-14.323,0.041,-0.041,0.0,-4.79,0.047,-0.047,0.0,2459061.896703,0.000449,-0.000449,0,0.247325,5.2e-06,-5.2e-06,0,0.913937,0.0530622,-0.0530622,0,2174.148068,166.3695,-166.3695,0,10.7717369,2.5708148,-2.5708148,0,,,,,,,,,11.7549,0.006,-0.006,0,462.239,6.762,-6.762,0,6316.0,152.4,-152.4,0,3.75,0.12,-0.12,0,1.74395,0.098254,-0.098254,0,2018-12-20 19:43:30,2025-08-15 16:00:02
3282.01,219924802,APC,19h54m05.51s,298.522938,-53d22m52.37s,-53.381214,8.125,0.065,-0.065,0.0,-7.296,0.047,-0.047,0.0,2459056.306599,0.001266,-0.001266,0,2.9478339,1.53e-05,-1.53e-05,0,2.205,0.168,-0.168,0,5030.0,1677.88,-1677.88,0,18.9265,6.14706,-6.14706,0,2791.77,,,,2025.0,,,,11.7212,0.006,-0.006,0,470.939,8.2225,-8.2225,0,6296.0,133.6,-133.6,0,4.27,0.09,-0.09,0,1.35,0.07,-0.07,0,2021-06-04 14:05:36,2024-08-22 10:08:01
3302.01,383299778,APC,12h20m31.37s,185.130699,-84d55m00.02s,-84.916673,-13.0,0.045,-0.045,0.0,-9.03,0.04,-0.04,0.0,2460069.672142,0.001831,-0.001831,0,1.5570251,4e-06,-4e-06,0,1.431,0.387,-0.387,0,4220.0,16.8136,-16.8136,0,10.9349,0.887735,-0.887735,0,1213.68,,,,1644.0,,,,12.909,0.006,-0.006,0,705.625,12.7765,-12.7765,0,5590.0,126.5,-126.5,0,4.08,0.08,-0.08,0,1.5,0.08,-0.08,0,2021-06-04 14:05:39,2026-01-25 12:03:44
3308.01,365554300,APC,18h16m11.13s,274.046382,-65d36m29.1s,-65.608083,25.747,3.274,-3.274,0.0,-13.083,3.274,-3.274,0.0,2459388.727307,0.001277,-0.001277,0,0.7614693,1.9e-06,-1.9e-06,0,1.059,0.145,-0.145,0,5980.0,11.4207,-11.4207,0,,,,0,1543.61,,,,1746.0,,,,13.3095,0.006,-0.006,0,,,,0,5813.0,326.7,-326.7,0,,,,0,,,,0,2021-06-04 14:05:40,2024-08-22 10:08:01
3322.01,306357884,APC,17h40m21.02s,265.087598,-63d15m06.79s,-63.251885,1.722,0.078,-0.078,0.0,-11.329,0.096,-0.096,0.0,2459387.911246,0.001236,-0.001236,0,1.0571733,2.4e-06,-2.4e-06,0,1.235,0.258,-0.258,0,2140.0,4.06663,-4.06663,0,12.0066,1.13779,-1.13779,0,2168.84,,,,1901.0,,,,11.5624,0.006,-0.006,0,809.845,57.5345,-57.5345,0,6307.0,130.1,-130.1,0,3.72,0.11,-0.11,0,2.53,0.21,-0.21,0,2021-06-04 14:05:42,2025-10-22 12:03:47
334.01,233964642,APC,02h25m59.69s,36.498718,-63d38m51.39s,-63.647607,-3.306,0.038,-0.038,0.0,-13.937,0.037,-0.037,0.0,2460188.713023,0.000255,-0.000255,0,17.9160113,3.5e-06,-3.5e-06,0,1.889,0.07,-0.07,0,9906.0,690.225,-690.225,0,18.2667,0.987092,-0.987092,0,27.7718,,,,639.0,,,,9.5498,0.006,-0.006,0,199.657,0.8155,-0.8155,0,6090.2,99.1,-99.1,0,4.11,0.31,-0.31,0,1.57,0.07,-0.07,0,2018-09-29 02:24:31,2023-11-16 16:02:02
3340.01,76761591,APC,18h02m54.4s,270.726679,-55d50m30.51s,-55.841807,-12.0,3.6,-3.6,0.0,0.0,3.4,-3.4,0.0,2459376.818774,0.00086,-0.00086,0,11.968028,2.6e-05,-2.6e-05,0,3.925,0.111,-0.111,0,9480.0,929.658,-929.658,0,32.6917,,,0,495.179,,,,,,,,10.9207,0.006,-0.006,0,402.859,,,0,6701.0,,,0,,,,0,1.57,,,0,2021-06-04 14:05:45,2024-08-22 10:08:01
3349.01,50909831,APC,07h15m52.27s,108.967811,-04d14m47.47s,-4.24652,0.296,0.059,-0.059,0.0,2.296,0.06,-0.06,0.0,2459225.652172,0.0013,-0.0013,0,2.0272642,6.4e-06,-6.4e-06,0,0.977,0.242,-0.242,0,4320.0,18.6478,-18.6478,0,13.445,1.05548,-1.05548,0,388.165,,,,1236.0,,,,11.3546,0.006,-0.006,0,574.167,11.7,-11.7,0,6505.5,152.8,-152.8,0,,,,0,1.81,0.08,-0.08,0,2021-06-04 15:10:29,2024-08-22 10:08:01
3360.01,342343963,APC,08h14m42.4s,123.676678,-55d38m33.85s,-55.642735,-10.663,0.066,-0.066,0.0,18.239,0.06,-0.06,0.0,2459296.79959,0.001605,-0.001605,0,16.7375044,5.59e-05,-5.59e-05,0,1.319,0.215,-0.215,0,2570.0,4.32422,-4.32422,0,16.0108,1.01737,-1.01737,0,12.3014,,,,521.0,,,,10.6857,0.006,-0.006,0,564.342,10.632,-10.632,0,6549.0,136.5,-136.5,0,3.62,0.09,-0.09,0,2.97,0.14,-0.14,0,2021-06-15 23:02:45,2022-06-09 12:02:46
3361.01,440324561,APC,09h37m49.45s,144.456031,-59d06m54.31s,-59.115086,-48.692,0.053,-0.053,0.0,20.043,0.049,-0.049,0.0,2459293.124687,0.000518,-0.000518,0,10.5634342,1.26e-05,-1.26e-05,0,1.011,0.111,-0.111,0,11150.0,22.8131,-22.8131,0,12.1545,1.03408,-1.03408,0,3.01202,,,,367.0,,,,10.956,0.006,-0.006,0,136.169,0.522,-0.522,0,4688.0,125.4,-125.4,0,4.33,0.09,-0.09,0,0.99,0.07,-0.07,0,2021-06-15 23:02:45,2022-03-23 12:02:08
3380.01,176148945,APC,08h06m20.58s,121.585737,-22d05m38.66s,-22.094073,-0.4,3.6,-3.6,0.0,8.6,3.8,-3.8,0.0,2459249.847236,0.007539,-0.007539,0,2.0086823,2.42e-05,-2.42e-05,0,1.903,0.412,-0.412,0,1150.0,5.37793,-5.37793,0,7.75485,,,0,3645.6,,,,,,,,11.756,0.006,-0.006,0,1062.66,,,0,8516.0,,,0,,,,0,2.19,,,0,2021-06-16 22:56:24,2024-08-22 10:08:01
3390.01,96055535,APC,09h46m33.92s,146.64134,-08d36m17.27s,-8.604797,-2.871,2.198,-2.198,0.0,10.242,2.198,-2.198,0.0,2459278.561159,0.001347,-0.001347,0,5.4033373,1.51e-05,-1.51e-05,0,1.421,0.147,-0.147,0,14900.0,17.4915,-17.4915,0,18.9875,0.739532,-0.739532,0,26.5343,,,,632.0,,,,13.2958,0.006,-0.006,0,,,,0,4977.7,37.0,-37.0,0,,,,0,1.49,0.02,-0.02,0,2021-06-16 22:56:26,2024-08-22 10:08:01
3430.01,118329434,APC,08h37m47.02s,129.445897,-19d38m04.99s,-19.63472,-3.406,0.047,-0.047,0.0,-4.061,0.041,-0.041,0.0,2459243.222963,0.001538,-0.001538,0,5.0949767,1.53e-05,-1.53e-05,0,4.57,0.168,-0.168,0,4150.0,1.14286,-1.14286,0,15.7588,0.860436,-0.860436,0,915.595,,,,1532.0,,,,11.8807,0.007,-0.007,0,872.374,25.573,-25.573,0,6565.0,248.5,-248.5,0,4.18,1.83,-1.83,0,2.25,0.12,-0.12,0,2021-06-16 22:56:32,2024-08-22 10:08:01
3455.01,358938714,APC,12h01m17.33s,180.322203,-76d23m58.48s,-76.399578,-12.5,0.031,-0.031,0.0,3.685,0.027,-0.027,0.0,2458651.744921,0.002583,-0.002583,0,0.422425,2.95e-05,-2.95e-05,0,0.68,0.159,-0.159,0,4090.0,35.6826,-35.6826,0,8.6772,,,0,1423.41,,,,1711.0,,,,13.3477,0.006,-0.006,0,532.33,4.7775,-4.7775,0,5269.0,122.0,-122.0,0,4.25,,,0,1.18,,,0,2021-06-16 23:32:17,2024-12-18 12:02:56
3487.01,301160638,APC,17h00m27.12s,255.113012,-67d46m51.71s,-67.781031,0.095,0.043,-0.043,0.0,-4.0,0.051,-0.051,0.0,2459378.988034,0.000614,-0.000614,0,16.0085751,0.0008264,-0.0008264,0,4.452,0.129,-0.129,0,14340.0,327.74,-327.74,0,19.3218,2.35152,-2.35152,0,150.886,,,,976.0,,,,10.1862,0.006,-0.006,0,173.108,1.2335,-1.2335,0,5992.0,192.0,-192.0,0,4.34939,0.286664,-0.286664,0,1.08,0.05,-0.05,0,2021-06-16 23:32:22,2024-08-22 10:08:01
350.01,199731190,APC,01h25m10.09s,21.292047,-47d15m46.19s,-47.262831,11.019,0.025,-0.025,0.0,26.953,0.028,-0.028,0.0,2459109.819661,0.001529,-0.001529,0,2.5130547,6.2e-06,-6.2e-06,0,1.796,0.216,-0.216,0,5050.0,545.757,-545.757,0,8.55709,2.22347,-2.22347,0,1258.82,,,,1659.0,,,,12.3856,0.006,-0.006,0,341.681,2.2095,-2.2095,0,5635.0,280.6,-280.6,0,4.41,2.0,-2.0,0,0.85,0.04,-0.04,0,2018-12-20 19:43:30,2022-03-29 16:02:01
3501.01,98957720,APC,12h04m00.19s,181.000805,-28d19m31.25s,-28.325347,-42.517,0.061,-0.061,0.0,-3.516,0.031,-0.031,0.0,2459313.471423,0.000216,-0.000216,0,15.3502505,7.2e-06,-7.2e-06,0,2.87,0.068,-0.068,0,26220.0,82.9622,-82.9622,0,19.2152,1.34199,-1.34199,0,52.6633,,,,750.0,,,,10.7413,0.006,-0.006,0,206.21,1.916,-1.916,0,5782.5,178.7,-178.7,0,3.92,0.12,-0.12,0,1.0,0.05,-0.05,0,2021-06-21 18:48:12,2023-01-25 10:10:01
3511.01,416368336,APC,19h09m06.03s,287.275134,+28d21m45.48s,28.362632,-21.586,0.028,-0.028,0.0,-7.008,0.033,-0.033,0.0,2459794.669721,0.001216,-0.001216,0,1.0848133,2.4e-06,-2.4e-06,0,1.074,0.118,-0.118,0,14120.0,1023.48,-1023.48,0,12.3151,,,0,289.23,,,,1148.0,,,,13.4539,0.01,-0.01,0,427.611,3.8865,-3.8865,0,4670.0,122.0,-122.0,0,4.32,,,0,0.99,,,0,2021-06-23 15:10:47,2024-08-22 10:08:01
352.01,47423120,APC,22h48m16.21s,342.067547,-24d50m19.27s,-24.838685,9.592,0.222,-0.222,0.0,-20.271,0.111,-0.111,0.0,2458356.83006,0.0002,-0.0002,0,11.6235,0.00022,-0.00022,0,2.783,0.142,-0.142,0,44708.7,19.9684,-19.9684,0,20.7208,1.02159,-1.02159,0,31.7369,,,,661.0,,,,11.014,0.007,-0.007,0,183.391,2.38,-2.38,0,5518.0,125.0,-125.0,0,4.34,2.0,-2.0,0,0.89,0.04,-0.04,0,2018-12-20 19:43:30,2021-12-06 16:02:02
3530.01,64214215,APC,20h36m20.07s,309.083635,+38d54m59.24s,38.916455,-0.582,0.048,-0.048,0.0,-2.352,0.047,-0.047,0.0,2459823.602847,0.001575,-0.001575,0,1.3570332,3.1e-06,-3.1e-06,0,1.161,0.141,-0.141,0,2150.0,159.206,-159.206,0,,,,0,13694.3,,,,3013.0,,,,11.4204,0.047,-0.047,0,897.453,24.624,-24.624,0,12679.0,131.0,-131.0,0,,,,0,,,,0,2021-06-23 15:11:38,2024-08-22 10:08:01
3531.01,316038054,APC,21h25m30.6s,321.377492,+55d43m22.57s,55.722936,-17.395,0.1,-0.1,0.0,-15.802,0.065,-0.065,0.0,2459825.332652,0.000336,-0.000336,0,3.8099858,4.26e-05,-4.26e-05,0,4.3118658,0.024513,-0.024513,0,13073.8770598,71.76896,-71.76896,0,18.6054746,0.8436267,-0.8436267,0,1563.275145,,,,1603.7202215,,,,10.711,0.006,-0.006,0,360.072,6.0195,-6.0195,0,6674.0,343.5,-343.5,0,4.19,0.1,-0.1,0,1.58842,0.0715879,-0.0715879,0,2021-06-23 15:11:38,2024-09-08 10:08:02
354.01,100097716,APC,01h36m11.49s,24.047859,-42d18m13.34s,-42.303706,24.819,0.076,-0.076,0.0,14.274,0.082,-0.082,0.0,2459140.430589,0.000353,-0.000353,0,3.0002084,2.2e-06,-2.2e-06,0,1.7,0.075,-0.075,0,8545.0,1478.81,-1478.81,0,25.2021,6.12219,-6.12219,0,777.419,,,,1471.0,,,,11.3534,0.006,-0.006,0,366.824,8.772,-8.772,0,5767.0,121.0,-121.0,0,4.15,0.08,-0.08,0,1.41,0.07,-0.07,0,2018-12-20 19:43:30,2022-10-20 16:02:02
355.01,183593642,APC,01h11m33.17s,17.888208,-36d42m32.83s,-36.709119,35.519,0.087,-0.087,0.0,-4.763,0.082,-0.082,0.0,2459088.429624,0.000578,-0.000578,0,1.0372587,6.7e-06,-6.7e-06,0,0.9802399,0.2267525,-0.2267525,0,1097.7645947,61.733967,-61.733967,0,4.6818337,1.5370997,-1.5370997,0,4759.9649159,,,,2118.4620452,,,,10.9767,0.006,-0.006,0,313.032,5.496,-5.496,0,6049.0,134.5,-134.5,0,4.25,0.08,-0.08,0,1.3164999,0.0655226,-0.0655226,0,2018-12-20 19:43:30,2024-09-19 10:08:01
3552.01,247283054,APC,20h58m10.88s,314.545327,+25d53m54.49s,25.898469,13.579,0.062,-0.062,0.0,4.387,0.059,-0.059,0.0,2459823.79589,0.001534,-0.001534,0,0.9277787,2.2e-06,-2.2e-06,0,0.997,0.166,-0.166,0,3020.0,261.475,-261.475,0,13.2413,4.36256,-4.36256,0,1195.25,,,,1638.0,,,,12.2196,0.01,-0.01,0,885.672,33.0135,-33.0135,0,6123.0,131.2,-131.2,0,3.74,0.09,-0.09,0,2.42,0.14,-0.14,0,2021-06-23 15:11:41,2026-01-19 12:03:50
3556.01,230840853,APC,20h50m08.86s,312.536937,+29d59m00.66s,29.983516,-1.118,0.025,-0.025,0.0,-0.454,0.028,-0.028,0.0,2459823.668611,0.001348,-0.001348,0,4.118418,9.3e-06,-9.3e-06,0,2.232,0.238,-0.238,0,13140.0,744.618,-744.618,0,17.7065,4.58102,-4.58102,0,320.761,,,,1178.0,,,,12.7054,0.008,-0.008,0,795.26,11.066,-11.066,0,6374.0,131.8,-131.8,0,4.19,0.08,-0.08,0,1.5,0.07,-0.07,0,2021-06-23 15:11:42,2024-08-22 10:08:01
3590.01,236638487,APC,21h57m07.03s,329.279291,+31d27m10.7s,31.452973,-9.4,0.098,-0.098,0.0,-6.053,0.071,-0.071,0.0,2459848.889625,0.001234,-0.001234,0,4.4064273,7.4e-06,-7.4e-06,0,1.422,0.324,-0.324,0,5280.0,396.915,-396.915,0,14.7596,1.05284,-1.05284,0,155.508,,,,983.0,,,,12.3705,0.007,-0.007,0,911.211,36.824,-36.824,0,6592.0,121.6,-121.6,0,4.04,0.1,-0.1,0,1.86,0.11,-0.11,0,2021-06-23 15:13:17,2024-08-22 10:08:01
361.01,144276942,APC,23h35m36.88s,353.903687,-44d48m31.71s,-44.808809,-65.393,0.044,-0.044,0.0,3.159,0.055,-0.055,0.0,2459062.236399,0.001417,-0.001417,0,1.5351652,7.39e-05,-7.39e-05,0,0.9492628,0.1226027,-0.1226027,0,2977.6306495,249.71916,-249.71916,0,6.8350786,14.089044,-14.089044,0,277.5151143,,,,1040.9776611,,,,11.9699,0.006,-0.006,0,123.083,0.617,-0.617,0,4215.0,87.4,-87.4,0,4.59,0.22,-0.22,0,0.744573,0.0762965,-0.0762965,0,2018-12-20 19:43:30,2021-11-12 16:02:01
363.01,262530780,APC,01h22m11.34s,20.547265,-44d51m43.73s,-44.862146,-3.498,0.021,-0.021,0.0,-43.896,0.024,-0.024,0.0,2458361.87743,0.00184,-0.00184,0,8.22388,2e-05,-2e-05,0,1.834,0.267,-0.267,0,16190.0,15.759,-15.759,0,12.4698,0.873927,-0.873927,0,24.2523,,,,618.0,,,,12.9465,0.006,-0.006,0,440.102,3.36,-3.36,0,5177.0,130.0,-130.0,0,4.39,0.09,-0.09,0,0.99,0.06,-0.06,0,2018-12-20 19:43:30,2021-10-29 12:59:15
365.01,118586896,APC,00h43m41.37s,10.922368,-38d02m35.57s,-38.043213,12.306,0.036,-0.036,0.0,-10.616,0.029,-0.029,0.0,2459104.69905,0.00107,-0.00107,0,12.11028,3e-05,-3e-05,0,3.335,0.125,-0.125,0,35060.0,1450.26,-1450.26,0,34.1747,,,0,89.3226,,,,856.0,,,,13.2642,0.006,-0.006,0,821.517,20.972,-20.972,0,5808.0,122.0,-122.0,0,4.23,,,0,1.29,,,0,2018-12-20 19:43:30,2022-07-11 16:02:02
3654.01,396556650,APC,02h37m25.69s,39.357061,+42d58m16.4s,42.971222,5.038,0.118,-0.118,0.0,-1.763,0.109,-0.109,0.0,2458814.364165,0.003659,-0.003659,0,2.277182,0.0006275,-0.0006275,0,1.675,0.289,-0.289,0,5220.0,11.5905,-11.5905,0,8.26117,0.726829,-0.726829,0,394.584,,,,1241.0,,,,12.7096,0.007,-0.007,0,500.459,23.138,-23.138,0,5622.0,127.6,-127.6,0,4.34,0.09,-0.09,0,1.12,0.08,-0.08,0,2021-06-23 15:17:47,2026-01-25 12:03:44
3655.01,94609570,APC,03h58m34.46s,59.643577,+30d51m58.91s,30.866365,-8.887,2.197,-2.197,0.0,-2.475,2.197,-2.197,0.0,2459519.849061,0.00066,-0.00066,0,3.3325651,6.4e-06,-6.4e-06,0,2.146,0.155,-0.155,0,12600.0,1700.04,-1700.04,0,24.4764,,,0,1100.44,,,,,,,,12.1904,0.006,-0.006,0,535.52,,,0,6229.9,,,0,,,,0,1.5,,,0,2021-06-23 15:17:48,2024-08-22 10:08:01
3680.01,311703724,APC,00h38m34.76s,9.644817,+54d34m03.17s,54.567547,-3.393,0.147,-0.147,0.0,-0.77,0.128,-0.128,0.0,2459909.677229,0.000734,-0.000734,0,1.7054246,2.3e-06,-2.3e-06,0,1.021,0.221,-0.221,0,3781.0,273.924,-273.924,0,14.1638,1.39916,-1.39916,0,437.196,,,,1273.0,,,,11.3584,0.014,-0.014,0,604.837,47.5065,-47.5065,0,6304.0,146.8,-146.8,0,3.83,0.11,-0.11,0,2.24,0.2,-0.2,0,2021-06-23 15:17:51,2024-08-22 10:08:01
3695.01,203096531,APC,02h33m02.38s,38.259928,+45d17m08.9s,45.285806,2.233,0.05,-0.05,0.0,-2.712,0.055,-0.055,0.0,2459909.754431,0.001864,-0.001864,0,0.6041576,1.5e-06,-1.5e-06,0,1.426,0.497,-0.497,0,4997.0,12777.1,-12777.1,0,28.9099,,,0,23230.2,,,,3439.0,,,,13.3968,0.008,-0.008,0,1431.98,73.105,-73.105,0,6231.0,122.0,-122.0,0,3.93,,,0,1.97,,,0,2021-06-23 15:17:53,2024-09-07 10:08:02
3697.01,470783598,APC,01h32m10.28s,23.042846,+54d16m34.65s,54.276292,16.814,0.162,-0.162,0.0,-5.48,0.115,-0.115,0.0,2459894.131358,0.00093,-0.00093,0,9.9441709,1.56e-05,-1.56e-05,0,2.698,0.591,-0.591,0,15252.0,12925.0,-12925.0,0,22.7702,6.55707,-6.55707,0,91.5833,,,,861.0,,,,11.7635,0.006,-0.006,0,350.16,10.0015,-10.0015,0,5252.0,129.3,-129.3,0,4.12,0.09,-0.09,0,1.37,0.09,-0.09,0,2021-06-23 15:17:53,2024-09-07 10:08:02
3717.01,348099535,APC,04h39m51.83s,69.965956,+46d40m10s,46.669445,0.712,0.096,-0.096,0.0,0.494,0.087,-0.087,0.0,2458823.030985,0.00666,-0.00666,0,10.1182835,0.0055293,-0.0055293,0,2.645,0.604,-0.604,0,3120.0,13.3462,-13.3462,0,10.4862,0.880676,-0.880676,0,147.401,,,,970.0,,,,11.5813,0.015,-0.015,0,505.231,15.077,-15.077,0,7253.0,164.5,-164.5,0,4.13,0.09,-0.09,0,1.82,0.09,-0.09,0,2021-06-23 15:18:25,2024-08-22 10:08:01
372.01,441075486,APC,23h59m02.18s,359.759069,-15d36m43.28s,-15.612021,11.936,1.138,-1.138,0.0,-3.979,1.028,-1.028,0.0,2459112.07285,0.000279,-0.000279,0,1.1202752,6e-07,-6e-07,0,2.095,0.056,-0.056,0,17470.0,430.017,-430.017,0,17.524,,,0,4430.07,,,,,,,,12.0312,0.006,-0.006,0,340.037,,,0,5769.7,78.5,-78.5,0,4.42,2.0,-2.0,0,0.99,,,0,2018-12-20 19:43:30,2022-03-29 16:02:01
3731.01,115457180,APC,05h35m33.87s,83.891112,+31d09m52.37s,31.164547,5.4,3.7,-3.7,0.0,-12.4,3.7,-3.7,0.0,2459911.966229,0.00216,-0.00216,0,5.6619072,1.59e-05,-1.59e-05,0,2.149,0.39,-0.39,0,4350.0,66.76,-66.76,0,10.5138,,,0,518.945,,,,,,,,11.0131,0.009,-0.009,0,300.021,,,0,6294.0,,,0,,,,0,1.37,,,0,2021-06-23 15:18:27,2024-08-22 10:08:01
3756.01,67300566,APC,05h34m36.72s,83.653007,+36d56m22.65s,36.939626,-1.752,0.079,-0.079,0.0,-14.559,0.059,-0.059,0.0,2459912.449974,0.000978,-0.000978,0,4.4236732,0.0002957,-0.0002957,0,1.4711492,0.0549609,-0.0549609,0,10682.1531772,462.94644,-462.94644,0,12.6262986,0.7520286,-0.7520286,0,457.5894483,,,,1179.6108266,,,,11.5552,0.006,-0.006,0,327.13,4.8355,-4.8355,0,6096.0,108.2,-108.2,0,4.44,0.08,-0.08,0,1.06163,0.0532262,-0.0532262,0,2021-06-23 15:18:31,2024-09-08 10:08:02
3760.01,440186528,APC,05h50m35.02s,87.645924,+44d41m13.97s,44.687214,,,,,,,,,2458840.868452,0.002291,-0.002291,0,0.5318566,8.45e-05,-8.45e-05,0,0.955,0.321,-0.321,0,15890.0,1337.49,-1337.49,0,,,,0,2027.68,,,,1869.0,,,,13.0123,0.007,-0.007,0,,,,0,4852.0,249.9,-249.9,0,,,,0,,,,0,2021-06-23 15:18:31,2024-08-22 10:08:01
3770.01,8621049,APC,04h25m31.56s,66.381511,+57d48m22.02s,57.806118,-3.925,0.04,-0.04,0.0,-3.269,0.034,-0.034,0.0,2458840.119677,0.005423,-0.005423,0,0.9183768,0.000376,-0.000376,0,1.009,0.361,-0.361,0,6480.0,109.64,-109.64,0,7.7093,,,0,660.579,,,,1412.0,,,,13.4706,0.006,-0.006,0,462.312,6.36,-6.36,0,5176.0,122.0,-122.0,0,4.47,,,0,0.9,,,0,2021-06-23 15:18:33,2025-11-08 12:04:05
3776.01,68388114,APC,06h51m18.63s,102.827625,+33d32m44.08s,33.545577,-7.694,2.245,-2.245,0.0,-14.871,2.251,-2.251,0.0,2459548.392348,0.000924,-0.000924,0,1.3312309,3.6e-06,-3.6e-06,0,1.396,0.121,-0.121,0,7150.0,3567.54,-3567.54,0,12.5661,4.4707,-4.4707,0,1975.12,,,,1857.0,,,,12.9076,0.014,-0.014,0,,,,0,5247.2,44.8,-44.8,0,,,,0,0.66,0.06,-0.06,0,2021-06-23 15:20:10,2024-08-22 10:08:01
3782.01,396813816,APC,06h34m09.28s,98.538646,+66d38m04.79s,66.634664,-0.026,0.031,-0.031,0.0,4.019,0.038,-0.038,0.0,2458864.19712,0.00218,-0.00218,0,10.3918699,0.0008908,-0.0008908,0,1.167,0.283,-0.283,0,4800.0,13.8478,-13.8478,0,13.0244,0.93108,-0.93108,0,20.6991,,,,594.0,,,,12.0149,0.009,-0.009,0,707.148,14.087,-14.087,0,6683.0,129.9,-129.9,0,4.13,0.09,-0.09,0,1.69,0.08,-0.08,0,2021-06-23 15:20:11,2024-08-22 10:08:01
3786.01,321250206,APC,06h20m29.07s,95.121127,+58d05m39.11s,58.094196,7.746,0.055,-0.055,0.0,-12.047,0.05,-0.05,0.0,2458865.144467,0.003398,-0.003398,0,2.1040634,0.0005391,-0.0005391,0,1.38,0.313,-0.313,0,3200.0,1443.79,-1443.79,0,14.9729,6.49591,-6.49591,0,1713.13,,,,1792.0,,,,12.3433,0.007,-0.007,0,632.756,18.3765,-18.3765,0,5973.3,117.6,-117.6,0,4.1,0.08,-0.08,0,1.54,0.08,-0.08,0,2021-06-23 15:20:12,2025-02-18 12:03:47
3792.01,453348525,APC,06h50m23.87s,102.599479,+48d56m41.94s,48.944982,-4.148,0.107,-0.107,0.0,-7.422,0.099,-0.099,0.0,2458867.809578,0.004377,-0.004377,0,0.7729066,0.0002411,-0.0002411,0,1.109,0.239,-0.239,0,2850.0,16.1603,-16.1603,0,6.51984,0.67556,-0.67556,0,2135.77,,,,1893.0,,,,12.7859,0.009,-0.009,0,640.574,27.8615,-27.8615,0,6125.0,131.8,-131.8,0,4.35,0.09,-0.09,0,1.19,0.08,-0.08,0,2021-06-23 15:20:13,2024-08-22 10:08:01
3806.01,16076354,APC,07h34m41.99s,113.67495,+38d59m11.49s,38.986526,0.172,0.069,-0.069,0.0,-2.636,0.044,-0.044,0.0,2459601.456963,0.001389,-0.001389,0,2.9859012,7.5e-06,-7.5e-06,0,1.205,0.331,-0.331,0,4150.0,12.5577,-12.5577,0,14.0883,1.12879,-1.12879,0,339.369,,,,1195.0,,,,11.9181,0.008,-0.008,0,806.325,28.6895,-28.6895,0,6709.5,140.9,-140.9,0,4.02,0.1,-0.1,0,1.94,0.12,-0.12,0,2021-06-23 15:20:16,2024-08-22 10:08:01
3823.01,81212289,APC,08h28m08.09s,127.033706,+56d25m51.88s,56.431077,-9.415,0.099,-0.099,0.0,-11.516,0.086,-0.086,0.0,2459605.942792,0.001651,-0.001651,0,0.6848358,2.2e-06,-2.2e-06,0,0.88,0.186,-0.186,0,1430.0,5.6494,-5.6494,0,4.49427,0.353297,-0.353297,0,2198.68,,,,1907.0,,,,11.4534,0.007,-0.007,0,353.355,8.014,-8.014,0,6385.1,111.2,-111.2,0,4.47,0.08,-0.08,0,1.1,0.05,-0.05,0,2021-06-23 15:20:20,2024-08-22 10:08:01
3826.01,9346507,APC,09h59m30.46s,149.876935,+36d59m32.82s,36.99245,-18.704,0.038,-0.038,0.0,-6.469,0.035,-0.035,0.0,2459632.217096,0.000604,-0.000604,0,4.9807125,6.3e-06,-6.3e-06,0,3.333,0.074,-0.074,0,26850.0,4.31756,-4.31756,0,17.2544,0.814786,-0.814786,0,231.2,,,,1086.0,,,,12.6865,0.007,-0.007,0,470.353,6.998,-6.998,0,5545.7,100.5,-100.5,0,4.39,0.07,-0.07,0,1.04,0.05,-0.05,0,2021-06-23 15:20:56,2024-08-22 10:08:01
3833.01,356539624,APC,10h12m37.31s,153.155451,+62d19m46.06s,62.32946,2.805,0.029,-0.029,0.0,-15.2,0.04,-0.04,0.0,2459635.915521,0.000521,-0.000521,0,0.4399856,7e-07,-7e-07,0,0.603,0.13,-0.13,0,6830.0,3164.05,-3164.05,0,18.9074,,,0,1456.36,,,,1721.0,,,,13.3585,0.007,-0.007,0,412.034,4.014,-4.014,0,4423.0,122.0,-122.0,0,4.19,,,0,1.1,,,0,2021-06-23 15:20:57,2024-08-22 10:08:01
3838.01,307915084,APC,09h25m55.33s,141.480521,+33d24m45.86s,33.41274,-1.083,2.242,-2.242,0.0,2.342,2.233,-2.233,0.0,2459635.460006,0.001594,-0.001594,0,0.8275646,2.5e-06,-2.5e-06,0,1.056,0.131,-0.131,0,3670.0,7.90116,-7.90116,0,8.41789,0.993163,-0.993163,0,1716.01,,,,1793.0,,,,12.7477,0.006,-0.006,0,,,,0,6203.3,47.0,-47.0,0,,,,0,1.32,0.14,-0.14,0,2021-06-23 15:20:57,2024-08-22 10:08:01
3844.01,165885558,APC,08h45m27.9s,131.366244,+35d37m01.8s,35.617167,-24.597,0.047,-0.047,0.0,-23.164,0.034,-0.034,0.0,2459606.766668,0.000549,-0.000549,0,0.896271,1.3e-06,-1.3e-06,0,0.996,0.078,-0.078,0,12490.0,8.87913,-8.87913,0,13.8677,0.905114,-0.905114,0,818.614,,,,1490.0,,,,12.9959,0.007,-0.007,0,655.503,13.262,-13.262,0,5726.0,136.7,-136.7,0,4.27,0.08,-0.08,0,1.22,0.07,-0.07,0,2021-06-23 15:20:58,2024-08-22 10:08:01
3859.01,1122079,APC,11h15m42.28s,168.926158,+28d46m51.69s,28.781025,-32.571,0.081,-0.081,0.0,-0.874,0.155,-0.155,0.0,2458924.770085,0.00458,-0.00458,0,1.8460997,0.0005517,-0.0005517,0,1.706,0.407,-0.407,0,3740.0,2225.21,-2225.21,0,16.4485,7.76609,-7.76609,0,3553.44,,,,2150.0,,,,12.7134,0.007,-0.007,0,784.669,33.213,-33.213,0,6123.9,108.7,-108.7,0,4.16,0.09,-0.09,0,1.48,0.09,-0.09,0,2021-06-23 15:22:02,2024-08-22 10:08:01
3869.01,253044312,APC,11h46m26.87s,176.611941,+43d51m48.86s,43.863572,-6.753,0.039,-0.039,0.0,-10.076,0.043,-0.043,0.0,2459648.92653,0.001022,-0.001022,0,11.2005651,2.6e-05,-2.6e-05,0,1.367,0.312,-0.312,0,7000.0,17.3024,-17.3024,0,15.4812,1.17919,-1.17919,0,13.6838,,,,535.0,,,,12.0089,0.007,-0.007,0,539.007,9.4395,-9.4395,0,5682.2,140.6,-140.6,0,4.02,0.09,-0.09,0,1.63,0.1,-0.1,0,2021-06-23 15:22:03,2024-08-22 10:08:01
3882.01,101643582,APC,12h15m50.87s,183.961977,+47d25m40.78s,47.427994,-11.293,0.031,-0.031,0.0,-3.667,0.042,-0.042,0.0,2458924.543804,0.005736,-0.005736,0,2.071333,0.0008772,-0.0008772,0,2.282,0.41,-0.41,0,1920.0,5.92043,-5.92043,0,6.35115,0.505465,-0.505465,0,1179.85,,,,1632.0,,,,11.8825,0.007,-0.007,0,509.299,8.689,-8.689,0,6004.0,128.1,-128.1,0,4.17,0.08,-0.08,0,1.44,0.07,-0.07,0,2021-06-23 15:22:05,2024-08-22 10:08:01
3904.01,233462817,APC,14h06m48.15s,211.700645,+51d59m31.23s,51.992007,-28.449,0.032,-0.032,0.0,26.473,0.033,-0.033,0.0,2459675.336571,0.001548,-0.001548,0,10.1614815,2.41e-05,-2.41e-05,0,1.259,0.319,-0.319,0,3230.0,7.64581,-7.64581,0,7.66646,0.50052,-0.50052,0,23.4406,,,,612.0,,,,11.3815,0.007,-0.007,0,379.347,3.4,-3.4,0,6297.0,120.2,-120.2,0,4.34,0.08,-0.08,0,1.24,0.05,-0.05,0,2021-06-23 15:22:51,2024-08-22 10:08:01
3906.01,180607846,APC,13h12m58.66s,198.244403,+39d52m01.17s,39.866992,-9.721,0.015,-0.015,0.0,4.909,0.016,-0.016,0.0,2459662.977476,0.001105,-0.001105,0,0.6451059,1.3e-06,-1.3e-06,0,0.573,0.178,-0.178,0,3430.0,46.3044,-46.3044,0,6.79091,0.733549,-0.733549,0,800.418,,,,1481.0,,,,12.773,0.007,-0.007,0,387.358,2.336,-2.336,0,5436.3,106.2,-106.2,0,4.52,0.08,-0.08,0,0.88,0.04,-0.04,0,2021-06-23 15:22:51,2024-08-22 10:08:01
3908.01,165412561,APC,13h47m07.9s,206.782929,+42d44m09.73s,42.736035,-4.159,0.082,-0.082,0.0,4.65,0.08,-0.08,0.0,2459637.989586,0.000286,-0.000286,0,1.4680992,1.4e-05,-1.4e-05,0,2.0456598,0.0224391,-0.0224391,0,18506.4662144,143.07999,-143.07999,0,25.1682214,7.67699,-7.67699,0,1531.1554281,,,,1595.4182996,,,,11.4582,0.007,-0.007,0,267.999,5.1785,-5.1785,0,5433.0,122.3,-122.3,0,4.33,0.08,-0.08,0,1.10122,0.0613568,-0.0613568,0,2021-06-23 15:22:51,2024-09-06 10:08:02
392.01,328350926,APC,03h07m43.61s,46.93171,+00d51m39.32s,0.860922,0.495,0.092,-0.092,0.0,-94.736,0.088,-0.088,0.0,2458411.598258,6.3e-05,-6.3e-05,0,0.8490674,8e-07,-8e-07,0,1.0946576,0.0124638,-0.0124638,0,4907.2475531,43.734077,-43.734077,0,10.8189994,0.5762718,-0.5762718,0,5884.2639739,,,,2233.7922838,,,,8.300901,0.006,-0.006,0,87.4715,0.3638,-0.3638,0,5624.7,74.5,-74.5,0,,,,0,1.44029,0.0751583,-0.0751583,0,2019-01-24 19:35:19,2024-09-19 10:08:01
3932.01,408094424,APC,21h45m04.13s,326.267189,+64d04m02.45s,64.067347,-8.796,0.04,-0.04,0.0,-1.341,0.037,-0.037,0.0,2459849.877536,0.001944,-0.001944,0,2.4892754,5.9e-06,-5.9e-06,0,1.513,0.568,-0.568,0,2750.0,257.912,-257.912,0,15.5724,1.07544,-1.07544,0,660.426,,,,1412.0,,,,11.3258,0.032,-0.032,0,672.679,9.228,-9.228,0,6285.0,229.2,-229.2,0,3.65,0.1,-0.1,0,2.76,0.13,-0.13,0,2021-06-23 15:24:12,2024-08-22 10:08:01
394.01,9858404,APC,03h13m59.87s,48.499479,-08d34m25.86s,-8.573851,-9.321,0.111,-0.111,0.0,-76.262,0.123,-0.123,0.0,2458411.26947,0.00101,-0.00101,0,0.39149,2e-05,-2e-05,0,0.746,0.167,-0.167,0,578.202,2.96102,-2.96102,0,5.95564,0.485043,-0.485043,0,13030.0,,,,2976.0,,,,8.00006,0.006,-0.006,0,142.401,1.523,-1.523,0,6216.1,120.4,-120.4,0,3.73,0.43,-0.43,0,2.25,0.09,-0.09,0,2019-01-24 19:35:19,2022-01-19 12:03:03
395.01,38541473,APC,03h45m13.12s,56.304651,-10d58m24.43s,-10.973454,17.911,0.083,-0.083,0.0,-17.679,0.068,-0.068,0.0,2458415.515103,0.000318,-0.000318,0,6.0613441,3.8e-06,-3.8e-06,0,2.5796829,0.0338772,-0.0338772,0,15346.1553014,186.93407,-186.93407,0,27.91045,5.303542,-5.303542,0,618.1880959,,,,1271.7446199,,,,10.7706,0.007,-0.007,0,321.882,5.521,-5.521,0,5949.2,147.6,-147.6,0,,,,0,1.53715,0.0856533,-0.0856533,0,2019-01-16 19:24:30,2024-10-10 10:08:04
3966.01,262880826,APC,15h01m31.41s,225.380859,+38d31m59.79s,38.533274,,,,,,,,,2459684.28561,0.001093,-0.001093,0,3.9967263,6.9e-06,-6.9e-06,0,2.886,0.201,-0.201,0,12060.0,4.26926,-4.26926,0,11.278,1.23484,-1.23484,0,265.248,,,,1124.0,,,,12.0753,0.006,-0.006,0,,,,0,5313.6,49.6,-49.6,0,,,,0,1.0,0.11,-0.11,0,2021-06-23 15:24:18,2024-08-22 10:08:01
3968.01,252071095,APC,23h36m35.2s,354.146668,+58d08m01.15s,58.133654,,,,,,,,,2459879.247689,0.001811,-0.001811,0,2.2171904,5.7e-06,-5.7e-06,0,1.639,0.199,-0.199,0,3010.0,173.707,-173.707,0,,,,0,180.255,,,,1020.0,,,,11.7345,0.006,-0.006,0,,,,0,4656.0,227.3,-227.3,0,,,,0,,,,0,2021-06-23 15:24:18,2025-08-06 12:04:41
3995.01,347210614,APC,00h06m22.91s,1.595472,+56d11m32.8s,56.192444,2.398,1.677,-1.677,0.0,-5.272,1.677,-1.677,0.0,2459870.688806,0.000989,-0.000989,0,6.4219775,8.1e-06,-8.1e-06,0,4.211,0.276,-0.276,0,22004.0,2780.97,-2780.97,0,,,,0,803.471,,,,1483.0,,,,12.1602,0.006,-0.006,0,741.884,,,0,6197.0,487.1,-487.1,0,,,,0,,,,0,2021-06-23 15:24:22,2024-08-22 10:08:01
4063.01,219499488,APC,16h17m28.7s,244.369594,+46d38m52.88s,46.648021,3.308,0.077,-0.077,0.0,-7.453,0.098,-0.098,0.0,2459666.271065,0.000982,-0.000982,0,1.6323062,3.48e-05,-3.48e-05,0,1.890872,0.0911763,-0.0911763,0,12429.1862217,501.2238,-501.2238,0,15.8543427,16.080006,-16.080006,0,757.4076888,,,,1337.9878723,,,,13.0444,0.007,-0.007,0,408.646,7.3845,-7.3845,0,5099.9,120.1,-120.1,0,4.45,,,0,0.912575,,,0,2021-06-23 15:26:06,2024-09-06 10:08:02
407.01,349518800,APC,07h24m50.81s,111.211721,-62d05m32.75s,-62.092431,-10.142,0.025,-0.025,0.0,13.241,0.027,-0.027,0.0,2460015.729011,0.001537,-0.001537,0,2.1654694,2.1e-06,-2.1e-06,0,3.408,0.055,-0.055,0,4990.0,0.202474,-0.202474,0,13.5615,0.637742,-0.637742,0,2503.96,,,,1970.0,,,,12.7862,0.006,-0.006,0,959.461,11.809,-11.809,0,5830.0,333.4,-333.4,0,4.26,,,0,1.86,0.09,-0.09,0,2019-01-16 19:24:29,2023-10-02 16:02:02
4106.01,233535738,APC,18h42m58.99s,280.745794,+62d49m06.2s,62.818388,5.271,0.048,-0.048,0.0,33.104,0.044,-0.044,0.0,2459738.567408,0.003342,-0.003342,0,16.3558787,7.66e-05,-7.66e-05,0,4.674,0.474,-0.474,0,1220.0,0.89658,-0.89658,0,3.48406,0.205206,-0.205206,0,68.1566,,,,800.0,,,,11.2452,0.006,-0.006,0,243.519,1.395,-1.395,0,5740.0,130.5,-130.5,0,4.45,0.08,-0.08,0,1.0,0.05,-0.05,0,2021-06-23 15:28:23,2024-08-22 10:08:01
4122.01,156215204,APC,12h19m52.34s,184.968065,+83d14m08.51s,83.235697,-1.07,0.042,-0.042,0.0,-0.947,0.032,-0.032,0.0,2459443.029994,0.004353,-0.004353,0,2.4307782,1.99e-05,-1.99e-05,0,1.708,0.292,-0.292,0,1310.0,3.18166,-3.18166,0,12.4035,0.925828,-0.925828,0,506.486,,,,1321.0,,,,12.0844,0.014,-0.014,0,1212.25,27.185,-27.185,0,6015.0,146.7,-146.7,0,3.45,0.09,-0.09,0,3.3,0.18,-0.18,0,2021-06-23 15:28:26,2024-08-22 10:08:01
4146.01,23124038,APC,18h17m40.27s,274.417782,+34d05m28.98s,34.091383,-48.834,0.103,-0.103,0.0,-28.03,0.105,-0.105,0.0,2459768.295468,0.000516,-0.000516,0,0.7011578,9e-07,-9e-07,0,0.932,0.177,-0.177,0,5890.0,1110.0,-1110.0,0,13.2816,1.3563,-1.3563,0,4863.59,,,,2326.0,,,,11.5765,0.007,-0.007,0,464.611,12.306,-12.306,0,6036.0,128.7,-128.7,0,4.13,0.08,-0.08,0,1.51,0.08,-0.08,0,2021-06-23 15:28:29,2024-08-22 10:08:01
4159.01,441600335,APC,07h41m48.42s,115.451745,+74d11m01.96s,74.183878,-15.879,0.039,-0.039,0.0,-6.103,0.047,-0.047,0.0,2459768.139016,0.001787,-0.001787,0,0.8659846,2.9e-06,-2.9e-06,0,0.891,0.374,-0.374,0,1660.0,295.82,-295.82,0,8.86618,0.87666,-0.87666,0,1311.06,,,,1676.0,,,,12.2075,0.006,-0.006,0,745.908,16.5805,-16.5805,0,5815.0,126.8,-126.8,0,3.89,0.08,-0.08,0,1.92,0.1,-0.1,0,2021-06-23 15:28:31,2025-01-30 12:03:06
4176.01,58533991,APC,13h28m00.33s,202.001393,-29d47m27.88s,-29.791077,-7.708,0.122,-0.122,0.0,8.812,0.185,-0.185,0.0,2459328.306387,0.001637,-0.001637,0,3.2089372,0.0014808,-0.0014808,0,3.1,0.19,-0.19,0,6310.0,6.9299,-6.9299,0,19.3856,1.08927,-1.08927,0,1849.02,,,,1826.0,,,,9.5399,0.009,-0.009,0,397.15,10.6855,-10.6855,0,7423.0,131.128,-131.128,0,3.89774,0.0851204,-0.0851204,0,2.43,0.1,-0.1,0,2021-06-29 22:51:19,2021-10-29 12:59:15
4177.01,130981260,APC,12h34m15.64s,188.565163,-35d03m13.18s,-35.05366,-33.6,0.086,-0.086,0.0,1.661,0.157,-0.157,0.0,2460065.35254,0.000499,-0.000499,0,3.6928289,3.4e-06,-3.4e-06,0,3.866,0.113,-0.113,0,5223.0,50.7434,-50.7434,0,15.6542,0.776477,-0.776477,0,1756.36,,,,1803.0,,,,10.1793,0.006,-0.006,0,430.587,13.2545,-13.2545,0,7042.0,125.8,-125.8,0,3.97,0.09,-0.09,0,2.13,0.1,-0.1,0,2021-06-29 22:51:19,2023-06-28 10:10:02
4180.01,126737992,APC,09h07m40.62s,136.91925,-50d38m24.83s,-50.640231,-42.768,0.198,-0.198,0.0,16.208,0.194,-0.194,0.0,2459989.161676,0.001611,-0.001611,0,1.5954319,5.2e-06,-5.2e-06,0,1.0,0.1184443,-0.1184443,0,473.6397437,29.50773,-29.50773,0,4.3219935,1.553364,-1.553364,0,10433.760937,,,,2577.685746,,,,8.2938,0.006,-0.006,0,166.873,3.04,-3.04,0,7511.0,212.0,-212.0,0,3.92857,0.448202,-0.448202,0,1.92067,0.0697889,-0.0697889,0,2021-07-01 20:45:15,2023-09-12 10:08:02
4194.01,299176311,APC,01h29m03.9s,22.26623,-08d10m45.66s,-8.17935,8.914,0.072,-0.072,0.0,9.862,0.054,-0.054,0.0,2458404.822816,0.003654,-0.003654,0,1.0432995,0.0002818,-0.0002818,0,1.169,0.313,-0.313,0,3260.0,18.4501,-18.4501,0,6.51532,0.603765,-0.603765,0,1405.89,,,,1705.0,,,,12.5496,0.007,-0.007,0,505.742,10.5875,-10.5875,0,5943.0,121.0,-121.0,0,4.42,0.08,-0.08,0,1.07,0.05,-0.05,0,2021-07-12 14:24:00,2024-08-22 10:08:01
4210.01,409315469,APC,07h19m05.39s,109.772452,-14d58m14.12s,-14.970588,-9.827,0.037,-0.037,0.0,-0.647,0.036,-0.036,0.0,2459251.255943,0.001221,-0.001221,0,1.0754208,3.1e-06,-3.1e-06,0,1.01,0.276,-0.276,0,4950.0,21.7557,-21.7557,0,9.41227,0.917771,-0.917771,0,358.947,,,,1212.0,,,,12.9715,0.006,-0.006,0,393.038,4.1795,-4.1795,0,4614.0,120.5,-120.5,0,4.16,0.09,-0.09,0,1.17,0.09,-0.09,0,2021-07-12 14:39:20,2024-08-22 10:08:01
4212.01,126864892,APC,07h45m31.71s,116.382113,-25d59m04.88s,-25.98469,-6.1,3.0,-3.0,0.0,0.3,2.6,-2.6,0.0,2459252.978961,0.003354,-0.003354,0,2.3485025,1.25e-05,-1.25e-05,0,1.804,0.282,-0.282,0,3070.0,6.82139,-6.82139,0,,,,0,2588.32,,,,1987.0,,,,11.974,0.019,-0.019,0,1051.92,,,0,8807.8,421.8,-421.8,0,,,,0,,,,0,2021-07-12 14:39:20,2024-08-22 10:08:01
422.01,117979455,APC,04h47m12.67s,71.802796,-17d15m12.12s,-17.253367,-79.995,0.04,-0.04,0.0,-68.198,0.05,-0.05,0.0,2458438.292151,0.000629,-0.000629,0,0.6333372,1.8e-05,-1.8e-05,0,0.6217089,0.3414015,-0.3414015,0,1063.7800027,139.86835,-139.86835,0,4.4957089,6.578065,-6.578065,0,9433.5511834,,,,2513.555923,,,,8.96,0.006,-0.006,0,124.504,0.5945,-0.5945,0,5999.0,127.0,-127.0,0,4.22,0.08,-0.08,0,1.34655,0.0635125,-0.0635125,0,2019-02-08 16:19:52,2021-10-29 12:59:15
4267.01,80783538,APC,11h04m16.86s,166.070243,-49d49m17.39s,-49.821498,-6.707,0.026,-0.026,0.0,2.203,0.025,-0.025,0.0,2460014.85385,0.002153,-0.002153,0,1.2125595,4.2e-06,-4.2e-06,0,1.344,0.215,-0.215,0,5110.0,10.6361,-10.6361,0,11.1279,,,0,1780.99,,,,1809.0,,,,13.079,0.006,-0.006,0,963.819,16.6865,-16.6865,0,6719.0,122.0,-122.0,0,4.25,,,0,1.48,,,0,2021-07-12 14:48:48,2025-02-27 12:04:01
427.01,70914192,APC,04h18m37.7s,64.657083,-17d25m11.4s,-17.419833,5.773,0.038,-0.038,0.0,4.441,0.038,-0.038,0.0,2459199.009699,0.000189,-0.000189,0,0.6090253,2e-07,-2e-07,0,1.099,0.037,-0.037,0,6100.0,1691.57,-1691.57,0,15.1945,4.672,-4.672,0,8004.34,,,,2635.0,,,,10.361,0.006,-0.006,0,151.054,0.634,-0.634,0,5271.7,43.7,-43.7,0,4.34,0.36,-0.36,0,1.02,0.05,-0.05,0,2019-02-08 16:19:52,2021-10-29 12:59:15
428.01,117979850,APC,04h47m14.38s,71.809927,-17d14m55.01s,-17.248613,-85.471,0.047,-0.047,0.0,-66.476,0.061,-0.061,0.0,2459198.925652,0.001003,-0.001003,0,0.6333315,1.5e-06,-1.5e-06,0,0.404,0.149,-0.149,0,320.0,4.88666,-4.88666,0,6.24344,0.649832,-0.649832,0,451.285,,,,1284.0,,,,7.82829,0.006,-0.006,0,121.888,0.663,-0.663,0,5713.0,70.2,-70.2,0,3.67,0.27,-0.27,0,2.35,0.12,-0.12,0,2019-02-08 16:19:52,2025-08-15 16:00:02
4285.01,310105752,APC,16h43m33.78s,250.890747,-75d59m18.29s,-75.988414,3.496,0.021,-0.021,0.0,-5.0,0.029,-0.029,0.0,2459386.666789,0.001305,-0.001305,0,1.1703152,3.2e-06,-3.2e-06,0,1.319,0.313,-0.313,0,5380.0,15.2964,-15.2964,0,9.82528,0.682327,-0.682327,0,2357.73,,,,1941.0,,,,12.9526,0.006,-0.006,0,746.443,8.882,-8.882,0,6328.0,128.8,-128.8,0,4.36,0.08,-0.08,0,1.23,0.05,-0.05,0,2021-07-12 14:52:24,2025-07-26 12:03:59
4338.01,253434221,APC,13h06m56s,196.73335,-58d06m39.44s,-58.110955,-31.466,0.037,-0.037,0.0,-56.85,0.039,-0.039,0.0,2459335.809605,0.001104,-0.001104,0,7.4997158,1.65e-05,-1.65e-05,0,2.0504305,0.1006383,-0.1006383,0,3023.5215223,217.64388,-217.64388,0,13.7499035,2.7549322,-2.7549322,0,475.6186937,,,,1191.0623003,,,,10.0865,0.006,-0.006,0,219.732,1.638,-1.638,0,4979.2,88.5,-88.5,0,3.92,0.31,-0.31,0,1.90969,0.113688,-0.113688,0,2021-07-28 19:33:11,2025-07-09 16:00:02
4389.01,41387532,APC,17h05m45.64s,256.44018,-30d49m00.15s,-30.816707,1.773,0.392,-0.392,0.0,3.429,0.244,-0.244,0.0,2459367.619383,0.00195,-0.00195,0,11.4041935,0.0027605,-0.0027605,0,1.7478969,0.1705693,-0.1705693,0,2216.7191401,347.53546,-347.53546,0,18.1901191,7.189976,-7.189976,0,1064.6019947,,,,1456.8558039,,,,9.50494,0.006,-0.006,0,330.437,25.252,-25.252,0,6160.0,300.456,-300.456,0,3.55136,0.117524,-0.117524,0,3.0048201,0.261458,-0.261458,0,2021-08-13 00:24:46,2026-01-10 10:08:01
4398.01,214243287,APC,17h23m11.82s,260.799238,-51d01m27.96s,-51.024433,5.9,2.0,-2.0,0.0,-4.4,1.9,-1.9,0.0,2460116.043368,0.000463,-0.000463,0,5.7525195,3.4e-06,-3.4e-06,0,3.718,0.333,-0.333,0,8852.0,258.797,-258.797,0,,,,0,,,,,,,,,9.933,0.018,-0.018,0,213.41,,,0,,,,0,,,,0,,,,0,2021-08-19 21:43:13,2024-04-16 12:02:52
4415.01,1234810324,APC,16h28m23.61s,247.098356,-49d30m50.95s,-49.514152,4.882,0.116,-0.116,0.0,-1.123,0.061,-0.061,0.0,2460121.396626,0.000984,-0.000984,0,1.830108,3.4e-06,-3.4e-06,0,1.936,0.142,-0.142,0,3391.0,135.259,-135.259,0,,,,0,,,,,,,,,10.0209,0.007,-0.007,0,455.557,13.5835,-13.5835,0,,,,0,,,,0,,,,0,2021-08-27 02:40:31,2025-09-12 12:03:35
446.01,1449640,APC,05h00m41.18s,75.17158,-35d12m09.63s,-35.202674,-6.448,0.034,-0.034,0.0,-14.791,0.04,-0.04,0.0,2458440.43161,0.00029,-0.00029,0,3.5018023,2.4e-06,-2.4e-06,0,3.917956,0.0349419,-0.0349419,0,16196.191206,122.76418,-122.76418,0,22.103526,1.061221,-1.061221,0,1744.6608389,,,,1648.3426761,,,,11.921,0.006,-0.006,0,674.155,10.14,-10.14,0,6383.9,54.6,-54.6,0,4.03,0.18,-0.18,0,1.66889,0.0794196,-0.0794196,0,2019-02-08 16:19:52,2021-12-07 16:02:02
447.01,14091633,APC,05h09m02.44s,77.260156,-36d27m52.12s,-36.464478,-7.173,0.046,-0.046,0.0,18.997,0.063,-0.063,0.0,2459176.31925,0.000212,-0.000212,0,5.5292743,9.07e-05,-9.07e-05,0,2.542935,0.0166369,-0.0166369,0,17914.4576673,137.96593,-137.96593,0,23.5458512,1.9288946,-1.9288946,0,549.2969498,,,,1234.7287098,,,,8.8695,0.006,-0.006,0,126.177,0.447,-0.447,0,6350.0,95.4,-95.4,0,4.34,0.3,-0.3,0,1.26396,0.0558895,-0.0558895,0,2019-01-31 16:53:31,2021-10-29 12:59:15
450.01,77951245,APC,05h16m01.22s,79.005088,-31d24m45.7s,-31.412694,34.246,0.08,-0.08,0.0,-0.735,0.089,-0.089,0.0,2459182.487384,0.000436,-0.000436,0,10.7148661,0.0005979,-0.0005979,0,2.1121584,0.0460927,-0.0460927,0,56325.9173745,1176.411,-1176.411,0,14.037554,5.989421,-5.989421,0,3.1541502,,,,339.8915287,,,,12.4258,0.008,-0.008,0,53.5063,0.13255,-0.13255,0,3054.0,,,0,4.438,,,0,0.422267,0.0127167,-0.0127167,0,2019-05-17 18:40:33,2021-10-29 12:59:15
454.01,153077621,APC,03h18m38.38s,49.659937,-42d38m32.38s,-42.642329,-50.736,0.042,-0.042,0.0,6.323,0.055,-0.055,0.0,2460981.953505,0.002152,-0.002152,0,18.082622,1.85e-05,-1.85e-05,0,2.3867987,0.0772556,-0.0772556,0,8002.7855656,250.14842,-250.14842,0,3.911716,1.7889186,-1.7889186,0,11.0589985,,,,465.1025269,,,,9.441,0.037,-0.037,0,78.7806,0.16345,-0.16345,0,3321.0,117.0,-117.0,0,4.95373,0.559906,-0.559906,0,0.296,0.07,-0.07,0,2019-05-17 18:40:33,2026-03-04 16:00:01
4541.01,293432942,APC,01h45m14.04s,26.308509,+03d30m49.1s,3.51364,228.655,2.681,-2.681,0.0,-10.022,0.61,-0.61,0.0,2459496.050413,0.002056,-0.002056,0,1.1339769,7.83e-05,-7.83e-05,0,0.852,0.188,-0.188,0,630.0,2.95663,-2.95663,0,,,,0,609.124,,,,1384.0,,,,10.027,0.019,-0.019,0,337.7234,47.0287,-47.0287,0,5986.2,168.7,-168.7,0,,,,0,,,,0,2021-10-21 22:57:23,2022-09-21 10:10:02
459.01,38603673,APC,04h17m39.61s,64.415043,-61d23m31.24s,-61.39201,10.212,0.038,-0.038,0.0,21.583,0.042,-0.042,0.0,2460986.366561,0.000653,-0.000653,0,4.4291257,1.8e-06,-1.8e-06,0,0.910131,0.2701646,-0.2701646,0,561.4845395,34.47166,-34.47166,0,14.1361948,2.1819647,-2.1819647,0,1701.6328084,,,,1789.3059346,,,,9.5473,0.006,-0.006,0,286.94,1.764,-1.764,0,6559.17,40.1349,-40.1349,0,3.95184,0.110061,-0.110061,0,2.0848899,0.0865123,-0.0865123,0,2019-01-31 17:54:45,2026-04-17 10:08:01
4613.01,436652523,APC,04h50m32.07s,72.633608,+13d36m48.48s,13.613468,,,,,,,,,2460251.01417,0.00138,-0.00138,0,4.5461685,3.2e-06,-3.2e-06,0,3.323,0.388,-0.388,0,5251.0,1660.82,-1660.82,0,21.1272,,,0,3271.08,,,,,,,,12.0336,0.006,-0.006,0,678.46,,,0,5341.8,367.5,-367.5,0,3.98,0.02,-0.02,0,2.4,,,0,2021-11-09 21:10:47,2023-12-14 16:02:02
4622.01,94727308,APC,04h00m54.37s,60.22656,+31d41m27.84s,31.691067,4.121,0.291,-0.291,0.0,-6.203,0.193,-0.193,0.0,2459474.773371,0.005853,-0.005853,0,1.2969404,0.0002736,-0.0002736,0,3.4301667,0.3676931,-0.3676931,0,52197.5005433,4905.2676,-4905.2676,0,11.2860342,0.9806869,-0.9806869,0,48.3357374,,,,672.4915576,,,,16.1779,0.009,-0.009,0,297.693,13.937,-13.937,0,3003.0,157.0,-157.0,0,4.76981,0.0148368,-0.0148368,0,0.463184,0.0211904,-0.0211904,0,2021-11-09 21:10:51,2023-04-05 12:02:46
4690.01,455033897,APC,05h06m23.32s,76.597155,+03d16m49.76s,3.280489,-2.111,0.24,-0.24,0.0,-3.495,0.174,-0.174,0.0,2459180.689567,0.003889,-0.003889,0,11.5341529,8.6e-05,-8.6e-05,0,1.332,0.424,-0.424,0,1750.0,15.5342,-15.5342,0,6.82739,0.80733,-0.80733,0,19.425,,,,584.0,,,,11.0796,0.009,-0.009,0,395.245,20.5795,-20.5795,0,6356.0,137.3,-137.3,0,4.18,0.1,-0.1,0,1.51,0.1,-0.1,0,2021-12-21 00:33:55,2024-08-22 10:08:01
4693.01,117843365,APC,04h40m53.28s,70.222013,-16d35m24.09s,-16.590025,25.179,0.039,-0.039,0.0,-13.253,0.038,-0.038,0.0,2459198.727602,0.000852,-0.000852,0,1.9113216,0.0001204,-0.0001204,0,1.167,0.271,-0.271,0,7400.0,52.5326,-52.5326,0,10.1581,1.14983,-1.14983,0,223.347,,,,1076.0,,,,11.8326,0.007,-0.007,0,213.014,1.521,-1.521,0,4578.0,126.6,-126.6,0,4.25,0.1,-0.1,0,1.05,0.08,-0.08,0,2021-12-21 00:33:56,2024-08-22 10:08:01
4700.01,468911753,APC,04h10m52.91s,62.720477,+08d25m26.96s,8.424155,,,,,,,,,2459197.315409,0.002793,-0.002793,0,2.2964514,1.23e-05,-1.23e-05,0,1.734,0.244,-0.244,0,3430.0,7.97608,-7.97608,0,,,,0,150.096,,,,975.0,,,,13.8159,0.009,-0.009,0,,,,0,4391.0,123.3,-123.3,0,,,,0,,,,0,2021-12-21 00:33:59,2025-02-02 12:03:02
4704.01,455030519,APC,05h06m19.06s,76.579417,+03d35m18.66s,3.588516,-0.485,0.054,-0.054,0.0,-4.897,0.041,-0.041,0.0,2459197.724648,0.002227,-0.002227,0,2.6875966,1.18e-05,-1.18e-05,0,1.469,0.259,-0.259,0,2480.0,7.03954,-7.03954,0,13.3886,0.99904,-0.99904,0,272.867,,,,1132.0,,,,12.4562,0.007,-0.007,0,954.316,31.9,-31.9,0,5885.0,131.4,-131.4,0,3.77,0.08,-0.08,0,2.24,0.13,-0.13,0,2021-12-21 00:34:02,2024-08-22 10:08:01
4709.01,317328621,APC,05h49m57.72s,87.490493,-12d50m06.76s,-12.835212,2.078,2.249,-2.249,0.0,-0.931,2.249,-2.249,0.0,2459220.512929,0.001824,-0.001824,0,6.2397532,3.09e-05,-3.09e-05,0,3.209,0.453,-0.453,0,11490.0,2489.8,-2489.8,0,7.89594,3.42391,-3.42391,0,587.658,,,,1371.0,,,,12.8771,0.009,-0.009,0,,,,0,5956.9,807.0,-807.0,0,,,,0,0.5,0.13,-0.13,0,2021-12-21 00:34:42,2025-12-20 12:05:40
4713.01,102542376,APC,05h58m33.8s,89.640838,+10d13m14.12s,10.220589,,,,,,,,,2459224.623802,0.00193,-0.00193,0,2.9532479,1.26e-05,-1.26e-05,0,3.095,0.352,-0.352,0,6210.0,5.10948,-5.10948,0,,,,0,2007.04,,,,1864.0,,,,11.8362,0.006,-0.006,0,1028.39,,,0,7076.3,338.2,-338.2,0,,,,0,,,,0,2021-12-21 00:34:44,2024-08-22 10:08:01
472.01,52280468,APC,06h39m28.09s,99.86703,-33d32m24.8s,-33.540223,45.069,3.739,-3.739,0.0,18.418,3.739,-3.739,0.0,2459226.783631,0.001587,-0.001587,0,0.5682596,1.2e-06,-1.2e-06,0,0.755,,,0,42540.0,0.841172,-0.841172,0,24.8489,0.784699,-0.784699,0,138.045,,,,954.0,,,,12.3123,0.007,-0.007,0,,,,0,3294.0,,,0,4.438,,,0,0.5,0.02,-0.02,0,2019-02-22 14:51:22,2022-07-11 16:02:02
4739.01,281716779,APC,06h50m01.37s,102.5057,-05d12m07.43s,-5.202063,-3.1,1.7,-1.7,0.0,3.3,1.9,-1.9,0.0,2459223.200936,0.000855,-0.000855,0,8.1703609,1.66e-05,-1.66e-05,0,3.365,0.186,-0.186,0,9410.0,6.60552,-6.60552,0,22.3829,,,0,1223.74,,,,,,,,10.5293,0.006,-0.006,0,626.217,,,0,8190.0,,,0,4.438,,,0,2.1,,,0,2021-12-21 00:34:55,2024-12-17 12:02:54
4771.01,266441563,APC,07h54m11.17s,118.546528,+01d47m34.78s,1.792994,-4.393,0.065,-0.065,0.0,0.344,0.044,-0.044,0.0,2459249.632763,0.001487,-0.001487,0,6.0049484,2.22e-05,-2.22e-05,0,3.366,0.171,-0.171,0,8932.0,3.65134,-3.65134,0,12.6954,0.674977,-0.674977,0,315.049,,,,1173.0,,,,11.9135,0.006,-0.006,0,498.418,9.3925,-9.3925,0,6373.5,110.5,-110.5,0,4.26,2.01,-2.01,0,1.26,0.06,-0.06,0,2021-12-21 00:46:23,2024-08-22 10:08:01
4782.01,423128096,APC,07h32m17.81s,113.074228,-19d15m39.77s,-19.261048,-3.526,1.094,-1.094,0.0,2.175,1.094,-1.094,0.0,2459247.428982,0.002455,-0.002455,0,3.7244324,1.51e-05,-1.51e-05,0,2.913,0.984,-0.984,0,6600.0,369.051,-369.051,0,,,,0,3666.29,,,,2167.0,,,,12.2563,0.006,-0.006,0,814.057,,,0,7759.0,431.7,-431.7,0,,,,0,,,,0,2021-12-21 00:46:27,2024-08-22 10:08:01
4783.01,218988652,APC,08h19m18.07s,124.825286,-21d57m25.05s,-21.956958,-1.038,0.042,-0.042,0.0,0.786,0.036,-0.036,0.0,2459252.171087,0.001487,-0.001487,0,6.7519508,1.92e-05,-1.92e-05,0,1.603,0.313,-0.313,0,11050.0,19.2193,-19.2193,0,19.5004,1.33286,-1.33286,0,209.336,,,,1059.0,,,,12.6847,0.007,-0.007,0,1349.57,61.78,-61.78,0,8297.0,129.6,-129.6,0,4.29,0.08,-0.08,0,1.69,0.09,-0.09,0,2021-12-21 00:46:28,2024-08-22 10:08:01
4790.01,452903647,APC,08h05m20.35s,121.334804,+04d26m28.37s,4.441215,3.317,0.072,-0.072,0.0,-7.325,0.037,-0.037,0.0,2459964.406443,0.004092,-0.004092,0,1.6102435,0.000483,-0.000483,0,2.3258711,0.3088379,-0.3088379,0,5442.4785934,637.7822,-637.7822,0,16.8320485,30.649446,-30.649446,0,3426.3435462,,,,1951.3154178,,,,13.1561,0.007,-0.007,0,954.883,40.178,-40.178,0,6080.2,29.5,-29.5,0,4.15,,,0,1.48651,,,0,2021-12-21 00:46:31,2024-09-07 10:08:02
4792.01,265350422,APC,08h54m20.74s,133.586405,+01d34m31.81s,1.575503,-21.66,0.076,-0.076,0.0,0.105,0.049,-0.049,0.0,2459235.815084,0.000999,-0.000999,0,8.4481666,1.88e-05,-1.88e-05,0,1.255,0.281,-0.281,0,7405.0,16.8564,-16.8564,0,10.2494,0.732487,-0.732487,0,22.9265,,,,609.0,,,,11.0783,0.006,-0.006,0,243.539,2.641,-2.641,0,5826.1,136.1,-136.1,0,4.42,0.08,-0.08,0,1.05,0.06,-0.06,0,2021-12-21 00:46:32,2024-08-22 10:08:01
4865.01,143059017,APC,11h11m36.77s,167.903229,-08d41m39.48s,-8.694301,23.301,0.083,-0.083,0.0,-18.989,0.059,-0.059,0.0,2459303.401989,0.00359,-0.00359,0,1.2655205,0.0004639,-0.0004639,0,1.344,0.259,-0.259,0,6380.0,27.6845,-27.6845,0,11.3966,,,0,583.776,,,,1369.0,,,,13.4804,0.007,-0.007,0,803.063,32.2745,-32.2745,0,5243.0,122.0,-122.0,0,4.1,,,0,1.41,,,0,2021-12-21 22:33:26,2024-08-22 10:08:01
4873.01,228694725,APC,12h56m06.53s,194.027192,-26d12m15.27s,-26.204243,-24.526,0.045,-0.045,0.0,-5.613,0.036,-0.036,0.0,2459331.381252,0.001808,-0.001808,0,0.8313018,2.7e-06,-2.7e-06,0,1.181,0.173,-0.173,0,1770.0,7.9232,-7.9232,0,6.57285,0.477274,-0.477274,0,1906.13,,,,1840.0,,,,12.6116,0.008,-0.008,0,516.417,7.721,-7.721,0,5983.0,132.1,-132.1,0,4.4,0.08,-0.08,0,1.1,0.06,-0.06,0,2021-12-21 22:36:41,2025-04-11 12:03:11
496.01,88977253,APC,08h12m23.44s,123.097668,-05d46m07.17s,-5.768659,-1.076,0.078,-0.078,0.0,0.83,0.052,-0.052,0.0,2458492.708311,0.000567,-0.000567,0,2.767691,0.000112,-0.000112,0,1.876437,0.042975,-0.042975,0,22690.263354,564.17865,-564.17865,0,28.980984,14.55595,-14.55595,0,2360.1000393,,,,1777.6749499,,,,12.33,0.007,-0.007,0,791.384,29.483,-29.483,0,6717.03,158.02,-158.02,0,4.2,0.05,-0.05,0,1.54739,0.746179,-0.746179,0,2019-03-14 21:38:48,2021-12-08 10:10:01
498.01,121338379,APC,08h36m21.79s,129.090789,-03d51m36.73s,-3.860202,-22.854,0.066,-0.066,0.0,4.87,0.058,-0.058,0.0,2459228.765582,0.000337,-0.000337,0,0.2750478,1.23e-05,-1.23e-05,0,0.5251393,0.0917858,-0.0917858,0,703.0554225,40.40676,-40.40676,0,4.0587998,0.447492,-0.447492,0,34263.9733582,,,,3469.9976486,,,,9.58094,0.006,-0.006,0,188.364,1.443,-1.443,0,6218.0,195.0,-195.0,0,4.26662,2.00625,-2.00625,0,1.3227299,0.0560176,-0.0560176,0,2019-03-14 21:38:48,2023-07-12 10:10:02
499.01,123702439,APC,07h42m33.29s,115.638695,-43d33m12.58s,-43.553495,-25.701,0.046,-0.046,0.0,80.905,0.054,-0.054,0.0,2459993.465139,0.00432,-0.00432,0,8.5334865,2.27e-05,-2.27e-05,0,2.369,0.654,-0.654,0,1756.0,142.825,-142.825,0,4.14687,0.268207,-0.268207,0,130.53,,,,941.0,,,,10.1374,0.006,-0.006,0,158.659,0.7455,-0.7455,0,5997.0,192.0,-192.0,0,4.45722,0.328186,-0.328186,0,0.97,0.04,-0.04,0,2019-03-08 14:44:07,2024-09-09 12:03:07
502.01,172193428,APC,06h34m07.67s,98.53195,-28d24m15s,-28.404168,-12.389,0.068,-0.068,0.0,16.52,0.084,-0.084,0.0,2458493.778447,0.000697,-0.000697,0,2.9412694,5.1e-06,-5.1e-06,0,1.6223259,0.0862524,-0.0862524,0,2421.3696753,140.45448,-140.45448,0,8.8335566,4.6483674,-4.6483674,0,990.2921795,,,,1430.7395644,,,,10.3773,0.006,-0.006,0,215.387,2.802,-2.802,0,5642.0,188.0,-188.0,0,4.16735,0.325713,-0.325713,0,1.21356,0.0591206,-0.0591206,0,2019-03-08 14:44:08,2024-09-09 12:03:07
5048.01,323022088,APC,16h29m41.92s,247.424651,-28d30m15.89s,-28.504414,-13.219,0.092,-0.092,0.0,-22.782,0.05,-0.05,0.0,2459386.66595,0.002191,-0.002191,0,1.3583233,5.3e-06,-5.3e-06,0,1.463,0.241,-0.241,0,6790.0,17.3763,-17.3763,0,13.5621,,,0,812.252,,,,1487.0,,,,13.115,0.012,-0.012,0,610.636,12.391,-12.391,0,5604.0,122.0,-122.0,0,4.05,,,0,1.56,,,0,2022-01-06 22:50:01,2024-08-22 10:08:01
5092.01,90853136,APC,06h46m30.14s,101.625573,+28d50m28.46s,28.841238,23.727,0.083,-0.083,0.0,-4.309,0.069,-0.069,0.0,2459546.216863,0.001195,-0.001195,0,2.3626901,0.0001035,-0.0001035,0,1.4468336,0.088102,-0.088102,0,4744.0800285,350.8254,-350.8254,0,6.9577388,2.4283702,-2.4283702,0,340.3343305,,,,1095.4591558,,,,11.6786,0.006,-0.006,0,189.575,1.5475,-1.5475,0,5222.44,104.606,-104.606,0,4.63151,0.075155,-0.075155,0,0.755047,0.0378392,-0.0378392,0,2022-01-06 23:46:13,2024-02-22 12:02:54
510.01,238086647,APC,06h59m50.16s,104.95898,-49d30m26.93s,-49.50748,103.222,0.045,-0.045,0.0,-69.867,0.047,-0.047,0.0,2460011.316365,0.001728,-0.001728,0,1.3523942,1.5e-06,-1.5e-06,0,0.512,0.097,-0.097,0,371.0,83.2468,-83.2468,0,2.82883,0.327242,-0.327242,0,252.046,,,,1110.0,,,,8.4633,0.006,-0.006,0,93.0994,0.1949,-0.1949,0,5915.0,191.0,-191.0,0,4.1283,0.268589,-0.268589,0,1.29,0.06,-0.06,0,2019-03-18 17:05:08,2023-04-04 16:02:02
5102.01,82508808,APC,08h12m36.52s,123.152165,+17d55m48.44s,17.930123,-15.795,0.253,-0.253,0.0,-28.933,0.161,-0.161,0.0,2459500.505423,0.001369,-0.001369,0,0.4522013,4.98e-05,-4.98e-05,0,0.5773712,0.3707279,-0.3707279,0,15351.6498068,2037.2416,-2037.2416,0,7.9172286,4.65683,-4.65683,0,731.2387223,,,,1326.2779363,,,,15.0155,0.007,-0.007,0,379.43,21.726,-21.726,0,3739.0,157.0,-157.0,0,4.6228,0.0220427,-0.0220427,0,0.633946,0.0300458,-0.0300458,0,2022-01-06 23:46:18,2023-04-05 12:02:46
5103.01,366443576,APC,08h26m29.77s,126.624043,+10d33m19.34s,10.555371,-7.924,0.081,-0.081,0.0,-7.336,0.057,-0.057,0.0,2459570.084477,0.000808,-0.000808,0,4.9898664,2e-06,-2e-06,0,1.037,0.169,-0.169,0,1850.0,9.57883,-9.57883,0,9.128,0.730217,-0.730217,0,167.032,,,,1001.0,,,,11.5679,0.007,-0.007,0,528.469,13.8585,-13.8585,0,6242.0,123.7,-123.7,0,4.09,0.09,-0.09,0,1.63,0.08,-0.08,0,2022-01-06 23:46:18,2022-04-19 12:02:07
512.02,119292328,APC,06h26m35.21s,96.646702,-38d36m25.96s,-38.60721,3.004,0.042,-0.042,0.0,-109.019,0.044,-0.044,0.0,2459201.06601,0.009132,-0.009132,0,20.2749388,0.0004533,-0.0004533,0,5.788,0.9,-0.9,0,410.0,1.79518,-1.79518,0,1.74398,0.162156,-0.162156,0,56.5944,,,,764.0,,,,8.9767,0.006,-0.006,0,67.3975,0.11655,-0.11655,0,5581.0,187.0,-187.0,0,4.52166,0.26533,-0.26533,0,0.88,0.05,-0.05,0,2021-03-29 18:39:45,2023-07-12 12:03:07
5132.01,114516994,APC,05h53m13.97s,88.308222,+21d55m04.53s,21.917925,-2.003,0.086,-0.086,0.0,-2.653,0.071,-0.071,0.0,2459549.386944,0.000997,-0.000997,0,1.5985577,6.47e-05,-6.47e-05,0,1.19,0.123,-0.123,0,2590.0,1.576,-1.576,0,11.0534,0.518317,-0.518317,0,1717.96,,,,1793.0,,,,10.1485,0.006,-0.006,0,493.91,12.1515,-12.1515,0,7947.0,233.4,-233.4,0,4.04,0.08,-0.08,0,2.2,0.08,-0.08,0,2022-01-25 22:18:29,2023-02-08 12:02:48
5154.01,240849748,APC,22h43m50.33s,340.959712,-16d27m44.87s,-16.462463,6.033,0.1,-0.1,0.0,-3.321,0.083,-0.083,0.0,2459470.788849,0.001686,-0.001686,0,17.7256773,1.23e-05,-1.23e-05,0,1.629,0.081,-0.081,0,2860.0,176.985,-176.985,0,15.4613,2.51723,-2.51723,0,39.274,,,,697.0,,,,10.7203,0.007,-0.007,0,338.491,7.912,-7.912,0,6010.0,124.4,-124.4,0,4.06,0.08,-0.08,0,1.63,0.08,-0.08,0,2022-02-08 20:59:49,2022-06-02 12:03:17
5157.01,38161230,APC,11h24m56.63s,171.235952,-02d05m06.58s,-2.08516,7.0,1.8,-1.8,0.0,3.0,1.5,-1.5,0.0,2460284.25085,0.027495,-0.027495,0,2.5194039,2.02e-05,-2.02e-05,0,1.113,0.034,-0.034,0,1935.0,40.6849,-40.6849,0,7.65729,,,0,219.344,,,,,,,,11.7475,0.006,-0.006,0,476.884,,,0,6380.0,,,0,,,,0,1.76,,,0,2022-02-08 22:12:11,2024-02-01 16:02:02
516.01,318937509,APC,07h29m31.57s,112.381555,+02d50m52.63s,2.847953,18.804,0.151,-0.151,0.0,-38.756,0.11,-0.11,0.0,2458492.649974,0.000949,-0.000949,0,1.04855,7.3e-05,-7.3e-05,0,1.062799,0.058793,-0.058793,0,34644.953978,2105.8394,-2105.8394,0,4.183797,0.977004,-0.977004,0,26.9192494,,,,580.9456261,,,,14.114,0.009,-0.009,0,150.5,2.0185,-2.0185,0,3109.0,98.0,-98.0,0,5.06577,0.548895,-0.548895,0,0.202,0.046,-0.046,0,2019-03-22 22:54:00,2021-12-21 12:01:51
5197.01,219431828,APC,09h46m51s,146.712487,+76d53m37.86s,76.893849,-13.01,0.038,-0.038,0.0,-41.276,0.043,-0.043,0.0,2459588.291193,0.001391,-0.001391,0,20.5773388,5.8e-05,-5.8e-05,0,1.503,0.259,-0.259,0,8520.0,13.7363,-13.7363,0,8.59393,0.629426,-0.629426,0,2.81608,,,,360.0,,,,11.906,0.006,-0.006,0,232.248,1.3955,-1.3955,0,5062.0,122.2,-122.2,0,4.47,0.09,-0.09,0,0.89,0.05,-0.05,0,2022-02-28 23:22:42,2024-08-22 10:08:01
5222.01,30791047,APC,19h18m50.28s,289.709501,+31d38m53.43s,31.648175,-0.51,0.059,-0.059,0.0,-4.223,0.071,-0.071,0.0,2459435.553446,0.00347,-0.00347,0,13.3057762,0.0001522,-0.0001522,0,5.5,0.501,-0.501,0,3700.0,4.02334,-4.02334,0,13.7171,0.827885,-0.827885,0,505.593,,,,1321.0,,,,11.3171,0.012,-0.012,0,900.45,35.1945,-35.1945,0,8104.0,153.6,-153.6,0,4.02,0.08,-0.08,0,2.26,0.11,-0.11,0,2022-02-28 23:23:34,2024-08-22 10:08:01
5245.01,123041007,APC,18h36m13.89s,279.057886,+42d31m09.39s,42.519276,-3.364,2.196,-2.196,0.0,-6.651,2.196,-2.196,0.0,2459446.067776,0.001925,-0.001925,0,0.4305826,5.61e-05,-5.61e-05,0,0.435,0.129,-0.129,0,15510.0,1230.04,-1230.04,0,12.4063,2.70006,-2.70006,0,156.925,,,,986.0,,,,14.5795,0.008,-0.008,0,,,,0,3861.0,157.0,-157.0,0,4.58,0.02,-0.02,0,0.69,0.03,-0.03,0,2022-02-28 23:23:44,2025-01-30 12:03:06
5248.01,256154857,APC,20h00m10.98s,300.045751,+21d44m26.2s,21.740611,8.456,0.086,-0.086,0.0,2.989,0.089,-0.089,0.0,2459794.85633,0.002804,-0.002804,0,0.701239,5.8e-06,-5.8e-06,0,1.05,0.209,-0.209,0,13700.0,1841.77,-1841.77,0,10.9462,,,0,1087.15,,,,1599.0,,,,13.4319,0.02,-0.02,0,423.737,11.3855,-11.3855,0,5126.0,122.0,-122.0,0,4.51,,,0,0.85,,,0,2022-02-28 23:23:45,2025-02-02 12:03:02
5253.01,284660935,APC,11h56m50.85s,179.211893,+58d24m19.28s,58.405356,-24.188,0.026,-0.026,0.0,-10.536,0.025,-0.025,0.0,2459635.041369,0.001878,-0.001878,0,1.1110609,3.2e-06,-3.2e-06,0,1.155,0.169,-0.169,0,4060.0,1888.44,-1888.44,0,12.9236,,,0,2976.45,,,,2057.0,,,,13.286,0.007,-0.007,0,582.471,5.954,-5.954,0,5500.1,172.7,-172.7,0,4.4,,,0,1.02,,,0,2022-02-28 23:23:47,2024-08-22 10:08:01
527.01,148228019,APC,06h44m45.3s,101.188744,-36d39m26.47s,-36.657354,-3.7,1.3,-1.3,0.0,-11.9,1.3,-1.3,0.0,2458470.73838,0.000249,-0.000249,0,18.0892103,8.4e-06,-8.4e-06,0,2.5607235,0.0247519,-0.0247519,0,5526.7158766,39.722977,-39.722977,0,22.2024283,4.0171475,-4.0171475,0,221.7006105,,,,984.1503966,,,,8.2488,0.006,-0.006,0,163.677,,,0,7403.0,211.0,-211.0,0,4.13809,1.60578,-1.60578,0,1.8368599,,,0,2019-02-26 17:36:51,2024-09-07 10:08:02
5276.01,282935857,APC,20h52m42.01s,313.175021,+25d30m10.34s,25.502871,-1.847,0.055,-0.055,0.0,-4.908,0.057,-0.057,0.0,2459444.189059,0.002229,-0.002229,0,2.3612205,1.41e-05,-1.41e-05,0,2.303,0.426,-0.426,0,2410.0,4.98762,-4.98762,0,13.5272,1.02318,-1.02318,0,875.429,,,,1515.0,,,,11.7163,0.009,-0.009,0,749.716,21.0715,-21.0715,0,5766.0,133.5,-133.5,0,3.59,0.08,-0.08,0,2.7,0.16,-0.16,0,2022-02-28 23:23:58,2024-08-22 10:08:01
5287.01,909930,APC,21h52m09.28s,328.038687,-08d25m10.79s,-8.419663,-8.674,0.105,-0.105,0.0,-29.594,0.099,-0.099,0.0,2459468.058757,0.000974,-0.000974,0,4.1976789,0.0004518,-0.0004518,0,3.829,0.148,-0.148,0,6960.0,1.35734,-1.35734,0,14.6667,1.01501,-1.01501,0,713.476,,,,1439.0,,,,10.7217,0.008,-0.008,0,357.584,8.8605,-8.8605,0,6058.0,176.0,-176.0,0,4.02,0.1,-0.1,0,1.71,0.12,-0.12,0,2022-02-28 23:25:38,2024-08-22 10:08:01
5295.01,4619242,APC,23h17m09.34s,349.288896,-09d26m08.49s,-9.435693,53.06,2.0,-2.0,0.0,-142.85,2.0,-2.0,0.0,2459467.507313,0.001082,-0.001082,0,4.3023572,0.0005371,-0.0005371,0,1.579,0.102,-0.102,0,30080.0,24.7973,-24.7973,0,10.2749,0.483136,-0.483136,0,11.1055,,,,508.0,,,,13.0176,0.007,-0.007,0,140.9938,,,0,3504.0,157.0,-157.0,0,4.67,0.01,-0.01,0,0.58,0.02,-0.02,0,2022-02-28 23:25:42,2024-08-22 10:08:01
5307.01,369477998,APC,01h03m32.77s,15.886532,+09d54m50.1s,9.913917,38.216,0.077,-0.077,0.0,-18.202,0.053,-0.053,0.0,2459490.963737,0.002984,-0.002984,0,5.2976347,0.0005887,-0.0005887,0,1.711,0.217,-0.217,0,3920.0,6.66271,-6.66271,0,4.00604,0.453098,-0.453098,0,19.2351,,,,583.0,,,,12.1314,0.007,-0.007,0,105.824,0.4495,-0.4495,0,4031.0,127.2,-127.2,0,4.65,0.12,-0.12,0,0.62,0.06,-0.06,0,2022-02-28 23:27:35,2024-08-22 10:08:01
5320.01,257562160,APC,01h30m34.58s,22.644064,+17d15m16.91s,17.254698,0.653,0.072,-0.072,0.0,-32.575,0.053,-0.053,0.0,2459497.672348,0.001696,-0.001696,0,0.3852177,1.3e-06,-1.3e-06,0,0.319,0.113,-0.113,0,1260.0,40.6367,-40.6367,0,5.99543,0.941018,-0.941018,0,429.583,,,,1268.0,,,,11.422,0.007,-0.007,0,275.255,2.6775,-2.6775,0,5313.9,103.9,-103.9,0,4.19,0.08,-0.08,0,1.27,0.06,-0.06,0,2022-02-28 23:27:40,2024-08-22 10:08:01
5323.01,272146465,APC,00h36m49.59s,9.206607,+02d07m50.68s,2.130744,-5.016,0.203,-0.203,0.0,-7.926,0.14,-0.14,0.0,2459497.678672,0.002043,-0.002043,0,5.8049376,0.0004494,-0.0004494,0,4.055,0.207,-0.207,0,7130.0,2.69321,-2.69321,0,20.5615,2.09018,-2.09018,0,395.882,,,,1242.0,,,,12.2431,0.007,-0.007,0,967.25,85.759,-85.759,0,5978.2,110.4,-110.4,0,3.73,0.11,-0.11,0,2.38,0.24,-0.24,0,2022-02-28 23:27:42,2024-08-22 10:08:01
5325.01,270406298,APC,02h11m39.04s,32.912647,+04d11m32.34s,4.192318,9.774,0.073,-0.073,0.0,14.188,0.072,-0.072,0.0,2459498.292378,0.001351,-0.001351,0,15.057596,3.81e-05,-3.81e-05,0,1.385,0.269,-0.269,0,5380.0,9.77274,-9.77274,0,7.19514,0.492223,-0.492223,0,8.48258,,,,475.0,,,,12.0261,0.007,-0.007,0,339.049,7.813,-7.813,0,5948.0,126.0,-126.0,0,4.54,0.08,-0.08,0,0.92,0.05,-0.05,0,2022-02-28 23:27:43,2025-10-08 12:03:46
5360.01,427578289,APC,03h39m38.43s,54.910139,+28d58m50.23s,28.98062,9.034,0.064,-0.064,0.0,-5.383,0.04,-0.04,0.0,2459882.51727,0.004264,-0.004264,0,4.0107869,3.05e-05,-3.05e-05,0,0.829,0.284,-0.284,0,8290.0,4899.24,-4899.24,0,24.4253,,,0,115.574,,,,913.0,,,,13.3701,0.007,-0.007,0,895.565,36.8165,-36.8165,0,6175.1,85.2,-85.2,0,4.23,,,0,1.38,,,0,2022-02-28 23:29:45,2024-08-22 10:08:01
5376.01,219113246,APC,18h07m02.29s,271.759525,+70d28m21.95s,70.472763,1.497,0.066,-0.066,0.0,10.81,0.068,-0.068,0.0,2459850.073687,0.002804,-0.002804,0,2.9859596,1.21e-05,-1.21e-05,0,1.671,0.257,-0.257,0,1900.0,183.304,-183.304,0,13.2487,0.953968,-0.953968,0,388.241,,,,1236.0,,,,10.8175,0.007,-0.007,0,685.736,16.4045,-16.4045,0,6417.0,124.477,-124.477,0,3.6338,0.0871999,-0.0871999,0,2.87,0.14,-0.14,0,2022-03-01 00:00:36,2023-02-27 12:02:51
5379.01,328325110,APC,07h29m41.79s,112.424109,+50d41m01.68s,50.6838,-7.068,0.066,-0.066,0.0,0.371,0.047,-0.047,0.0,2459942.544324,0.000389,-0.000389,0,12.7426508,1.92e-05,-1.92e-05,0,3.633,0.152,-0.152,0,10765.0,391.768,-391.768,0,16.6789,0.815273,-0.815273,0,213.224,,,,1064.0,,,,9.59788,0.006,-0.006,0,200.226,1.9615,-1.9615,0,6385.0,132.8,-132.8,0,4.21,0.09,-0.09,0,1.47,0.07,-0.07,0,2022-03-01 00:21:55,2024-11-09 12:03:10
5391.01,298600443,APC,18h08m14.57s,272.060717,+53d21m56.04s,53.365566,12.017,0.059,-0.059,0.0,-5.547,0.045,-0.045,0.0,2459865.102473,0.011734,-0.011734,0,13.6421377,0.0002811,-0.0002811,0,3.522,1.17,-1.17,0,413.0,36.5102,-36.5102,0,1.77499,0.152109,-0.152109,0,80.3771,,,,834.0,,,,10.2521,0.006,-0.006,0,170.451,0.9445,-0.9445,0,5961.0,118.2,-118.2,0,4.46,0.08,-0.08,0,1.02,0.05,-0.05,0,2022-03-24 21:38:36,2023-04-28 17:01:17
5394.01,61109252,APC,10h18m17.88s,154.574508,+17d23m47.17s,17.396435,-117.851,0.104,-0.104,0.0,9.136,0.103,-0.103,0.0,2459561.627836,0.000257,-0.000257,0,15.1935123,0.0002181,-0.0002181,0,2.582,0.085,-0.085,0,5720.0,8.91448,-8.91448,0,9.68144,0.568916,-0.568916,0,84.3696,,,,844.0,,,,8.0152,0.006,-0.006,0,64.2806,0.30665,-0.30665,0,5977.0,121.9,-121.9,0,4.42,0.08,-0.08,0,1.07,0.05,-0.05,0,2022-03-24 21:38:38,2024-02-15 12:03:00
5409.01,115628210,APC,05h35m55.92s,83.983008,+31d46m05.8s,31.768279,-0.779,0.058,-0.058,0.0,-3.915,0.043,-0.043,0.0,2459550.047281,0.001641,-0.001641,0,0.594385,3.9e-06,-3.9e-06,0,0.573,0.159,-0.159,0,2280.0,37.0393,-37.0393,0,7.44558,,,0,939.24,,,,1542.0,,,,13.0709,0.013,-0.013,0,675.216,11.85,-11.85,0,6078.0,122.0,-122.0,0,4.27,,,0,1.3,,,0,2022-04-20 18:22:34,2024-11-13 12:03:28
541.01,143271144,APC,06h02m54.6s,90.727491,-30d49m58.46s,-30.832906,-1.274,0.046,-0.046,0.0,5.684,0.051,-0.051,0.0,2459202.495892,0.003794,-0.003794,0,1.3534084,0.0003553,-0.0003553,0,1.8466332,0.2072785,-0.2072785,0,18071.0821704,2663.9375,-2663.9375,0,18.1129716,2.2638414,-2.2638414,0,1620.9195266,,,,1618.3040205,,,,14.7117,0.007,-0.007,0,1105.38,38.44,-38.44,0,4978.0,180.0,-180.0,0,4.438,,,0,1.16766,,,0,2019-03-28 00:07:14,2021-10-29 12:59:15
5425.01,429501231,APC,06h01m43.62s,90.431757,+22d14m44.47s,22.245686,2.642,0.063,-0.063,0.0,-7.9,0.05,-0.05,0.0,2459550.242065,0.001345,-0.001345,0,0.4553752,1.53e-05,-1.53e-05,0,0.604,0.085,-0.085,0,3490.0,13.3721,-13.3721,0,7.9095,0.61584,-0.61584,0,2215.14,,,,1911.0,,,,12.8591,0.007,-0.007,0,554.08,15.7705,-15.7705,0,6439.0,410.9,-410.9,0,4.49,0.12,-0.12,0,1.07,0.06,-0.06,0,2022-04-20 18:22:41,2024-08-22 10:08:01
5426.01,127957099,APC,05h26m35.91s,81.649605,+31d37m58.99s,31.633052,-12.844,0.186,-0.186,0.0,-3.933,0.129,-0.129,0.0,2459913.277313,0.00304,-0.00304,0,5.8095099,4.37e-05,-4.37e-05,0,2.427,0.767,-0.767,0,1750.0,7.3974,-7.3974,0,5.0621,0.51398,-0.51398,0,398.441,,,,1244.0,,,,10.9753,0.006,-0.006,0,283.552,5.272,-5.272,0,6353.1,142.0,-142.0,0,4.42,0.1,-0.1,0,1.15,0.09,-0.09,0,2022-04-20 18:22:42,2025-03-11 12:05:51
5442.01,406684949,APC,09h33m44.5s,143.435397,+06d44m28.92s,6.741368,-4.807,0.087,-0.087,0.0,8.706,0.092,-0.092,0.0,2459541.585225,0.002674,-0.002674,0,12.7091678,5.99e-05,-5.99e-05,0,1.746,0.318,-0.318,0,4620.0,2078.86,-2078.86,0,16.3709,6.31091,-6.31091,0,78.6129,,,,829.0,,,,12.1047,0.009,-0.009,0,499.409,12.037,-12.037,0,6145.0,134.7,-134.7,0,4.31,0.08,-0.08,0,1.25,0.06,-0.06,0,2022-04-20 18:22:49,2025-03-18 12:03:22
5444.01,367193046,APC,06h57m35.01s,104.395856,+25d29m56.09s,25.498913,-3.179,0.078,-0.078,0.0,-8.406,0.063,-0.063,0.0,2459543.136534,0.00205,-0.00205,0,10.2780324,0.0009659,-0.0009659,0,1.642,0.359,-0.359,0,7350.0,21.0328,-21.0328,0,11.8122,0.851445,-0.851445,0,37.8777,,,,691.0,,,,12.1258,0.006,-0.006,0,589.655,14.219,-14.219,0,6545.7,108.0,-108.0,0,4.34,0.09,-0.09,0,1.3,0.06,-0.06,0,2022-04-20 18:22:50,2024-08-22 10:08:01
5445.01,255735567,APC,07h09m42.17s,107.425727,+22d44m29.52s,22.741533,-5.499,0.065,-0.065,0.0,-2.369,0.056,-0.056,0.0,2459539.887666,0.001404,-0.001404,0,6.3780197,0.0004334,-0.0004334,0,1.226,0.383,-0.383,0,7050.0,23.7813,-23.7813,0,18.7767,1.58762,-1.58762,0,71.6141,,,,810.0,,,,11.8888,0.007,-0.007,0,813.803,28.8875,-28.8875,0,6540.2,146.9,-146.9,0,3.96,0.1,-0.1,0,2.03,0.12,-0.12,0,2022-04-20 18:22:50,2024-08-22 10:08:01
5465.01,87827371,APC,07h08m47.88s,107.199487,+24d15m21.31s,24.255919,-8.682,0.045,-0.045,0.0,-12.269,0.04,-0.04,0.0,2460237.819448,0.001756,-0.001756,0,4.3983492,0.0002943,-0.0002943,0,2.0638959,0.1627529,-0.1627529,0,10124.9081186,668.90216,-668.90216,0,18.5093039,20.580873,-20.580873,0,509.9050351,,,,1211.9705717,,,,12.8749,0.007,-0.007,0,627.935,9.5015,-9.5015,0,5717.9,114.2,-114.2,0,4.27,0.08,-0.08,0,1.22096,0.0593367,-0.0593367,0,2022-04-20 18:22:59,2024-11-15 16:02:02
5470.01,367267217,APC,06h04m38.97s,91.162383,+31d44m11.18s,31.73644,2.87,0.074,-0.074,0.0,-11.278,0.062,-0.062,0.0,2459550.285455,0.002247,-0.002247,0,1.450491,7.36e-05,-7.36e-05,0,1.286,0.176,-0.176,0,3870.0,6.75187,-6.75187,0,8.43132,0.581602,-0.581602,0,757.504,,,,1461.0,,,,12.5627,0.006,-0.006,0,594.261,18.6995,-18.6995,0,6067.0,173.2,-173.2,0,4.27,0.09,-0.09,0,1.29,0.07,-0.07,0,2022-04-20 18:23:01,2024-08-22 10:08:01
5475.01,78601408,APC,05h56m32.94s,89.137237,+25d41m02.23s,25.683953,-0.252,0.08,-0.08,0.0,-11.634,0.063,-0.063,0.0,2459540.386039,0.002112,-0.002112,0,10.0532043,0.000738,-0.000738,0,1.543,0.61,-0.61,0,5160.0,76.5588,-76.5588,0,11.5364,1.55053,-1.55053,0,55.4002,,,,760.0,,,,12.2106,0.015,-0.015,0,655.835,19.56,-19.56,0,6553.2,111.1,-111.1,0,4.26,0.09,-0.09,0,1.43,0.09,-0.09,0,2022-04-20 18:23:03,2024-08-22 10:08:01
5478.01,95122849,APC,07h38m58.07s,114.741958,+29d25m43.54s,29.428761,-6.593,0.079,-0.079,0.0,-15.467,0.063,-0.063,0.0,2459592.058475,0.001095,-0.001095,0,8.3026667,2.95e-05,-2.95e-05,0,5.728,0.145,-0.145,0,6940.0,0.869686,-0.869686,0,14.6377,0.833382,-0.833382,0,304.209,,,,1163.0,,,,12.0515,0.007,-0.007,0,591.13,15.4905,-15.4905,0,5656.0,124.9,-124.9,0,3.95,0.08,-0.08,0,1.75,0.1,-0.1,0,2022-04-20 19:54:39,2024-08-22 10:08:01
5484.01,443961200,APC,08h16m04.1s,124.01708,+08d49m23.67s,8.823241,-3.101,0.226,-0.226,0.0,-6.15,0.137,-0.137,0.0,2459577.988902,0.0006,-0.0006,0,1.1282471,1.7e-06,-1.7e-06,0,1.411,0.228,-0.228,0,2920.0,1.53724,-1.53724,0,8.57678,0.708055,-0.708055,0,2317.44,,,,1932.0,,,,11.394,0.006,-0.006,0,463.462,30.205,-30.205,0,6655.8,268.0,-268.0,0,4.25,0.07,-0.07,0,1.49,0.12,-0.12,0,2022-04-20 19:54:42,2024-08-22 10:08:01
5518.01,386620582,APC,08h16m36.67s,124.152799,+16d23m33.4s,16.392612,-6.998,1.773,-1.773,0.0,-14.787,0.981,-0.981,0.0,2459572.280265,0.000495,-0.000495,0,4.469996,6e-05,-6e-05,0,3.524,0.1,-0.1,0,9280.0,0.500927,-0.500927,0,11.2936,0.620807,-0.620807,0,894.532,,,,1523.0,,,,10.927,0.049,-0.049,0,379.6726,66.2285,-66.2285,0,6948.0,189.1,-189.1,0,,,,0,1.12,0.06,-0.06,0,2022-04-20 19:54:58,2024-08-22 10:08:01
5522.01,366409685,APC,08h25m33.17s,126.388216,+10d10m14.09s,10.170581,1.189,0.079,-0.079,0.0,-6.653,0.049,-0.049,0.0,2459230.030899,0.000561,-0.000561,0,1.3852161,5.8e-06,-5.8e-06,0,0.7629247,0.2150957,-0.2150957,0,1913.3334637,158.83829,-158.83829,0,6.5271985,3.3137684,-3.3137684,0,4355.2530871,,,,2071.9205547,,,,11.9589,0.007,-0.007,0,571.447,15.7195,-15.7195,0,6294.0,127.014,-127.014,0,4.20464,0.0904479,-0.0904479,0,1.451,0.0793919,-0.0793919,0,2022-04-20 21:11:26,2025-07-09 16:00:02
5596.01,203144354,APC,07h05m20.78s,106.336563,+42d50m52.47s,42.847909,2.973,0.044,-0.044,0.0,-3.086,0.039,-0.039,0.0,2459606.549481,0.001561,-0.001561,0,0.3642961,1.3e-06,-1.3e-06,0,0.689,0.265,-0.265,0,3430.0,60.1406,-60.1406,0,15.3432,,,0,4454.77,,,,2276.0,,,,13.2995,0.008,-0.008,0,1439.26,54.09,-54.09,0,6164.3,39.0,-39.0,0,3.83,,,0,2.17,,,0,2022-05-17 20:13:21,2024-08-22 10:08:01
5643.01,284592754,APC,12h24m18.78s,186.07825,+44d13m53.64s,44.231568,-41.357,0.032,-0.032,0.0,11.212,0.037,-0.037,0.0,2459644.889804,0.002183,-0.002183,0,17.1101127,0.0032404,-0.0032404,0,2.631,0.243,-0.243,0,8560.0,8.47233,-8.47233,0,9.37745,0.546688,-0.546688,0,17.8387,,,,572.0,,,,12.3255,0.007,-0.007,0,409.36,5.171,-5.171,0,5834.7,116.5,-116.5,0,4.47,0.07,-0.07,0,0.99,0.05,-0.05,0,2022-06-02 21:09:12,2025-01-13 12:03:09
5644.01,441658213,APC,14h00m28.62s,210.119238,+55d18m56.12s,55.31559,28.385,0.181,-0.181,0.0,-58.522,0.158,-0.158,0.0,2459660.036393,0.001536,-0.001536,0,6.640285,1.43e-05,-1.43e-05,0,1.257,0.295,-0.295,0,5700.0,8.47036,-8.47036,0,7.34873,0.523529,-0.523529,0,26.3908,,,,631.0,,,,11.9816,0.007,-0.007,0,256.116,7.8085,-7.8085,0,5035.9,106.6,-106.6,0,4.51,0.08,-0.08,0,0.87,0.05,-0.05,0,2022-06-02 21:09:12,2024-08-22 10:08:01
565.01,1103432,APC,08h42m19.55s,130.581439,-17d11m21.93s,-17.189424,-3.973,0.035,-0.035,0.0,2.483,0.028,-0.028,0.0,2459966.215011,0.001271,-0.001271,0,3.7271641,0.0004188,-0.0004188,0,3.922972,0.0926255,-0.0926255,0,17476.7084817,387.37643,-387.37643,0,25.3271046,1.4254278,-1.4254278,0,1675.5662669,,,,1631.7745361,,,,12.8283,0.006,-0.006,0,988.801,26.3325,-26.3325,0,6231.0,191.0,-191.0,0,4.26445,,,0,1.82228,0.0976309,-0.0976309,0,2019-04-05 20:18:16,2023-06-15 16:02:02
5659.01,207491214,APC,16h25m15.72s,246.315511,+57d33m44.69s,57.562413,12.576,0.03,-0.03,0.0,-22.461,0.032,-0.032,0.0,2459911.312652,0.00388,-0.00388,0,6.2230846,1e-05,-1e-05,0,4.405,0.093,-0.093,0,12370.0,1.37111,-1.37111,0,16.4857,,,0,347.18,,,,1202.0,,,,13.0445,0.007,-0.007,0,803.472,10.7605,-10.7605,0,5845.3,117.7,-117.7,0,4.14,,,0,1.44,,,0,2022-06-02 21:09:51,2024-09-04 12:02:50
5677.01,287959034,APC,14h25m44.25s,216.43439,-03d00m09.94s,-3.002761,-109.862,0.104,-0.104,0.0,-10.177,0.124,-0.124,0.0,2460776.120808,0.000891,-0.000891,0,3.8480524,0.0002645,-0.0002645,0,1.0142569,0.0581626,-0.0581626,0,2571.1163277,161.64854,-161.64854,0,6.8199698,0.4430237,-0.4430237,0,637.2361031,,,,1281.4298691,,,,9.50835,0.006,-0.006,0,137.2,1.126,-1.126,0,6153.0,143.117,-143.117,0,4.401,0.0877073,-0.0877073,0,1.12835,0.0540578,-0.0540578,0,2022-07-07 18:50:05,2026-01-15 16:00:02
5681.01,207439380,APC,16h19m07.36s,244.780658,+55d55m30.87s,55.925243,-11.22,0.075,-0.075,0.0,15.334,0.078,-0.078,0.0,2459743.020121,0.000894,-0.000894,0,1.1041295,2.5e-06,-2.5e-06,0,1.18,0.331,-0.331,0,12540.0,113.148,-113.148,0,10.6327,1.24562,-1.24562,0,652.193,,,,1407.0,,,,12.8086,0.006,-0.006,0,336.074,3.7405,-3.7405,0,4974.0,126.4,-126.4,0,4.46,0.09,-0.09,0,0.88,0.06,-0.06,0,2022-07-14 20:57:21,2024-08-22 10:08:01
5687.01,281100535,APC,15h15m53.97s,228.974876,+10d27m40.55s,10.461265,-21.094,0.123,-0.123,0.0,10.197,0.193,-0.193,0.0,2459716.984797,0.001754,-0.001754,0,2.924439,0.0003786,-0.0003786,0,1.448,0.143,-0.143,0,11110.0,12.4639,-12.4639,0,8.56554,0.586535,-0.586535,0,81.7751,,,,837.0,,,,11.536,0.006,-0.006,0,153.891,1.9855,-1.9855,0,4803.0,102.5,-102.5,0,4.56,0.08,-0.08,0,0.77,0.05,-0.05,0,2022-07-14 20:57:24,2024-08-22 10:08:01
5694.01,23638678,APC,14h27m19.43s,216.830952,-07d32m51.16s,-7.547545,-33.74,0.126,-0.126,0.0,-14.277,0.098,-0.098,0.0,2459717.468321,0.003596,-0.003596,0,1.1544795,0.0002586,-0.0002586,0,0.817,0.15,-0.15,0,51180.0,444.098,-444.098,0,16.9317,1.54695,-1.54695,0,39.7301,,,,699.0,,,,14.4753,0.008,-0.008,0,276.652,5.2025,-5.2025,0,3543.0,157.0,-157.0,0,4.63,0.01,-0.01,0,0.62,0.02,-0.02,0,2022-07-14 20:57:27,2025-04-07 12:03:13
572.01,289535142,APC,08h46m05.98s,131.524924,-13d12m10.33s,-13.20287,-10.323,0.062,-0.062,0.0,3.985,0.05,-0.05,0.0,2459229.624094,0.000715,-0.000715,0,2.3382709,0.0001192,-0.0001192,0,2.895948,0.0604814,-0.0604814,0,14693.7520628,238.09267,-238.09267,0,14.5827994,0.789068,-0.789068,0,1647.3431502,,,,1624.8593288,,,,12.54,0.007,-0.007,0,660.815,18.8375,-18.8375,0,6621.0,196.0,-196.0,0,4.20742,,,0,1.17441,0.0603869,-0.0603869,0,2019-04-13 04:58:29,2021-10-29 12:59:15
573.01,296780789,APC,09h29m23.26s,142.346908,-14d30m42.16s,-14.511711,-51.465,0.099,-0.099,0.0,-92.298,0.09,-0.09,0.0,2458524.632416,0.000109,-0.000109,0,13.5773431,1.6e-06,-1.6e-06,0,1.7245219,0.0283359,-0.0283359,0,156034.718417,1739.1884,-1739.1884,0,19.8484205,37.769806,-37.769806,0,18.9098286,,,,531.8530421,,,,12.519,0.04,-0.04,0,88.3935,0.41535,-0.41535,0,3404.0,67.0,-67.0,0,4.91079,0.395467,-0.395467,0,0.338,0.057,-0.057,0,2019-04-13 04:58:29,2024-09-19 10:08:01
5756.01,72889156,APC,16h56m39.54s,254.164732,+37d46m59.66s,37.783239,-37.314,2.156,-2.156,0.0,12.622,2.156,-2.156,0.0,2459742.759507,0.003033,-0.003033,0,7.6408565,0.0007962,-0.0007962,0,0.99,0.197,-0.197,0,23050.0,130.16,-130.16,0,9.43925,0.760218,-0.760218,0,1.50483,,,,308.0,,,,14.0287,0.007,-0.007,0,,,,0,3517.0,157.0,-157.0,0,4.69,0.01,-0.01,0,0.56,0.02,-0.02,0,2022-09-01 23:36:37,2024-08-22 10:08:01
5761.01,428703516,APC,03h09m40.14s,47.417232,+75d02m51.32s,75.04759,-14.812,0.039,-0.039,0.0,-8.731,0.042,-0.042,0.0,2459722.313637,0.002775,-0.002775,0,19.5422056,8.13e-05,-8.13e-05,0,3.465,0.226,-0.226,0,4120.0,2.70867,-2.70867,0,5.05981,0.328836,-0.328836,0,15.7305,,,,554.0,,,,11.7149,0.006,-0.006,0,192.846,1.0015,-1.0015,0,5221.0,146.5,-146.5,0,4.62,0.09,-0.09,0,0.77,0.05,-0.05,0,2022-09-01 23:36:39,2024-09-10 12:02:48
5766.01,353225230,APC,16h55m54.96s,253.97902,+14d57m57.9s,14.966082,13.833,0.021,-0.021,0.0,-18.687,0.021,-0.021,0.0,2459742.700661,0.00235,-0.00235,0,0.5721596,2e-06,-2e-06,0,1.127,0.342,-0.342,0,6530.0,61.5635,-61.5635,0,9.61266,,,0,3696.08,,,,2172.0,,,,13.0009,0.006,-0.006,0,550.385,4.855,-4.855,0,5560.2,24.9,-24.9,0,4.33,,,0,1.12,,,0,2022-09-01 23:36:41,2024-08-22 10:08:01
577.01,410094645,APC,08h53m02.14s,133.258916,-22d11m53.31s,-22.198143,-0.871,0.053,-0.053,0.0,0.084,0.042,-0.042,0.0,2459277.162004,0.000739,-0.000739,0,3.329754,4e-06,-4e-06,0,2.862,0.119,-0.119,0,21380.0,4.51773,-4.51773,0,22.3335,1.22637,-1.22637,0,694.276,,,,1430.0,,,,12.4167,0.007,-0.007,0,680.747,18.115,-18.115,0,7341.0,189.0,-189.0,0,4.14244,,,0,1.5,0.08,-0.08,0,2019-04-13 04:58:29,2021-10-29 12:59:15
5790.01,187333348,APC,19h27m23.35s,291.847279,-15d18m43.48s,-15.312077,15.663,0.139,-0.139,0.0,-19.508,0.106,-0.106,0.0,2459793.865917,0.002949,-0.002949,0,2.1981511,0.0005184,-0.0005184,0,1.747,0.275,-0.275,0,3880.0,9.59453,-9.59453,0,22.1803,1.64578,-1.64578,0,1034.78,,,,1580.0,,,,8.73331,0.007,-0.007,0,337.653,10.225,-10.225,0,6898.0,195.6,-195.6,0,3.53,0.09,-0.09,0,3.49,0.18,-0.18,0,2022-09-22 22:56:08,2025-12-20 12:05:40
5792.01,95423778,APC,19h42m47.48s,295.697851,+03d34m00.04s,3.566678,35.026,0.058,-0.058,0.0,6.163,0.04,-0.04,0.0,2459795.466098,0.001102,-0.001102,0,0.7036041,4.8e-05,-4.8e-05,0,0.81,0.091,-0.091,0,3360.0,4.16915,-4.16915,0,7.01336,0.433816,-0.433816,0,1029.5,,,,1578.0,,,,10.492,0.006,-0.006,0,183.242,1.211,-1.211,0,5726.0,332.4,-332.4,0,4.36,0.1,-0.1,0,1.11,0.06,-0.06,0,2022-09-22 22:56:09,2023-08-09 12:03:20
585.01,190990336,APC,08h57m29.52s,134.373008,-39d46m42.32s,-39.778423,-15.209,0.041,-0.041,0.0,0.244,0.05,-0.05,0.0,2460009.617078,0.004942,-0.004942,0,5.547255,5.3e-05,-5.3e-05,0,4.835,0.041,-0.041,0,11569.0,0.324936,-0.324936,0,19.6103,0.897919,-0.897919,0,1064.8261726,,,,1456.9324919,,,,8.9544,0.006,-0.006,0,157.612,0.811,-0.811,0,6118.1,137.4,-137.4,0,4.29,0.33,-0.33,0,1.66,0.08,-0.08,0,2019-04-01 16:51:58,2023-04-12 16:02:02
5860.01,462372373,APC,20h19m41.54s,304.923086,+11d03m10.25s,11.052848,-29.872,0.057,-0.057,0.0,3.225,0.049,-0.049,0.0,2459795.355448,0.001883,-0.001883,0,5.2498931,0.000853,-0.000853,0,1.666,0.409,-0.409,0,9200.0,964.81,-964.81,0,12.9409,4.39803,-4.39803,0,109.163,,,,900.0,,,,12.0019,0.006,-0.006,0,442.817,7.9605,-7.9605,0,5988.0,154.6,-154.6,0,4.27,0.08,-0.08,0,1.27,0.07,-0.07,0,2022-11-02 17:59:31,2024-08-22 10:08:01
5883.01,283759999,APC,21h03m31.14s,315.879749,+18d41m47.48s,18.696523,-5.887,0.051,-0.051,0.0,-5.955,0.057,-0.057,0.0,2459823.64314,0.001708,-0.001708,0,0.5223032,5.47e-05,-5.47e-05,0,0.685,0.311,-0.311,0,4390.0,2316.29,-2316.29,0,14.2556,2.99684,-2.99684,0,3259.1,,,,2104.0,,,,12.5701,0.007,-0.007,0,882.718,25.143,-25.143,0,6285.0,122.9,-122.9,0,4.06,0.09,-0.09,0,1.72,0.09,-0.09,0,2022-11-08 19:58:04,2024-08-22 10:08:01
5895.01,243464977,APC,20h38m22.82s,309.595065,+21d01m18.81s,21.021892,0.886,0.065,-0.065,0.0,-18.852,0.064,-0.064,0.0,2459817.305132,0.001705,-0.001705,0,3.6491012,1.24e-05,-1.24e-05,0,1.691,0.2,-0.2,0,5880.0,384.413,-384.413,0,11.0954,0.759646,-0.759646,0,144.518,,,,965.0,,,,12.0995,0.006,-0.006,0,486.566,11.0335,-11.0335,0,5628.0,128.8,-128.8,0,4.14,0.08,-0.08,0,1.4,0.08,-0.08,0,2022-11-08 19:58:09,2024-09-24 12:02:46
5906.01,276376289,APC,20h53m57.5s,313.489596,+42d44m36.7s,42.743527,13.597,0.045,-0.045,0.0,1.373,0.044,-0.044,0.0,2459801.150591,0.00146,-0.00146,0,30.1181254,0.0018698,-0.0018698,0,3.3132176,0.1234416,-0.1234416,0,14201.3576216,621.14484,-621.14484,0,16.7776477,3.4213755,-3.4213755,0,34.9078647,,,,619.9413012,,,,11.2922,0.006,-0.006,0,283.463,2.103,-2.103,0,5809.0,127.0,-127.0,0,4.35,0.08,-0.08,0,1.1248,0.0552211,-0.0552211,0,2022-11-08 19:58:14,2024-10-03 10:08:02
5913.01,289313987,APC,20h59m27.78s,314.865755,+20d05m59.69s,20.099913,-6.694,0.054,-0.054,0.0,-16.349,0.06,-0.06,0.0,2459819.81816,0.001767,-0.001767,0,10.1522322,0.0014062,-0.0014062,0,6.614,0.252,-0.252,0,9641.0,247.711,-247.711,0,19.4581,0.966704,-0.966704,0,466.261,,,,1294.0,,,,11.7685,0.008,-0.008,0,694.7,17.846,-17.846,0,6509.0,127.7,-127.7,0,4.0,0.09,-0.09,0,1.92,0.09,-0.09,0,2022-11-08 19:58:17,2024-08-22 10:08:01
5936.01,396378209,APC,20h56m57.68s,314.240317,+03d59m49.26s,3.997017,8.993,0.046,-0.046,0.0,-11.183,0.047,-0.047,0.0,2459823.973097,0.001813,-0.001813,0,0.3781425,3.95e-05,-3.95e-05,0,0.473,0.199,-0.199,0,4760.0,2483.58,-2483.58,0,9.06704,,,0,946.484,,,,1545.0,,,,13.0338,0.008,-0.008,0,406.197,4.5435,-4.5435,0,5080.0,122.0,-122.0,0,4.4,,,0,0.96,,,0,2022-11-08 19:58:28,2025-04-23 12:03:01
5948.01,419878932,APC,22h30m47.02s,337.695918,+08d38m24.53s,8.640146,29.636,0.075,-0.075,0.0,-3.139,0.07,-0.07,0.0,2459848.707937,0.002348,-0.002348,0,7.9058861,0.0019283,-0.0019283,0,0.867,0.272,-0.272,0,2370.0,440.542,-440.542,0,12.3664,1.11122,-1.11122,0,15.0146,,,,548.0,,,,10.1223,0.006,-0.006,0,333.474,4.575,-4.575,0,6294.0,140.7,-140.7,0,3.88,0.09,-0.09,0,2.1,0.1,-0.1,0,2022-11-16 01:02:43,2023-09-05 12:02:51
5977.01,12938488,APC,19h54m10.22s,298.542574,+26d52m44.17s,26.878936,5.129,0.105,-0.105,0.0,-8.574,0.099,-0.099,0.0,2459419.98927,0.000578,-0.000578,0,0.4317124,7.4e-06,-7.4e-06,0,0.8674164,0.1243517,-0.1243517,0,19454.2065361,1327.4862,-1327.4862,0,8.4942819,0.9163717,-0.9163717,0,365.8471618,,,,1115.4360389,,,,14.6343,0.008,-0.008,0,236.385,4.161,-4.161,0,3180.0,157.0,-157.0,0,4.66041,0.0118629,-0.0118629,0,0.58914,0.0187465,-0.0187465,0,2022-12-01 22:59:54,2025-01-15 12:03:15
602.01,175176327,APC,07h43m18.08s,115.825326,-36d29m48.17s,-36.496714,-4.472,0.067,-0.067,0.0,10.547,0.069,-0.069,0.0,2459235.384395,0.001096,-0.001096,0,11.0998745,2.34e-05,-2.34e-05,0,2.1987363,0.1195517,-0.1195517,0,4867.1256349,195.20651,-195.20651,0,27.7781976,26.488483,-26.488483,0,3861.142775,,,,2010.4751747,,,,10.0465,0.007,-0.007,0,613.411,15.5475,-15.5475,0,10633.0,303.4,-303.4,0,4.08,0.07,-0.07,0,2.5065,0.0785578,-0.0785578,0,2019-04-13 05:20:07,2025-06-03 16:00:01
6036.01,129756316,APC,02h19m20.85s,34.836888,+40d59m38.2s,40.993944,31.088,0.09,-0.09,0.0,-14.244,0.092,-0.092,0.0,2460623.037278,0.000396,-0.000396,0,6.5234669,3e-06,-3e-06,0,5.814,0.24,-0.24,0,7191.0,50.1588,-50.1588,0,17.8406,0.879011,-0.879011,0,897.345,,,,1524.0,,,,9.74061,0.006,-0.006,0,300.063,6.5685,-6.5685,0,6409.0,125.6,-125.6,0,3.93,0.09,-0.09,0,2.04,0.1,-0.1,0,2023-01-20 00:27:44,2025-07-08 10:08:01
6053.01,66091052,APC,04h43m55.18s,70.979903,+61d51m33.61s,61.859336,-5.033,0.106,-0.106,0.0,3.628,0.119,-0.119,0.0,2459912.417156,0.001351,-0.001351,0,2.2118281,0.0002114,-0.0002114,0,2.5738654,0.1246114,-0.1246114,0,2215.4831814,239.26181,-239.26181,0,10.3424055,1.0489104,-1.0489104,0,8662.5781435,,,,2460.5462963,,,,9.89943,0.006,-0.006,0,359.465,8.4845,-8.4845,0,7690.0,288.526,-288.526,0,4.03855,0.0841464,-0.0841464,0,2.12813,0.0836382,-0.0836382,0,2023-02-08 21:13:38,2023-12-28 12:02:42
608.01,186547153,APC,08h51m21.32s,132.838846,-34d25m54.68s,-34.431856,-5.3,1.9,-1.9,0.0,2.4,1.9,-1.9,0.0,2460011.845422,0.00069,-0.00069,0,1.1908287,1.7e-06,-1.7e-06,0,1.834,0.215,-0.215,0,2040.0,1098.4,-1098.4,0,14.221,,,0,52597.1,,,,,,,,10.1978,0.006,-0.006,0,500.647,,,0,7471.9,126.4,-126.4,0,4.09,1.38,-1.38,0,2.14,,,0,2019-04-13 05:20:07,2023-04-12 16:02:02
609.01,134404603,APC,08h09m21.55s,122.339812,-39d09m52.52s,-39.164589,-81.983,0.05,-0.05,0.0,76.617,0.04,-0.04,0.0,2460007.604027,0.000739,-0.000739,0,4.9699991,2.6e-06,-2.6e-06,0,1.363,0.215,-0.215,0,12601.0,2987.94,-2987.94,0,21.4073,1.5824,-1.5824,0,112.974,,,,908.0,,,,9.836,0.006,-0.006,0,144.623,0.608,-0.608,0,5759.0,128.2,-128.2,0,4.3,0.08,-0.08,0,1.19,0.06,-0.06,0,2019-04-13 05:20:07,2023-04-12 16:02:02
6106.01,258234731,APC,08h28m04.61s,127.019217,-24d10m01.06s,-24.166962,-18.304,0.041,-0.041,0.0,10.329,0.033,-0.033,0.0,2459964.624513,0.000718,-0.000718,0,6.4240944,0.0003886,-0.0003886,0,4.0307342,0.0548296,-0.0548296,0,19637.6137844,334.33398,-334.33398,0,14.8362261,0.7685802,-0.7685802,0,212.2599833,,,,973.5018496,,,,11.646,0.006,-0.006,0,294.59,2.534,-2.534,0,5618.0,122.896,-122.896,0,4.39959,0.0792673,-0.0792673,0,1.04006,0.0520176,-0.0520176,0,2023-03-23 19:52:45,2023-03-31 12:03:09
6111.01,189322727,APC,20h38m49.98s,309.708254,+44d47m31.08s,44.791967,-0.868,0.041,-0.041,0.0,-5.752,0.043,-0.043,0.0,2459848.780642,0.000641,-0.000641,0,5.8340292,1.12e-05,-1.12e-05,0,1.289,0.333,-0.333,0,11944.0,1098.17,-1098.17,0,12.1719,0.885801,-0.885801,0,42.4777,,,,711.0,,,,11.6894,0.006,-0.006,0,302.326,2.342,-2.342,0,5698.0,185.2,-185.2,0,4.4,0.08,-0.08,0,1.06,0.06,-0.06,0,2023-03-30 21:13:34,2024-08-22 10:08:01
6156.01,117072799,APC,21h17m10.26s,319.292752,+34d55m03.22s,34.91756,0.081,0.042,-0.042,0.0,0.747,0.046,-0.046,0.0,2459852.126647,0.001951,-0.001951,0,12.6885127,0.0008038,-0.0008038,0,1.507,0.213,-0.213,0,12512.0,798.953,-798.953,0,16.2893,0.924947,-0.924947,0,32.0654,,,,662.0,,,,12.5126,0.009,-0.009,0,938.702,28.135,-28.135,0,7710.0,134.2,-134.2,0,4.37,0.09,-0.09,0,1.45,0.06,-0.06,0,2023-03-30 21:13:40,2024-08-22 10:08:01
6209.01,200606486,APC,22h37m51.26s,339.463592,+45d09m35.85s,45.159958,-32.053,0.087,-0.087,0.0,-17.992,0.085,-0.085,0.0,2459881.944818,0.001262,-0.001262,0,0.747693,2e-06,-2e-06,0,0.684,0.289,-0.289,0,3434.0,1210.82,-1210.82,0,6.17927,0.975121,-0.975121,0,414.266,,,,1256.0,,,,12.9672,0.006,-0.006,0,314.979,5.8315,-5.8315,0,4825.0,140.2,-140.2,0,4.47,0.09,-0.09,0,0.86,0.06,-0.06,0,2023-04-03 20:51:23,2024-08-22 10:08:01
621.01,30828562,APC,08h58m52.4s,134.718341,-43d27m10.07s,-43.452796,-29.488,0.058,-0.058,0.0,20.116,0.06,-0.06,0.0,2459304.418696,0.000215,-0.000215,0,3.1123343,1e-06,-1e-06,0,2.388,0.094,-0.094,0,6080.0,431.621,-431.621,0,22.1621,4.44325,-4.44325,0,7091.97,,,,2556.0,,,,8.1327,0.006,-0.006,0,184.125,1.1845,-1.1845,0,7850.0,217.0,-217.0,0,4.08695,0.341185,-0.341185,0,1.92,0.06,-0.06,0,2019-04-10 17:25:16,2024-10-10 10:08:04
6210.01,326116570,APC,22h06m14.99s,331.562453,+52d16m07.03s,52.26862,-6.631,0.049,-0.049,0.0,-8.574,0.044,-0.044,0.0,2459876.706893,0.002579,-0.002579,0,7.8580085,2.81e-05,-2.81e-05,0,6.999,0.502,-0.502,0,4378.0,148.809,-148.809,0,21.4783,1.29399,-1.29399,0,908.368,,,,1529.0,,,,11.707,0.008,-0.008,0,1093.37,34.785,-34.785,0,6406.0,127.3,-127.3,0,3.46,0.09,-0.09,0,3.5,0.19,-0.19,0,2023-04-03 20:51:24,2024-08-22 10:08:01
6235.01,150902766,APC,00h16m52.59s,4.219134,+20d25m58.03s,20.432785,17.828,0.046,-0.046,0.0,-142.608,0.048,-0.048,0.0,2459872.368343,0.001318,-0.001318,0,7.8209807,0.0009544,-0.0009544,0,1.183,0.403,-0.403,0,15145.0,21576.0,-21576.0,0,14.2139,4.73496,-4.73496,0,43.9112,,,,717.0,,,,12.8967,0.007,-0.007,0,374.957,4.0135,-4.0135,0,5917.0,125.6,-125.6,0,4.76,0.08,-0.08,0,0.71,0.04,-0.04,0,2023-04-03 20:51:29,2024-08-22 10:08:01
6236.01,405532603,APC,23h56m45.27s,359.188611,+28d36m36.27s,28.610076,28.772,0.054,-0.054,0.0,-3.323,0.036,-0.036,0.0,2459882.031252,0.001074,-0.001074,0,3.3045926,0.0002333,-0.0002333,0,1.322,0.136,-0.136,0,8637.0,405.73,-405.73,0,12.7666,0.6898,-0.6898,0,145.508,,,,967.0,,,,11.4715,0.008,-0.008,0,403.61,7.495,-7.495,0,6102.0,117.9,-117.9,0,4.22,0.08,-0.08,0,1.38,0.06,-0.06,0,2023-04-03 20:51:29,2024-08-22 10:08:01
6244.01,431216437,APC,22h54m12.77s,343.553201,+52d23m01.55s,52.383764,24.812,0.232,-0.232,0.0,18.532,0.228,-0.228,0.0,2459879.165546,0.000222,-0.000222,0,2.5553078,7e-07,-7e-07,0,2.332,0.109,-0.109,0,12879.0,145.639,-145.639,0,15.4336,1.15448,-1.15448,0,551.23,,,,1349.0,,,,10.5508,0.007,-0.007,0,230.559,7.8485,-7.8485,0,5739.2,144.3,-144.3,0,4.22,0.09,-0.09,0,1.3,0.1,-0.1,0,2023-04-03 20:51:31,2024-08-22 10:08:01
6272.01,33303538,APC,09h59m40.43s,149.91844,-06d54m21.83s,-6.906064,5.04,0.084,-0.084,0.0,-3.478,0.088,-0.088,0.0,2459989.253135,0.002089,-0.002089,0,2.5141406,0.0003549,-0.0003549,0,2.5419014,0.1269037,-0.1269037,0,3574.8850313,151.41582,-151.41582,0,17.7772903,15.106553,-15.106553,0,3909.7422133,,,,2016.7718944,,,,10.7852,0.008,-0.008,0,476.194,13.515,-13.515,0,6880.0,132.624,-132.624,0,4.08875,0.0938743,-0.0938743,0,1.82496,0.093799,-0.093799,0,2023-04-13 19:49:20,2024-03-14 12:03:18
630.01,123898871,APC,06h03m39.84s,90.916011,-19d02m27.02s,-19.04084,-4.403,0.202,-0.202,0.0,6.224,0.229,-0.229,0.0,2459226.360983,0.000446,-0.000446,0,4.9091704,1.53e-05,-1.53e-05,0,4.042,0.512,-0.512,0,13100.0,0.376031,-0.376031,0,20.5266,0.992579,-0.992579,0,1286.54,,,,1668.0,,,,9.84786,0.006,-0.006,0,309.705,10.4445,-10.4445,0,7210.5,161.0,-161.0,0,4.11,0.5,-0.5,0,1.7,0.08,-0.08,0,2019-04-23 16:24:11,2024-09-19 10:08:01
6338.01,186715217,APC,03h03m50.32s,45.959667,+40d19m28.4s,40.324556,49.899,0.108,-0.108,0.0,-0.419,0.094,-0.094,0.0,2459909.930562,0.001681,-0.001681,0,1.4491171,0.0001644,-0.0001644,0,1.051,0.143,-0.143,0,23384.0,2545.19,-2545.19,0,10.794,0.627172,-0.627172,0,48.8379,,,,736.0,,,,14.2955,0.007,-0.007,0,249.517,5.3995,-5.3995,0,3581.0,157.0,-157.0,0,4.65,0.01,-0.01,0,0.6,0.02,-0.02,0,2023-05-03 22:21:23,2024-11-20 12:02:56
6342.01,184739529,APC,02h13m23.75s,33.348951,+36d31m19.18s,36.521995,181.067,0.054,-0.054,0.0,-21.199,0.069,-0.069,0.0,2459895.572362,0.000365,-0.000365,0,9.3568116,6.4e-06,-6.4e-06,0,1.117,0.11,-0.11,0,28673.0,2195.44,-2195.44,0,13.6687,0.757348,-0.757348,0,8.92217,,,,481.0,,,,12.7058,0.008,-0.008,0,299.126,2.7675,-2.7675,0,5866.0,128.2,-128.2,0,4.89,0.08,-0.08,0,0.61,0.03,-0.03,0,2023-05-03 22:21:23,2024-11-25 12:03:07
6352.01,459102737,APC,04h05m50.59s,61.460788,+64d15m15.49s,64.254302,11.942,0.042,-0.042,0.0,49.0,0.043,-0.043,0.0,2459936.48409,0.001245,-0.001245,0,7.4562671,1.28e-05,-1.28e-05,0,1.682,0.499,-0.499,0,3106.0,372.767,-372.767,0,6.40887,0.444653,-0.444653,0,55.5163,,,,760.0,,,,11.0529,0.006,-0.006,0,213.45,1.3735,-1.3735,0,5822.0,178.5,-178.5,0,4.51,0.08,-0.08,0,0.95,0.05,-0.05,0,2023-05-03 22:24:15,2024-08-27 12:02:45
6366.01,279851358,APC,03h33m10.75s,53.29481,+61d20m34.54s,61.342927,-3.479,0.048,-0.048,0.0,2.465,0.054,-0.054,0.0,2459932.031487,0.001253,-0.001253,0,18.893475,0.000128,-0.000128,0,3.457,0.588,-0.588,0,6252.0,2265.3,-2265.3,0,,,,0,2296.08,,,,,,,,10.9113,0.006,-0.006,0,612.388,13.7825,-13.7825,0,13896.0,,,0,,,,0,,,,0,2023-05-03 22:24:17,2025-01-03 12:02:58
641.01,49079670,APC,06h44m17.21s,101.0717,-23d49m09.07s,-23.819187,-31.405,0.031,-0.031,0.0,23.686,0.049,-0.049,0.0,2459223.641588,0.001429,-0.001429,0,1.8930707,4.4e-06,-4.4e-06,0,1.339,0.31,-0.31,0,630.0,1.45793,-1.45793,0,3.11788,0.209892,-0.209892,0,524.289,,,,1333.0,,,,9.90377,0.006,-0.006,0,134.043,0.547,-0.547,0,5646.0,129.7,-129.7,0,4.4,0.07,-0.07,0,1.04,0.05,-0.05,0,2019-05-06 17:51:17,2024-09-08 10:08:02
6439.01,122981686,APC,07h52m36.98s,118.154066,-04d20m06.27s,-4.335076,-1.014,0.066,-0.066,0.0,-3.227,0.047,-0.047,0.0,2459982.473246,0.000726,-0.000726,0,2.9896663,2.4e-06,-2.4e-06,0,2.168,0.138,-0.138,0,13951.0,364.843,-364.843,0,19.5222,1.27712,-1.27712,0,640.322,,,,1401.0,,,,12.2879,0.007,-0.007,0,840.511,31.3265,-31.3265,0,6689.6,159.2,-159.2,0,4.15,0.1,-0.1,0,1.67,0.11,-0.11,0,2023-05-03 22:26:19,2024-08-22 10:08:01
6456.01,270456887,APC,09h00m33.53s,135.139704,+01d23m24.49s,1.390137,-9.711,0.088,-0.088,0.0,-4.583,0.081,-0.081,0.0,2459963.887975,0.001337,-0.001337,0,2.2685932,0.000219,-0.000219,0,2.4612308,0.099249,-0.099249,0,8092.8523533,237.42715,-237.42715,0,19.7806144,16.53836,-16.53836,0,2058.2136559,,,,1717.8781799,,,,11.8895,0.008,-0.008,0,530.397,14.626,-14.626,0,6763.0,157.4,-157.4,0,4.23,0.01,-0.01,0,1.33734,0.075505,-0.075505,0,2023-05-18 22:33:04,2025-02-04 12:03:18
6493.01,445522339,APC,07h31m55.51s,112.981285,-49d08m02.84s,-49.134121,-18.86,0.038,-0.038,0.0,147.717,0.033,-0.033,0.0,2460007.949022,0.001525,-0.001525,0,3.0667073,6.7e-06,-6.7e-06,0,1.486,0.287,-0.287,0,3497.0,242.685,-242.685,0,3.39378,0.171446,-0.171446,0,37.0044,,,,687.0,,,,12.4802,0.008,-0.008,0,104.516,0.213,-0.213,0,3808.0,157.0,-157.0,0,4.68,0.01,-0.01,0,0.57,0.02,-0.02,0,2023-06-15 21:37:44,2024-11-05 12:03:04
6560.01,47667,APC,14h41m38.22s,220.409244,-26d47m26.81s,-26.790781,-27.372,0.163,-0.163,0.0,-7.584,0.134,-0.134,0.0,2460086.740768,0.001155,-0.001155,0,17.2051468,3e-05,-3e-05,0,1.464,0.658,-0.658,0,1975.0,251.895,-251.895,0,8.17561,0.639207,-0.639207,0,18.2667,,,,575.0,,,,9.17446,0.006,-0.006,0,176.365,3.324,-3.324,0,6470.6,113.0,-113.0,0,4.13,0.09,-0.09,0,1.63,0.08,-0.08,0,2023-07-20 23:29:26,2024-04-16 12:02:52
6637.01,256124756,APC,13h18m18.51s,199.577115,-59d45m31.26s,-59.758683,-21.548,0.024,-0.024,0.0,2.885,0.031,-0.031,0.0,2460094.009392,0.001641,-0.001641,0,2.231293,1.04e-05,-1.04e-05,0,1.796,0.157,-0.157,0,16216.0,1155.41,-1155.41,0,15.38,,,0,621.755,,,,1391.0,,,,13.4658,0.007,-0.007,0,782.642,14.794,-14.794,0,6356.0,122.0,-122.0,0,4.38,,,0,1.19,,,0,2023-08-15 20:53:48,2025-05-16 12:03:36
666.01,82128636,APC,08h16m26.48s,124.110352,-46d25m47.34s,-46.429818,-15.594,0.447,-0.447,0.0,14.876,0.397,-0.397,0.0,2458521.504167,0.000615,-0.000615,0,7.4760689,6e-06,-6e-06,0,1.5699592,0.0677276,-0.0677276,0,1443.0305627,59.517487,-59.517487,0,14.1742091,8.087716,-8.087716,0,1663.7503613,,,,1628.8901244,,,,8.8252,0.008,-0.008,0,237.035,14.643,-14.643,0,6680.0,201.0,-201.0,0,4.20036,1.91341,-1.91341,0,2.3351099,0.169547,-0.169547,0,2019-05-06 19:17:04,2025-08-28 16:00:01
6667.01,161169240,APC,22h37m25.88s,339.35783,-53d19m08.58s,-53.31905,70.376,0.048,-0.048,0.0,-63.345,0.059,-0.059,0.0,2459083.310651,0.003439,-0.003439,0,,,,0,6.6621453,0.346517,-0.346517,0,5126.8337118,266.25946,-266.25946,0,8.6506071,0.7500227,-0.7500227,0,72.9167674,,,,745.2922434,,,,12.122,0.006,-0.006,0,466.165,8.586,-8.586,0,5952.0,131.124,-131.124,0,4.32279,0.0792247,-0.0792247,0,1.19221,0.0591759,-0.0591759,0,2023-09-21 21:33:47,2024-03-28 10:08:02
668.01,102195674,APC,10h16m46.02s,154.191741,-42d33m32.66s,-42.559071,-20.767,0.038,-0.038,0.0,-3.744,0.041,-0.041,0.0,2459283.065609,0.000542,-0.000542,0,4.3787302,0.0001822,-0.0001822,0,3.827504,0.0327373,-0.0327373,0,30199.2684097,340.06842,-340.06842,0,21.696241,1.0139132,-1.0139132,0,644.3692254,,,,1285.0009455,,,,11.3425,0.006,-0.006,0,344.134,3.2735,-3.2735,0,6159.0,194.0,-194.0,0,4.37691,0.403057,-0.403057,0,1.22606,0.0565628,-0.0565628,0,2019-05-07 15:39:33,2021-10-29 12:59:15
671.01,151681127,APC,11h07m33.34s,166.888906,-40d12m24.9s,-40.206918,-22.398,0.049,-0.049,0.0,9.419,0.054,-0.054,0.0,2460021.290156,0.000255,-0.000255,0,10.1970284,3.4e-06,-3.4e-06,0,4.694,0.24,-0.24,0,16111.0,296.181,-296.181,0,23.8452,0.726641,-0.726641,0,869.85,,,,1512.0,,,,9.1379,0.006,-0.006,0,279.74,2.9965,-2.9965,0,7949.0,219.0,-219.0,0,4.21106,0.450146,-0.450146,0,1.82,0.05,-0.05,0,2019-05-06 19:17:04,2023-05-11 16:02:02
6714.01,261264800,APC,06h03m44.32s,90.934682,-81d27m26.69s,-81.457413,110.626,0.143,-0.143,0.0,236.727,0.229,-0.229,0.0,2458326.238234,0.002586,-0.002586,0,4.7674421,2.04e-05,-2.04e-05,0,1.321031,0.2754911,-0.2754911,0,4898.6218606,972.3002,-972.3002,0,1.0365063,0.1655862,-0.1655862,0,1.3529409,,,,275.0676104,,,,14.5913,0.01,-0.01,0,26.741,0.06305,-0.06305,0,2824.0,157.0,-157.0,0,5.24293,0.0613344,-0.0613344,0,0.125969,0.0037185,-0.0037185,0,2023-10-05 21:59:28,2025-04-23 12:03:01
6747.01,343717397,APC,18h12m07.04s,273.029327,-72d52m38.45s,-72.877347,10.624,0.03,-0.03,0.0,-8.911,0.04,-0.04,0.0,2460124.204944,0.001875,-0.001875,0,0.7025922,1.2e-06,-1.2e-06,0,0.733,0.204,-0.204,0,1740.0,251.434,-251.434,0,5.49838,0.503029,-0.503029,0,1003.46,,,,1567.0,,,,12.2566,0.006,-0.006,0,476.693,5.122,-5.122,0,5875.0,130.0,-130.0,0,4.27,0.08,-0.08,0,1.24,0.06,-0.06,0,2023-11-02 22:49:04,2025-09-26 12:03:41
6775.01,100263315,APC,20h26m00.26s,306.501073,-48d55m13.51s,-48.920419,-13.837,0.039,-0.039,0.0,-13.795,0.029,-0.029,0.0,2460150.90073,0.002536,-0.002536,0,0.5940157,2e-06,-2e-06,0,1.035,0.267,-0.267,0,4094.0,595.431,-595.431,0,7.9118,,,0,2266.94,,,,1922.0,,,,13.4902,0.006,-0.006,0,772.86,15.4815,-15.4815,0,5663.0,122.0,-122.0,0,4.31,,,0,1.17,,,0,2023-11-02 22:50:44,2025-09-22 12:04:50
6797.01,164249928,APC,20h17m34.82s,304.395069,-28d49m16.93s,-28.821369,-1.387,0.09,-0.09,0.0,-22.1,0.064,-0.064,0.0,2460149.846988,0.00257,-0.00257,0,0.9898852,3.1e-06,-3.1e-06,0,1.352,0.216,-0.216,0,4914.0,382.649,-382.649,0,11.4457,,,0,1044.17,,,,1583.0,,,,13.1505,0.008,-0.008,0,803.074,38.008,-38.008,0,5339.0,122.0,-122.0,0,3.96,,,0,1.66,,,0,2023-11-02 22:50:47,2024-11-06 12:03:08
680.01,335499997,APC,11h56m39.26s,179.163601,-12d22m39.07s,-12.377519,-57.328,0.101,-0.101,0.0,-6.649,0.049,-0.049,0.0,2459281.007126,0.000357,-0.000357,0,0.433569,4.6e-06,-4.6e-06,0,0.9778227,0.0926334,-0.0926334,0,741.9430791,26.478586,-26.478586,0,4.8760213,1.5310265,-1.5310265,0,26682.4947351,,,,3259.6904316,,,,8.98207,0.006,-0.006,0,163.41,1.5935,-1.5935,0,5967.0,192.0,-192.0,0,3.9495,0.351821,-0.351821,0,1.7628,0.0837786,-0.0837786,0,2019-05-06 19:17:05,2021-10-29 12:59:15
6802.01,262470965,APC,20h48m31.46s,312.131066,-36d25m56.44s,-36.432345,22.912,3.179,-3.179,0.0,-0.387,3.179,-3.179,0.0,2460149.841929,0.001727,-0.001727,0,1.1079142,0.0001472,-0.0001472,0,1.106,0.296,-0.296,0,36019.0,11376.5,-11376.5,0,12.7389,1.97052,-1.97052,0,177.728,,,,1017.0,,,,14.8107,0.008,-0.008,0,,,,0,3969.0,157.0,-157.0,0,4.66,0.02,-0.02,0,0.59,0.03,-0.03,0,2023-11-02 22:50:47,2024-09-12 12:02:47
6805.01,112989868,APC,19h29m32.18s,292.384076,-34d05m48.94s,-34.096927,26.727,0.073,-0.073,0.0,-3.367,0.078,-0.078,0.0,2460150.27002,0.001149,-0.001149,0,1.040425,1e-06,-1e-06,0,0.979,0.253,-0.253,0,9568.0,6827.91,-6827.91,0,11.6289,,,0,729.867,,,,1448.0,,,,13.2735,0.006,-0.006,0,345.714,5.048,-5.048,0,4750.0,122.0,-122.0,0,4.45,,,0,0.86,,,0,2023-11-02 22:50:48,2025-10-17 12:03:54
6806.01,144327080,APC,23h42m10.97s,355.545706,-47d54m46.9s,-47.913029,98.868,0.029,-0.029,0.0,-97.391,0.053,-0.053,0.0,2460202.860746,0.000264,-0.000264,0,23.2490769,0.0002042,-0.0002042,0,3.914,0.12,-0.12,0,48641.0,1564.83,-1564.83,0,15.7473,1.10487,-1.10487,0,8.55956,,,,476.0,,,,11.3272,0.006,-0.006,0,127.824,0.5095,-0.5095,0,4849.0,126.6,-126.6,0,4.65,0.09,-0.09,0,0.69,0.05,-0.05,0,2023-11-02 22:52:14,2024-08-22 10:08:01
6903.01,9216075,APC,23h31m01.54s,352.756421,-19d29m23.74s,-19.489929,20.225,0.1,-0.1,0.0,17.435,0.098,-0.098,0.0,2458357.606713,0.000852,-0.000852,0,4.9676784,1.08e-05,-1.08e-05,0,0.926966,0.3001975,-0.3001975,0,540.7934769,68.27527,-68.27527,0,3.8407588,3.045315,-3.045315,0,1216.4339161,,,,1506.2320337,,,,8.7302,0.007,-0.007,0,165.652,1.9995,-1.9995,0,6971.2,125.185,-125.185,0,4.22817,0.0881134,-0.0881134,0,1.57506,0.0663266,-0.0663266,0,2024-02-15 23:13:00,2024-09-12 12:02:47
6919.01,69054388,APC,05h01m38s,75.408317,+22d53m25.61s,22.890447,-2.376,0.067,-0.067,0.0,-13.794,0.044,-0.044,0.0,2460257.988955,0.000689,-0.000689,0,0.7603078,9e-07,-9e-07,0,0.363,0.141,-0.141,0,5657.0,24167.7,-24167.7,0,14.9311,5.26756,-5.26756,0,118.365,,,,918.0,,,,12.3552,0.006,-0.006,0,138.924,0.8845,-0.8845,0,4069.0,163.4,-163.4,0,4.53,0.11,-0.11,0,0.72,0.07,-0.07,0,2024-02-29 23:27:22,2025-04-22 12:03:00
6948.01,438329568,APC,06h28m00.85s,97.003535,+12d36m50.25s,12.613957,5.929,0.087,-0.087,0.0,-7.804,0.07,-0.07,0.0,2460282.695103,0.001505,-0.001505,0,5.4911822,1.22e-05,-1.22e-05,0,0.523,0.185,-0.185,0,4727.0,2102.78,-2102.78,0,11.618,1.97434,-1.97434,0,10.7412,,,,504.0,,,,12.4004,0.023,-0.023,0,569.591,20.675,-20.675,0,6250.0,187.9,-187.9,0,4.29,0.1,-0.1,0,1.3,0.08,-0.08,0,2024-02-29 23:27:39,2025-02-02 12:03:02
6953.01,70435923,APC,07h38m20.74s,114.586421,+19d31m54.93s,19.531926,1.029,0.045,-0.045,0.0,-2.791,0.036,-0.036,0.0,2460285.315548,0.002016,-0.002016,0,0.8204734,2.6e-06,-2.6e-06,0,1.171,0.217,-0.217,0,2903.0,221.708,-221.708,0,8.70762,0.85352,-0.85352,0,1962.4,,,,1854.0,,,,12.9312,0.007,-0.007,0,865.039,18.094,-18.094,0,5956.8,240.9,-240.9,0,4.1,0.12,-0.12,0,1.55,0.14,-0.14,0,2024-02-29 23:27:40,2025-02-02 12:03:02
6960.01,204496071,APC,21h46m35.28s,326.64701,-31d00m22.47s,-31.006241,-19.282,0.044,-0.044,0.0,-24.501,0.035,-0.035,0.0,2459062.124632,0.000387,-0.000387,0,1.3059494,3.6e-06,-3.6e-06,0,1.086804,0.0682639,-0.0682639,0,8517.9333335,335.5779,-335.5779,0,7.489346,0.6683462,-0.6683462,0,532.682437,,,,1225.2842303,,,,12.6862,0.006,-0.006,0,236.69,1.324,-1.324,0,5107.3,5387.0,-5387.0,0,,,,0,0.732116,0.0540377,-0.0540377,0,2024-03-14 22:46:58,2024-08-21 12:02:53
697.01,77253676,APC,04h38m49.01s,69.704221,-36d40m52.77s,-36.681326,28.168,0.037,-0.037,0.0,25.051,0.047,-0.047,0.0,2458418.925917,0.002135,-0.002135,0,8.6078603,3.62e-05,-3.62e-05,0,3.6798697,0.2087915,-0.2087915,0,555.0621766,28.989202,-28.989202,0,2.6206141,0.2100805,-0.2100805,0,117.5495324,,,,839.7982707,,,,9.3553,0.006,-0.006,0,93.7714,0.2132,-0.2132,0,5447.0,185.0,-185.0,0,4.39971,0.269972,-0.269972,0,0.968149,0.0515628,-0.0515628,0,2019-05-17 19:12:59,2022-05-03 12:02:47
6975.01,158381418,APC,10h54m17.97s,163.574892,-36d16m15.85s,-36.271069,-12.1,2.7,-2.7,0.0,-0.6,2.8,-2.8,0.0,2460038.793473,0.00077,-0.00077,0,2.1449013,2.3e-06,-2.3e-06,0,3.043,0.061,-0.061,0,6115.0,104.58,-104.58,0,,,,0,,,,,,,,,11.9453,0.008,-0.008,0,,,,0,,,,0,,,,0,,,,0,2024-04-25 22:23:03,2024-04-28 12:03:30
6991.01,440562226,APC,06h07m58.81s,91.995028,+46d07m04.38s,46.117884,-7.15,0.047,-0.047,0.0,-2.422,0.045,-0.045,0.0,2460311.068106,0.00105,-0.00105,0,0.9902419,3.8e-06,-3.8e-06,0,1.405,0.108,-0.108,0,16490.0,701.37,-701.37,0,15.3849,,,0,1227.07,,,,1648.0,,,,13.4136,0.007,-0.007,0,755.331,15.8215,-15.8215,0,5643.0,122.0,-122.0,0,4.25,,,0,1.25,,,0,2024-05-30 23:38:57,2025-01-30 12:03:06
6993.01,408656366,APC,05h13m51.85s,78.466062,+68d28m04.05s,68.467793,-7.355,0.03,-0.03,0.0,3.576,0.038,-0.038,0.0,2460312.391299,0.001799,-0.001799,0,0.3695622,7e-07,-7e-07,0,0.446,0.187,-0.187,0,2001.0,599.829,-599.829,0,4.9835,0.68623,-0.68623,0,1668.78,,,,1780.0,,,,12.2414,0.009,-0.009,0,342.122,2.9365,-2.9365,0,5661.0,132.3,-132.3,0,4.5,0.08,-0.08,0,0.94,0.05,-0.05,0,2024-05-30 23:38:58,2024-10-24 12:03:02
7005.01,99834321,APC,10h59m57.18s,164.988266,+64d38m37.38s,64.643718,6.07,0.025,-0.025,0.0,-4.884,0.029,-0.029,0.0,2460366.005379,0.002805,-0.002805,0,8.1420107,2.76e-05,-2.76e-05,0,1.89,0.387,-0.387,0,5380.0,441.267,-441.267,0,8.96217,0.640733,-0.640733,0,54.4532,,,,756.0,,,,12.8725,0.006,-0.006,0,723.398,9.433,-9.433,0,6089.0,119.371,-119.371,0,4.28938,0.081337,-0.081337,0,1.27,0.06,-0.06,0,2024-05-30 23:41:58,2025-02-14 12:03:07
7014.01,158657991,APC,19h12m03.98s,288.016564,+44d29m47.18s,44.496438,9.654,0.039,-0.039,0.0,-2.749,0.04,-0.04,0.0,2460366.837105,0.00074,-0.00074,0,0.7406805,9e-07,-9e-07,0,0.598,0.141,-0.141,0,2428.0,269.781,-269.781,0,6.53553,0.438418,-0.438418,0,854.861,,,,1506.0,,,,12.5233,0.007,-0.007,0,537.401,6.2195,-6.2195,0,6204.8,135.3,-135.3,0,4.44,0.08,-0.08,0,1.08,0.05,-0.05,0,2024-05-30 23:41:59,2024-09-02 12:03:01
7034.01,418981325,APC,00h26m18.84s,6.578481,+62d55m51.95s,62.931096,-0.9,3.2,-3.2,0.0,-2.6,3.2,-3.2,0.0,2460448.381202,0.002868,-0.002868,0,0.9082202,2.6e-06,-2.6e-06,0,1.461,0.303,-0.303,0,605.0,50.3693,-50.3693,0,5.31602,,,0,10962.9,,,,,,,,10.4875,0.006,-0.006,0,573.293,,,0,8482.0,,,0,,,,0,2.18,,,0,2024-08-14 18:28:19,2025-01-30 12:03:06
7037.01,269343479,APC,08h33m18.76s,128.328153,+05d06m22.68s,5.106301,-14.461,0.108,-0.108,0.0,-12.563,0.076,-0.076,0.0,2459244.90244,0.001894,-0.001894,0,4.1279985,1.55e-05,-1.55e-05,0,1.698,0.225,-0.225,0,3450.0,1820.55,-1820.55,0,15.1533,5.82992,-5.82992,0,675.403,,,,1420.0,,,,12.0302,0.007,-0.007,0,445.119,11.893,-11.893,0,5865.0,125.0,-125.0,0,4.28,0.08,-0.08,0,1.23,0.07,-0.07,0,2024-08-28 20:42:51,2025-02-14 12:03:07
7079.01,287191183,APC,19h30m32.71s,292.636286,+54d40m49.94s,54.680539,-9.87,0.048,-0.048,0.0,-6.582,0.05,-0.05,0.0,2460388.539526,0.003417,-0.003417,0,12.1252851,4.6e-05,-4.6e-05,0,6.998,1.349,-1.349,0,2706.0,246.734,-246.734,0,15.2955,,,0,202.874,,,,1051.0,,,,11.9823,0.007,-0.007,0,602.863,8.2305,-8.2305,0,4951.0,123.0,-123.0,0,,,,0,2.39,,,0,2024-10-24 17:28:59,2025-08-07 12:04:56
7085.01,364571121,APC,20h42m43.71s,310.682122,+53d26m51.98s,53.447772,4.057,2.155,-2.155,0.0,9.032,2.155,-2.155,0.0,2460554.822529,0.001227,-0.001227,0,2.202258,5.4e-06,-5.4e-06,0,1.046,0.11,-0.11,0,48647.0,3061.27,-3061.27,0,11.2703,0.710098,-0.710098,0,15.4828,,,,552.0,,,,14.7751,0.008,-0.008,0,,,,0,3388.0,157.0,-157.0,0,4.72,0.02,-0.02,0,0.52,0.03,-0.03,0,2024-10-24 17:28:59,2025-07-22 12:04:25
7088.01,274411493,APC,21h15m48.34s,318.951423,+37d07m56.72s,37.132423,-6.487,0.036,-0.036,0.0,-7.135,0.041,-0.041,0.0,2460545.183019,0.003491,-0.003491,0,7.1554749,3.52e-05,-3.52e-05,0,2.213,1.072,-1.072,0,1811.0,3700.51,-3700.51,0,19.6737,8.8601,-8.8601,0,1019.42,,,,1574.0,,,,11.5896,0.007,-0.007,0,1022.89,30.7705,-30.7705,0,6919.0,132.2,-132.2,0,3.73,0.09,-0.09,0,2.78,0.14,-0.14,0,2024-10-24 17:29:00,2025-01-01 12:03:18
709.01,396720998,APC,04h22m37.29s,65.655386,-54d08m49.84s,-54.147179,8.37,0.114,-0.114,0.0,-0.758,0.143,-0.143,0.0,2458392.822001,0.001011,-0.001011,0,32.3766006,7.13e-05,-7.13e-05,0,3.8827521,0.0748063,-0.0748063,0,52579.8740908,1205.6091,-1205.6091,0,3.6771515,2.7770011,-2.7770011,0,4854.6878282,,,,2128.9236019,,,,13.987,0.0,0.0,0,1350.32,112.465,-112.465,0,50000.0,,,0,5.80276,,,0,0.147,0.111,-0.111,0,2019-04-30 13:04:30,2022-10-23 12:02:37
7093.01,62867537,APC,21h17m38.4s,319.410012,+48d09m48.08s,48.163355,9.822,0.049,-0.049,0.0,3.954,0.046,-0.046,0.0,2460556.437706,0.00054,-0.00054,0,2.8371938,1.8e-06,-1.8e-06,0,1.904,0.087,-0.087,0,15303.0,435.115,-435.115,0,18.3031,0.828669,-0.828669,0,1087.34,,,,1599.0,,,,11.9812,0.006,-0.006,0,566.041,9.935,-9.935,0,7980.0,880.8,-880.8,0,4.35,0.12,-0.12,0,1.54,0.06,-0.06,0,2024-10-24 17:29:01,2025-08-07 12:04:56
7115.01,361944563,APC,22h44m26.25s,341.109394,+54d12m07.67s,54.202131,-1.229,0.043,-0.043,0.0,-3.792,0.036,-0.036,0.0,2460422.939267,0.002165,-0.002165,0,0.8738186,1.6e-06,-1.6e-06,0,1.229,0.187,-0.187,0,5487.0,420.231,-420.231,0,10.2138,,,0,1547.44,,,,1747.0,,,,13.0031,0.016,-0.016,0,646.214,10.746,-10.746,0,5838.0,122.0,-122.0,0,4.24,,,0,1.29,,,0,2024-10-24 17:29:31,2026-05-07 12:03:59
7117.01,199676274,APC,22h22m21.07s,335.587781,+47d20m49.3s,47.347027,,,,,,,,,2460570.346055,0.001539,-0.001539,0,8.8691255,1.64e-05,-1.64e-05,0,1.588,0.334,-0.334,0,10597.0,769.536,-769.536,0,,,,0,,,,,,,,,12.7978,0.01,-0.01,0,652.105,,,0,,,,0,,,,0,,,,0,2024-10-24 17:29:32,2025-01-01 12:03:18
7254.01,260767135,APC,21h45m14.6s,326.310844,+36d27m51.77s,36.46438,-5.806,0.032,-0.032,0.0,-1.502,0.046,-0.046,0.0,2460580.975917,0.001228,-0.001228,0,5.0769983,6.4e-06,-6.4e-06,0,1.171,0.223,-0.223,0,3683.0,216.884,-216.884,0,10.9525,0.695331,-0.695331,0,62.3468,,,,782.0,,,,11.8653,0.01,-0.01,0,630.416,11.6625,-11.6625,0,6271.0,134.3,-134.3,0,3.97,0.09,-0.09,0,1.9,0.09,-0.09,0,2025-03-06 22:41:35,2025-10-03 12:04:01
7273.01,63550960,APC,20h33m59.72s,308.498826,+38d10m46.7s,38.179638,5.217,0.924,-0.924,0.0,1.382,0.924,-0.924,0.0,2460553.795518,0.000861,-0.000861,0,2.2473177,2.2e-06,-2.2e-06,0,1.325,0.244,-0.244,0,6242.0,305.687,-305.687,0,13.2774,0.687914,-0.687914,0,338.373,,,,1194.0,,,,12.1475,0.006,-0.006,0,419.676,,,0,6037.8,24.3,-24.3,0,,,,0,1.68,0.07,-0.07,0,2025-03-06 22:41:35,2025-08-11 12:03:48
7280.01,396731435,APC,21h54m56.72s,328.736322,+11d16m18.43s,11.271785,15.857,0.074,-0.074,0.0,16.601,0.088,-0.088,0.0,2460558.081293,0.001504,-0.001504,0,0.4246068,1.1e-06,-1.1e-06,0,0.486,0.212,-0.212,0,1952.0,981.083,-981.083,0,5.92869,0.844139,-0.844139,0,1020.09,,,,1574.0,,,,12.7871,0.01,-0.01,0,402.156,10.163,-10.163,0,5576.0,129.1,-129.1,0,4.54,0.08,-0.08,0,0.88,0.05,-0.05,0,2025-03-06 22:41:35,2025-07-22 12:04:25
7284.01,96885837,APC,21h32m16.76s,323.069819,+16d01m08.04s,16.018901,3.696,0.078,-0.078,0.0,6.294,0.066,-0.066,0.0,2460556.495248,0.001917,-0.001917,0,0.8760587,2.9e-06,-2.9e-06,0,0.969,0.408,-0.408,0,2336.0,6763.21,-6763.21,0,14.6319,5.63799,-5.63799,0,6863.73,,,,2535.0,,,,12.5965,0.007,-0.007,0,708.379,23.9005,-23.9005,0,6306.0,121.5,-121.5,0,4.23,0.09,-0.09,0,1.41,0.08,-0.08,0,2025-03-06 22:41:35,2025-09-09 12:04:04
7295.01,99796664,APC,20h40m53.84s,310.224343,+29d56m24.56s,29.940155,-1.063,0.031,-0.031,0.0,-5.767,0.029,-0.029,0.0,2460557.298119,0.002052,-0.002052,0,0.7729056,1.4e-06,-1.4e-06,0,1.022,0.207,-0.207,0,2749.0,346.004,-346.004,0,7.49558,,,0,1994.5,,,,1861.0,,,,13.0363,0.032,-0.032,0,703.22,11.994,-11.994,0,6269.0,122.0,-122.0,0,4.36,,,0,1.21,,,0,2025-03-06 22:41:35,2025-07-22 12:04:25
7311.01,387416841,APC,21h13m47.15s,318.446458,+01d10m41.28s,1.178134,11.337,0.133,-0.133,0.0,-3.103,0.123,-0.123,0.0,2460555.005617,0.00135,-0.00135,0,1.5525382,4e-06,-4e-06,0,1.49,0.3,-0.3,0,7123.0,554.794,-554.794,0,16.0284,1.46577,-1.46577,0,724.353,,,,1445.0,,,,12.9141,0.009,-0.009,0,834.929,55.6715,-55.6715,0,5730.0,127.7,-127.7,0,3.96,0.09,-0.09,0,1.75,0.14,-0.14,0,2025-03-06 22:41:36,2025-10-16 12:03:52
7362.01,430666395,APC,22h00m51.86s,330.216063,+31d46m43.07s,31.77863,-1.007,0.072,-0.072,0.0,-0.492,0.081,-0.081,0.0,2460582.727079,0.001793,-0.001793,0,1.1930966,2e-06,-2e-06,0,1.196,0.242,-0.242,0,3691.0,310.456,-310.456,0,13.2426,1.13087,-1.13087,0,876.936,,,,1516.0,,,,12.9095,0.007,-0.007,0,1144.22,60.755,-60.755,0,5906.0,127.2,-127.2,0,3.79,0.09,-0.09,0,2.19,0.15,-0.15,0,2025-04-10 23:03:07,2025-07-22 12:04:25
7388.01,124573902,APC,10h35m36.76s,158.903163,-05d21m21.59s,-5.355998,-175.625,0.148,-0.148,0.0,73.63,0.129,-0.129,0.0,2460718.288712,9.3e-05,-9.3e-05,0,0.3328569,2.9e-06,-2.9e-06,0,0.3988306,0.0089367,-0.0089367,0,767910.313098,34219.55,-34219.55,0,,,,0,11306.960198,,,,2630.0028276,,,,17.007,0.013,-0.013,0,164.011,2.927,-2.927,0,5780.0,,,0,4.438,,,0,,,,0,2025-04-10 23:15:52,2025-09-05 10:08:01
7444.01,470898625,APC,02h49m15.9s,42.316239,+58d46m10.28s,58.769522,0.648,0.065,-0.065,0.0,-3.968,0.068,-0.068,0.0,2460640.734825,0.002053,-0.002053,0,5.885604,1.13e-05,-1.13e-05,0,1.87,0.252,-0.252,0,4046.0,256.782,-256.782,0,18.5216,1.18132,-1.18132,0,110.217,,,,902.0,,,,11.8286,0.018,-0.018,0,763.361,19.009,-19.009,0,6294.0,171.7,-171.7,0,3.66,0.09,-0.09,0,2.72,0.15,-0.15,0,2025-05-01 20:33:15,2025-10-07 12:03:51
745.01,444842193,APC,09h51m01.78s,147.757437,-55d19m05.88s,-55.318299,-52.223,0.05,-0.05,0.0,-5.862,0.053,-0.053,0.0,2458544.259371,0.002183,-0.002183,0,1.0790928,5.7e-06,-5.7e-06,0,3.8021094,0.2881824,-0.2881824,0,572.7898907,69.09556,-69.09556,0,3.542265,2.2273698,-2.2273698,0,2285.3834585,,,,1763.4352567,,,,10.5488,0.006,-0.006,0,175.381,0.9965,-0.9965,0,5741.0,189.0,-189.0,0,4.47122,0.307748,-0.307748,0,0.972998,0.0456433,-0.0456433,0,2019-06-06 16:40:58,2024-09-09 10:08:01
7450.01,73729607,APC,02h41m08.85s,40.286866,+34d22m45.71s,34.379363,69.998,0.142,-0.142,0.0,-33.678,0.098,-0.098,0.0,2460634.920306,0.001732,-0.001732,0,0.7938732,2e-06,-2e-06,0,0.428,0.24,-0.24,0,29672.0,21310.0,-21310.0,0,14.3187,3.032,-3.032,0,25.574,,,,626.0,,,,14.997,0.007,-0.007,0,320.879,6.0205,-6.0205,0,3583.0,157.0,-157.0,0,4.67,0.01,-0.01,0,0.58,0.02,-0.02,0,2025-05-01 20:33:15,2026-02-26 12:03:41
749.01,5868998,APC,12h31m07.68s,187.781988,-23d46m25.37s,-23.773715,-35.236,0.193,-0.193,0.0,-35.044,0.11,-0.11,0.0,2458569.93359,0.000286,-0.000286,0,0.63554,1.2e-05,-1.2e-05,0,1.257326,0.023871,-0.023871,0,51164.635251,832.9864,-832.9864,0,14.372489,6.281129,-6.281129,0,233.5126927,,,,997.0050832,,,,13.9372,0.007,-0.007,0,232.123,5.3735,-5.3735,0,3602.0,66.0,-66.0,0,4.8169,0.364675,-0.364675,0,0.442,0.069,-0.069,0,2019-06-11 20:03:40,2021-12-21 12:01:51
7520.01,456130294,APC,03h26m28.74s,51.619755,+42d36m51.25s,42.614236,1.378,0.05,-0.05,0.0,-2.343,0.036,-0.036,0.0,2460656.721477,0.003231,-0.003231,0,10.2461099,2.82e-05,-2.82e-05,0,5.4440926,0.9913037,-0.9913037,0,7150.3041017,358.0558098,-358.0558098,0,12.8608837,0.7528702,-0.7528702,0,1311.6839306,,,,1676.0354007,,,,12.9273,0.006,-0.006,0,870.176,19.46,-19.46,0,6826.05,111.622,-111.622,0,4.24407,0.088641,-0.088641,0,1.51741,0.0818492,-0.0818492,0,2025-10-30 21:07:48,2025-12-14 12:03:49
753.01,61988212,APC,11h52m17.87s,178.074448,-47d35m00.29s,-47.583414,-5.923,0.127,-0.127,0.0,-5.052,0.089,-0.089,0.0,2458569.455416,0.001448,-0.001448,0,0.555255,4.9e-05,-4.9e-05,0,1.622036,0.081342,-0.081342,0,23416.400387,1954.5116,-1954.5116,0,18.630967,18.70032,-18.70032,0,5682.436709,,,,2214.386379,,,,14.3042,0.006,-0.006,0,597.747,35.053,-35.053,0,5591.0,184.0,-184.0,0,4.38111,,,0,1.06168,1.06168,-1.06168,0,2019-06-11 20:03:40,2021-10-29 12:59:15
7549.01,72212948,APC,06h10m15.26s,92.563603,-07d02m03.07s,-7.034185,-12.278,0.037,-0.037,0.0,8.995,0.039,-0.039,0.0,2460684.337766,0.00102,-0.00102,0,2.1610101,1.9e-06,-1.9e-06,0,1.35759,0.3281824,-0.3281824,0,11790.0056121,427.3117037,-427.3117037,0,9.0263063,0.5802136,-0.5802136,0,757.3158044,,,,1460.3232422,,,,12.8058,0.006,-0.006,0,357.653,3.483,-3.483,0,5394.65,106.161,-106.161,0,4.57269,0.0772148,-0.0772148,0,0.829007,0.0437588,-0.0437588,0,2025-10-30 21:09:45,2026-01-25 12:03:44
7551.01,178739678,APC,07h15m45.26s,108.93859,-06d05m36.93s,-6.093592,-1.215,0.094,-0.094,0.0,-2.064,0.088,-0.088,0.0,2460686.302959,0.002807,-0.002807,0,17.5945149,4.78e-05,-4.78e-05,0,2.1415324,1.720649,-1.720649,0,5576.6685222,529.3269623,-529.3269623,0,15.220949,4.9343024,-4.9343024,0,519.7133688,,,,1329.8967921,,,,11.9184,0.008,-0.008,0,973.798,51.667,-51.667,0,8603.0,138.704,-138.704,0,4.32894,0.0848677,-0.0848677,0,1.66257,0.0957663,-0.0957663,0,2025-10-30 21:09:45,2025-12-26 12:03:32
7557.01,284613259,APC,07h16m17.53s,109.073029,+05d54m39.73s,5.911037,-6.038,0.068,-0.068,0.0,-2.847,0.062,-0.062,0.0,2460678.995034,0.002128,-0.002128,0,6.3548995,9.6e-06,-9.6e-06,0,1.5383268,5.0030118,-5.0030118,0,3362.8405647,365.8890178,-365.8890178,0,15.445688,5.3188753,-5.3188753,0,677.1204793,,,,1427.8386849,,,,11.5995,0.006,-0.006,0,732.508,20.082,-20.082,0,6425.06,105.351,-105.351,0,3.90603,0.0861681,-0.0861681,0,2.10372,0.100251,-0.100251,0,2025-10-30 21:09:46,2025-10-31 12:04:28
7565.01,52555068,APC,06h35m31.71s,98.882127,-00d58m20.24s,-0.972288,3.879,0.076,-0.076,0.0,1.852,0.075,-0.075,0.0,2460685.559578,0.00083,-0.00083,0,2.6241681,1.7e-06,-1.7e-06,0,1.0387882,0.3472543,-0.3472543,0,8398.7787406,458.3089976,-458.3089976,0,18.3829188,6.9460488,-6.9460488,0,1468.8809885,,,,1723.5323471,,,,12.1177,0.016,-0.016,0,444.631,11.3645,-11.3645,0,6392.0,164.32,-164.32,0,4.47421,0.0886343,-0.0886343,0,1.08527,0.0576684,-0.0576684,0,2025-10-30 21:09:46,2025-12-14 12:03:49
7572.01,237664324,APC,06h54m33.13s,103.638024,+05d10m23.39s,5.173165,4.158,0.06,-0.06,0.0,-14.213,0.054,-0.054,0.0,2460674.553933,0.005471,-0.005471,0,11.4961458,6.26e-05,-6.26e-05,0,2.8220159,1.2427135,-1.2427135,0,5108.73743,829.4762471,-829.4762471,0,22.3163996,9.6315015,-9.6315015,0,501.6845567,,,,1321.1704359,,,,12.3219,0.011,-0.011,0,809.202,20.9515,-20.9515,0,5834.0,146.86,-146.86,0,3.83346,0.0815955,-0.0815955,0,2.05541,0.115809,-0.115809,0,2025-10-30 21:09:46,2025-12-14 12:03:49
7573.01,153696322,APC,06h14m42.85s,93.678522,+07d20m51.08s,7.347521,3.53,0.041,-0.041,0.0,-13.017,0.037,-0.037,0.0,2460688.361671,0.001435,-0.001435,0,0.7014613,7e-07,-7e-07,0,1.0557396,0.1639375,-0.1639375,0,5409.8371025,333.2664989,-333.2664989,0,8.4137621,0.5035216,-0.5035216,0,6035.9528311,,,,2455.3814467,,,,12.8907,0.015,-0.015,0,592.738,9.04,-9.04,0,6022.0,146.322,-146.322,0,4.38596,0.0808154,-0.0808154,0,1.1187,0.0523116,-0.0523116,0,2025-10-30 21:09:46,2025-10-31 12:04:28
7578.01,125260728,APC,07h02m03.16s,105.513154,-08d44m42.04s,-8.745012,-21.557,1.001,-1.001,0.0,7.021,1.001,-1.001,0.0,2460679.53992,0.002032,-0.002032,0,5.3603536,7.4e-06,-7.4e-06,0,3.4146038,0.3158939,-0.3158939,0,7919.779969,290.1457172,-290.1457172,0,9.5878579,0.315164,-0.315164,0,812.4205503,,,,1487.2834958,,,,12.403,0.019,-0.019,0,506.154,,,0,5711.1226,30.813294,-30.813294,0,,,,0,,,,0,2025-11-20 21:50:18,2026-01-17 12:03:47
759.01,152147232,APC,11h19m38.27s,169.909474,-39d27m43.49s,-39.46208,-33.382,0.048,-0.048,0.0,8.644,0.042,-0.042,0.0,2459331.163575,0.000555,-0.000555,0,4.2135662,6.2e-06,-6.2e-06,0,2.904,0.095,-0.095,0,6400.0,0.529801,-0.529801,0,12.9663,0.613837,-0.613837,0,504.781,,,,1320.0,,,,11.6713,0.006,-0.006,0,516.041,8.7495,-8.7495,0,6107.0,193.0,-193.0,0,4.11585,0.61556,-0.61556,0,1.53,0.07,-0.07,0,2019-06-11 20:03:40,2023-01-24 16:02:02
7599.01,142757891,APC,07h55m44.81s,118.936727,-18d31m35.73s,-18.526592,-2.699,0.04,-0.04,0.0,-4.411,0.043,-0.043,0.0,2460717.384483,0.001841,-0.001841,0,2.3428516,3.4e-06,-3.4e-06,0,1.2887115,0.3448688,-0.3448688,0,3030.8533884,382.1096562,-382.1096562,0,12.7758071,0.8296727,-0.8296727,0,1701.6199879,,,,1790.931674,,,,11.8384,0.009,-0.009,0,999.042,31.6075,-31.6075,0,6941.0,137.481,-137.481,0,3.87371,0.0895557,-0.0895557,0,2.36102,0.121193,-0.121193,0,2025-11-20 22:21:48,2026-03-27 12:03:28
760.01,162362398,APC,11h17m39.45s,169.414385,-44d01m01.52s,-44.017088,-18.637,0.074,-0.074,0.0,8.558,0.064,-0.064,0.0,2458578.666284,0.000625,-0.000625,0,12.3396368,1.5e-05,-1.5e-05,0,6.2659032,0.0487447,-0.0487447,0,13386.1311036,131.012,-131.012,0,28.8331721,1.3389844,-1.3389844,0,1153.2432472,,,,1486.2777613,,,,10.6171,0.006,-0.006,0,651.263,22.129,-22.129,0,7852.0,217.0,-217.0,0,4.20409,0.682895,-0.682895,0,2.29741,0.105799,-0.105799,0,2019-06-11 20:03:40,2023-01-24 16:02:02
7613.01,409796937,APC,08h25m31.61s,126.381688,-16d11m37.73s,-16.193814,-7.897,0.04,-0.04,0.0,3.857,0.043,-0.043,0.0,2460707.754729,0.004274,-0.004274,0,6.3162561,1.9e-05,-1.9e-05,0,2.9170735,1.1644666,-1.1644666,0,4216.269969,440.4814139,-440.4814139,0,19.262733,8.8622092,-8.8622092,0,2183.375169,,,,1903.4475469,,,,12.8819,0.006,-0.006,0,958.573,28.085,-28.085,0,5970.0,122.958,-122.958,0,4.00236,0.0797285,-0.0797285,0,1.73201,0.0949749,-0.0949749,0,2025-11-20 22:21:48,2025-12-10 12:03:45
7616.01,285212983,APC,07h59m32s,119.883321,-45d27m13.58s,-45.453771,-3.494,0.061,-0.061,0.0,-0.736,0.061,-0.061,0.0,2460744.696219,0.001167,-0.001167,0,1.9622504,1.8e-06,-1.8e-06,0,1.5597912,0.2198792,-0.2198792,0,6198.1546526,278.2472082,-278.2472082,0,11.866151,0.7408583,-0.7408583,0,12562.3877357,,,,2945.7028357,,,,12.8442,0.007,-0.007,0,1477.01,75.165,-75.165,0,10002.0,205.917,-205.917,0,4.40497,0.0742891,-0.0742891,0,1.66214,0.0919596,-0.0919596,0,2025-11-20 22:21:48,2026-01-25 12:03:44
764.01,181159386,APC,11h37m12.68s,174.302837,-38d18m25.89s,-38.307191,-6.075,0.044,-0.044,0.0,2.292,0.03,-0.03,0.0,2458574.583993,0.000359,-0.000359,0,5.6316663,3.8e-06,-3.8e-06,0,6.5350826,0.0335298,-0.0335298,0,13883.4017678,94.857735,-94.857735,0,33.6448759,1.6967282,-1.6967282,0,2898.4431043,,,,1871.3755219,,,,11.1689,0.006,-0.006,0,789.341,19.1095,-19.1095,0,6632.0,200.0,-200.0,0,4.20607,1.94281,-1.94281,0,2.78212,0.139628,-0.139628,0,2019-06-11 20:03:40,2023-01-24 16:02:02
768.01,229811538,APC,13h14m32.55s,198.635626,-24d08m39.08s,-24.14419,-10.709,0.064,-0.064,0.0,2.776,0.057,-0.057,0.0,2459316.29169,0.00069,-0.00069,0,11.5294381,1.44e-05,-1.44e-05,0,4.881,0.091,-0.091,0,25630.0,2.01662,-2.01662,0,18.7142,0.908215,-0.908215,0,149.636,,,,974.0,,,,12.2864,0.008,-0.008,0,469.997,9.4505,-9.4505,0,5956.0,192.0,-192.0,0,4.31259,2.00378,-2.00378,0,1.15,0.05,-0.05,0,2019-06-11 20:03:40,2023-01-24 16:02:02
798.01,260640693,APC,06h31m16.92s,97.820494,-58d19m13.58s,-58.320438,23.531,3.268,-3.268,0.0,58.968,3.281,-3.281,0.0,2458358.460287,0.001318,-0.001318,0,95.2391755,0.00012,-0.00012,0,1.5992619,0.0779163,-0.0779163,0,5934.3582239,318.53018,-318.53018,0,,,,0,5.9970158,,,,399.1200517,,,,11.908,0.018,-0.018,0,121.052,,,0,4270.0,173.0,-173.0,0,4.57808,0.227225,-0.227225,0,,,,0,2019-06-14 18:35:01,2024-09-17 10:08:02
800.01,179308757,APC,05h19m03.82s,79.765915,-69d38m16.53s,-69.637926,1.856,0.063,-0.063,0.0,0.651,0.078,-0.078,0.0,2458354.979775,0.000925,-0.000925,0,0.9657303,6.7e-06,-6.7e-06,0,3.4341219,0.1780353,-0.1780353,0,997.3701416,77.45131,-77.45131,0,3.2694344,0.3847999,-0.3847999,0,2732.4246089,,,,1843.9825061,,,,12.3323,0.009,-0.009,0,7596.91,1245.15,-1245.15,0,5780.0,,,0,4.138,,,0,1.0,,,0,2019-06-14 18:35:01,2021-10-29 12:59:15
809.01,149301575,APC,05h31m55.08s,82.979518,-60d28m36.21s,-60.476724,8.506,0.042,-0.042,0.0,91.193,0.046,-0.046,0.0,2458340.472565,0.008635,-0.008635,0,183.458919,0.011896,-0.011896,0,10.764682,0.878858,-0.878858,0,645.283132,92.63192,-92.63192,0,3.379417,1.013043,-1.013043,0,7.0550173,,,,415.665778,,,,10.3046,0.006,-0.006,0,195.029,0.8085,-0.8085,0,5804.3,76.0,-76.0,0,3.89,0.12,-0.12,0,1.30725,0.162266,-0.162266,0,2019-06-14 18:35:01,2021-10-29 12:59:15
823.01,158978373,APC,14h34m37.99s,218.658293,-40d44m23.51s,-40.739863,15.019,0.086,-0.086,0.0,-8.005,0.082,-0.082,0.0,2458609.010777,0.00086,-0.00086,0,13.5337579,1.44e-05,-1.44e-05,0,3.557125,0.1807191,-0.1807191,0,2234.8547566,56.9277,-56.9277,0,6.2692929,0.6167794,-0.6167794,0,167.1947435,,,,917.1183951,,,,9.9623,0.006,-0.006,0,201.873,2.6725,-2.6725,0,6309.0,196.0,-196.0,0,4.23525,0.340612,-0.340612,0,1.30032,0.0571256,-0.0571256,0,2019-06-17 17:15:51,2024-09-09 12:03:07
827.01,270507305,APC,06h35m34.38s,98.893269,-79d42m56.71s,-79.715754,-2.741,0.04,-0.04,0.0,21.782,0.045,-0.045,0.0,2458597.454096,0.000124,-0.000124,0,1.2282706,6e-07,-6e-07,0,2.0554176,0.0166829,-0.0166829,0,7013.5398278,70.87926,-70.87926,0,14.6178728,1.1473384,-1.1473384,0,3428.5103713,,,,1951.6238484,,,,11.5746,0.006,-0.006,0,336.988,2.538,-2.538,0,5848.0,190.0,-190.0,0,4.33233,2.00353,-2.00353,0,1.2740999,0.0577764,-0.0577764,0,2019-06-17 17:15:53,2024-09-09 10:08:01
831.01,307610438,APC,15h16m08.02s,229.033411,-38d52m31.48s,-38.87541,-18.5,1.2,-1.2,0.0,-20.7,1.3,-1.3,0.0,2458597.273868,0.000159,-0.000159,0,1.5617357,1.3e-06,-1.3e-06,0,2.1307551,0.0392814,-0.0392814,0,4445.0857356,81.44771,-81.44771,0,7.7731045,0.2162179,-0.2162179,0,1606.0377681,,,,1614.5767268,,,,8.8098,0.006,-0.006,0,86.0601,,,0,5808.0,190.0,-190.0,0,4.33972,2.00354,-2.00354,0,1.14478,,,0,2019-06-17 17:15:53,2024-09-09 10:08:01
850.01,423670610,APC,00h39m03.82s,9.765924,-17d13m18.5s,-17.221806,17.649,0.093,-0.093,0.0,-5.026,0.046,-0.046,0.0,2458384.40921,0.00105,-0.00105,0,10.32103,0.00074,-0.00074,0,3.283,0.094,-0.094,0,58957.4,1507.45,-1507.45,0,34.1767,5.55584,-5.55584,0,218.123,,,,1070.0,,,,11.3488,0.007,-0.007,0,342.206,5.0595,-5.0595,0,5863.5,86.1,-86.1,0,4.38,2.0,-2.0,0,1.28,0.04,-0.04,0,2019-07-10 19:36:45,2021-10-29 12:59:15
851.01,40083958,APC,00h29m33.08s,7.387843,-10d28m05.8s,-10.468279,134.694,0.205,-0.205,0.0,48.138,0.108,-0.108,0.0,2459141.24058,0.00125,-0.00125,0,0.6296,,,0,0.309,0.111,-0.111,0,790.0,38.1727,-38.1727,0,3.39154,0.557635,-0.557635,0,193.701,,,,1039.0,,,,10.9994,0.006,-0.006,0,154.477,2.3285,-2.3285,0,5485.0,137.1,-137.1,0,4.64,0.08,-0.08,0,0.77,0.04,-0.04,0,2019-07-10 19:36:45,2024-09-09 12:03:07
854.01,160222069,APC,01h52m18.74s,28.078089,-43d02m51.41s,-43.047613,90.961,0.057,-0.057,0.0,-4.891,0.063,-0.063,0.0,2459089.0623,0.003575,-0.003575,0,5.8508237,3.9e-05,-3.9e-05,0,3.4458826,0.3517835,-0.3517835,0,876.8239527,79.91582,-79.91582,0,4.9253389,0.4071764,-0.4071764,0,493.4057797,,,,1202.0452252,,,,10.717,0.006,-0.006,0,279.96,3.915,-3.915,0,5928.0,131.0,-131.0,0,4.19,0.08,-0.08,0,1.37754,0.0667085,-0.0667085,0,2019-07-10 19:36:45,2025-06-04 16:00:01
856.01,306338882,APC,00h56m22.77s,14.094894,-14d47m17.98s,-14.788329,-2.95,0.103,-0.103,0.0,-2.499,0.063,-0.063,0.0,2458387.38778,0.003,-0.003,0,5.4014,0.00187,-0.00187,0,1.442,0.257,-0.257,0,1225.99,3.90247,-3.90247,0,16.7216,1.23518,-1.23518,0,41.9773,,,,709.0,,,,10.3244,0.008,-0.008,0,574.712,13.734,-13.734,0,5179.9,122.6,-122.6,0,,,,0,4.34,0.21,-0.21,0,2019-07-10 19:36:45,2021-10-29 12:59:15
865.01,44797824,APC,04h09m49.04s,62.454351,-26d01m19.53s,-26.022091,-33.684,0.031,-0.031,0.0,-26.61,0.044,-0.044,0.0,2458411.586206,0.000339,-0.000339,0,0.7455787,9.7e-06,-9.7e-06,0,0.4901724,0.0671377,-0.0671377,0,784.6891758,58.98619,-58.98619,0,3.402474,1.797148,-1.797148,0,4518.5746486,,,,2091.077432,,,,9.7976,0.006,-0.006,0,136.022,0.478,-0.478,0,5181.0,182.0,-182.0,0,4.14486,0.287225,-0.287225,0,1.19844,0.0637688,-0.0637688,0,2019-07-12 12:20:00,2024-09-09 10:08:01
877.01,255704097,APC,06h36m27.63s,99.11511,-50d17m50.64s,-50.297401,-7.67,0.09,-0.09,0.0,10.129,0.071,-0.071,0.0,2459174.826371,0.001151,-0.001151,0,6.015802,0.0001245,-0.0001245,0,1.8775214,0.0900724,-0.0900724,0,5341.6796352,532.4933,-532.4933,0,13.627855,1.2419329,-1.2419329,0,1280.3562297,,,,1525.6413615,,,,10.6237,0.006,-0.006,0,452.682,8.5155,-8.5155,0,7836.0,201.7,-201.7,0,4.14,1.6,-1.6,0,1.59435,0.0562261,-0.0562261,0,2019-04-01 16:52:04,2024-08-15 10:08:02
885.01,25334160,APC,06h33m04.27s,98.26778,-10d52m14.44s,-10.870679,-3.944,0.055,-0.055,0.0,-1.974,0.059,-0.059,0.0,2458471.20029,0.00644,-0.00644,0,2.56876,0.00214,-0.00214,0,2.767,0.578,-0.578,0,360.521,2.0364,-2.0364,0,17.6099,1.73201,-1.73201,0,357.805,,,,1211.0,,,,10.1775,0.014,-0.014,0,693.394,17.5465,-17.5465,0,4312.9,136.1,-136.1,0,,,,0,8.43,0.53,-0.53,0,2019-07-12 19:27:36,2021-10-29 12:59:15
887.01,437984134,APC,06h18m10.87s,94.545308,+15d57m07.38s,15.952049,1.222,0.097,-0.097,0.0,-19.332,0.083,-0.083,0.0,2458472.07754,0.00092,-0.00092,0,5.77114,0.00059,-0.00059,0,2.791,0.05,-0.05,0,1931.81,0.299452,-0.299452,0,10.9488,0.576438,-0.576438,0,408.749,,,,1252.0,,,,8.16507,0.006,-0.006,0,192.612,1.9285,-1.9285,0,7173.0,181.9,-181.9,0,4.03,0.35,-0.35,0,2.26,0.12,-0.12,0,2019-07-12 19:27:36,2021-10-29 12:59:15
890.01,333607525,APC,06h41m27.17s,100.36319,-12d17m06.15s,-12.285043,-10.0,1.9,-1.9,0.0,-0.6,1.9,-1.9,0.0,2459226.741148,0.000509,-0.000509,0,3.2022978,5e-06,-5e-06,0,3.51,0.397,-0.397,0,41820.0,96.232,-96.232,0,34.5557,,,0,1640.28,,,,,,,,10.936,0.007,-0.007,0,474.565,,,0,6600.0,351.5,-351.5,0,4.17,1.78,-1.78,0,1.67,,,0,2019-07-12 19:27:36,2022-07-11 16:02:02
902.01,216935214,APC,17h17m58.99s,259.49578,-45d53m00.8s,-45.883555,3.534,0.076,-0.076,0.0,-5.92,0.055,-0.055,0.0,2458633.240139,0.001137,-0.001137,0,18.2592673,2.57e-05,-2.57e-05,0,1.7158922,0.1274753,-0.1274753,0,1829.4851391,109.62598,-109.62598,0,15.8995046,17.881565,-17.881565,0,358.7059761,,,,1109.9525227,,,,8.957,0.006,-0.006,0,219.439,1.9595,-1.9595,0,7142.0,207.0,-207.0,0,4.15713,1.69746,-1.69746,0,2.2950301,0.102688,-0.102688,0,2019-07-15 19:20:07,2024-08-15 10:08:02
911.01,389070884,APC,17h29m20.46s,262.335243,-38d38m45.49s,-38.645969,-5.439,0.087,-0.087,0.0,-76.767,0.068,-0.068,0.0,2458627.859074,0.000176,-0.000176,0,8.5841822,1.6e-06,-1.6e-06,0,2.0925448,0.0169189,-0.0169189,0,8263.4886291,50.240047,-50.240047,0,21.4045649,3.3309472,-3.3309472,0,332.3230715,,,,1088.9548484,,,,7.9771,0.006,-0.006,0,84.7758,0.3915,-0.3915,0,5963.0,80.0,-80.0,0,4.438,,,0,1.44708,0.0702814,-0.0702814,0,2019-07-15 19:20:12,2024-08-15 10:08:02
919.01,150167117,APC,06h13m39.26s,93.413565,-62d13m11s,-62.219723,-12.295,3.049,-3.049,0.0,23.012,2.331,-2.331,0.0,2459045.82948,0.000212,-0.000212,0,20.0272717,6.3e-06,-6.3e-06,0,2.5785744,0.021333,-0.021333,0,17515.7129689,111.84186,-111.84186,0,23.6497441,7.4071307,-7.4071307,0,53.3768508,,,,689.3788995,,,,11.1835,0.006,-0.006,0,,,,0,5811.1,125.0,-125.0,0,,,,0,1.137,0.29772,-0.29772,0,2019-04-01 16:52:03,2024-09-07 10:08:02
940.01,248434716,APC,05h09m36.86s,77.403593,-05d40m15.49s,-5.67097,-7.9,3.9,-3.9,0.0,32.3,4.1,-4.1,0.0,2459199.145034,0.001233,-0.001233,0,0.7386689,1.4e-06,-1.4e-06,0,0.594,0.18,-0.18,0,1020.0,13.4679,-13.4679,0,3.6178,0.378712,-0.378712,0,378.381,,,,1228.0,,,,11.0057,0.006,-0.006,0,,,,0,5100.2,109.7,-109.7,0,,,,0,0.85,0.04,-0.04,0,2019-07-24 14:30:01,2024-09-07 10:08:02
947.01,262330063,APC,05h13m16.52s,78.318822,+04d48m35.63s,4.809898,19.609,0.076,-0.076,0.0,-13.807,0.064,-0.064,0.0,2458444.9382,0.00135,-0.00135,0,7.31523,0.00108,-0.00108,0,1.832,0.168,-0.168,0,8225.0,40.1108,-40.1108,0,17.8813,1.51633,-1.51633,0,187.784,,,,1031.0,,,,10.642,0.008,-0.008,0,390.775,6.9555,-6.9555,0,6251.5,148.3,-148.3,0,4.0,0.49,-0.49,0,1.79,0.09,-0.09,0,2019-07-24 14:30:01,2021-12-07 16:02:02
948.01,146438872,APC,05h02m07.62s,75.531735,-22d42m42.71s,-22.711864,9.231,0.034,-0.034,0.0,9.723,0.037,-0.037,0.0,2458442.13529,0.00315,-0.00315,0,12.7009,0.00217,-0.00217,0,3.208,0.678,-0.678,0,2482.58,35.0013,-35.0013,0,10.5402,1.37025,-1.37025,0,270.518,,,,1129.0,,,,10.5068,0.007,-0.007,0,370.711,3.624,-3.624,0,6092.9,164.2,-164.2,0,3.65,0.11,-0.11,0,1.92,0.1,-0.1,0,2019-07-24 14:30:01,2021-12-07 16:02:02
958.01,92880568,APC,05h32m51.8s,83.215825,-19d34m30.26s,-19.575073,-6.934,0.041,-0.041,0.0,-7.583,0.062,-0.062,0.0,2459199.98007,0.000898,-0.000898,0,0.5875044,1.1e-06,-1.1e-06,0,1.344,0.02,-0.02,0,1680.0,603.162,-603.162,0,14.3274,3.9317,-3.9317,0,31057.7,,,,3698.0,,,,10.964,0.008,-0.008,0,297.121,2.9405,-2.9405,0,5745.1,130.2,-130.2,0,4.14,0.08,-0.08,0,1.43,0.08,-0.08,0,2019-07-24 14:53:22,2024-09-07 10:08:02
989.01,207277638,APC,07h22m01.57s,110.506534,+10d14m19.09s,10.238635,-6.645,0.096,-0.096,0.0,-7.866,0.068,-0.068,0.0,2460255.030178,0.003719,-0.003719,0,3.121181,1.08e-05,-1.08e-05,0,1.417,0.562,-0.562,0,571.0,95.6994,-95.6994,0,5.74349,0.483611,-0.483611,0,1102.11,,,,1605.0,,,,10.1094,0.007,-0.007,0,476.811,13.685,-13.685,0,7814.0,115.8,-115.8,0,,,,0,2.06,0.08,-0.08,0,2019-07-24 15:58:33,2024-01-03 10:08:03
