{
  "target": {
    "tic_id": 261136679,
    "name": "TIC 261136679",
    "ra": 84.29928,
    "dec": -80.464604
  },
  "period": {
    "value": 6.267878268874984,
    "source": "archive"
  },
  "detection": {
    "period": 6.267878268874984,
    "epoch": 1325.4922844471314,
    "duration_hr": 0.6723671960972892,
    "depth": 0.00030924137436683097,
    "method": "tls",
    "sde": 5.547573344282059,
    "snr": 77.39705318495496,
    "note": "refined archive period"
  },
  "stellar": {
    "r_star": 1.15,
    "r_star_err": 0.05,
    "m_star": 1.0348225993061717,
    "m_star_err": 0.10348225993061717,
    "teff": 5855.533203125,
    "teff_err": 5857.32373046875,
    "logg": 4.223499774932861,
    "logg_err": null,
    "feh": -0.2298000007867813,
    "feh_err": null,
    "lum": null,
    "lum_err": null,
    "age": null,
    "age_err": null,
    "method": "gaia_only",
    "rho_star": 0.9592729799660152,
    "rho_star_err": 0.15766325562281935,
    "stellar_characterized": true
  },
  "planet": {
    "rp_r_star": 0.01756870783143228,
    "rp_r_star_err": 1.474115819858826e-05,
    "rp_r_star_16": 0.017559205837079317,
    "rp_r_star_84": 0.0175887344470368,
    "b": 0.10003234556888321,
    "b_err": 7.796060970442979e-05,
    "b_16": 0.09996499346146101,
    "b_84": 0.10008595707519327,
    "period": 6.258181536824794,
    "period_err": 0.009735766885374916,
    "period_16": 6.248500537642591,
    "period_84": 6.267867865969236,
    "t0": 1325.4927131614768,
    "t0_err": 0.000325679936955257,
    "t0_16": 1325.492467052215,
    "t0_84": 1325.4927421531122,
    "rho_star": 0.9589007537753558,
    "rho_star_err": 0.00022441448889183807,
    "rho_star_16": 0.9587951771379519,
    "rho_star_84": 0.9590480589033691,
    "a_r_star": 12.573340476685626,
    "a_r_star_err": 0.013088950038861095,
    "a_r_star_16": 12.55897480973782,
    "a_r_star_84": 12.585892159060458,
    "t14_hr": 3.855017426930251,
    "t14_hr_err": 0.002090091142904028,
    "t14_hr_16": 3.8531465172283648,
    "t14_hr_84": 3.857098961494013,
    "rp_earth": 2.2060175004076275,
    "rp_earth_err": 0.1295162780789954,
    "rp_earth_16": 2.1412164666622675,
    "rp_earth_84": 2.30697558457545,
    "a_au": 0.06719841584181102,
    "a_au_err": 0.0039459161713848,
    "a_au_16": 0.06522044466768441,
    "a_au_84": 0.07025197689695487,
    "t_eq": 1436.1962357064604,
    "t_eq_err": 960.0491210449622,
    "t_eq_16": 23.287159266209912,
    "t_eq_84": 2159.996399353534
  },
  "planets": [
    {
      "rp_r_star": 0.01756870783143228,
      "rp_r_star_err": 1.474115819858826e-05,
      "rp_r_star_16": 0.017559205837079317,
      "rp_r_star_84": 0.0175887344470368,
      "b": 0.10003234556888321,
      "b_err": 7.796060970442979e-05,
      "b_16": 0.09996499346146101,
      "b_84": 0.10008595707519327,
      "period": 6.258181536824794,
      "period_err": 0.009735766885374916,
      "period_16": 6.248500537642591,
      "period_84": 6.267867865969236,
      "t0": 1325.4927131614768,
      "t0_err": 0.000325679936955257,
      "t0_16": 1325.492467052215,
      "t0_84": 1325.4927421531122,
      "rho_star": 0.9589007537753558,
      "rho_star_err": 0.00022441448889183807,
      "rho_star_16": 0.9587951771379519,
      "rho_star_84": 0.9590480589033691,
      "a_r_star": 12.573340476685626,
      "a_r_star_err": 0.013088950038861095,
      "a_r_star_16": 12.55897480973782,
      "a_r_star_84": 12.585892159060458,
      "t14_hr": 3.855017426930251,
      "t14_hr_err": 0.002090091142904028,
      "t14_hr_16": 3.8531465172283648,
      "t14_hr_84": 3.857098961494013,
      "rp_earth": 2.2060175004076275,
      "rp_earth_err": 0.1295162780789954,
      "rp_earth_16": 2.1412164666622675,
      "rp_earth_84": 2.30697558457545,
      "a_au": 0.06719841584181102,
      "a_au_err": 0.0039459161713848,
      "a_au_16": 0.06522044466768441,
      "a_au_84": 0.07025197689695487,
      "t_eq": 1436.1962357064604,
      "t_eq_err": 960.0491210449622,
      "t_eq_16": 23.287159266209912,
      "t_eq_84": 2159.996399353534
    }
  ],
  "diagnostics": {
    "rhat_max": 2.866017,
    "rhat_dict": {
      "period[0]": 2.233375,
      "t0[0]": 1.081868,
      "mean_flux[0]": 2.049518,
      "log_jitter": 2.866017,
      "log_sigma_gp": 2.17124,
      "log_rho_gp": 2.86583,
      "rho_star": 1.075393,
      "log_rp[0]": 1.987202,
      "b[0]": 1.81077,
      "q1": 2.140958,
      "q2": 1.962664,
      "rp_r_star[0]": 1.987202,
      "u1": 1.879905,
      "u2": 2.08898,
      "jitter": 2.866017,
      "sigma_gp": 2.17124,
      "rho_gp": 2.86583,
      "lc_pred_p0[0]": 2.049518,
      "lc_pred_p0[1]": 2.049518,
      "lc_pred_p0[2]": 2.049518,
      "lc_pred_p0[3]": 2.049518,
      "lc_pred_p0[4]": 2.049518,
      "lc_pred_p0[5]": 2.049518,
      "lc_pred_p0[6]": 2.049518,
      "lc_pred_p0[7]": 2.049518,
      "lc_pred_p0[8]": 2.049518,
      "lc_pred_p0[9]": 2.049518,
      "lc_pred_p0[10]": 2.049518,
      "lc_pred_p0[11]": 2.049518,
      "lc_pred_p0[12]": 2.049518,
      "lc_pred_p0[13]": 2.049518,
      "lc_pred_p0[14]": 2.049518,
      "lc_pred_p0[15]": 2.049518,
      "lc_pred_p0[16]": 2.049518,
      "lc_pred_p0[17]": 2.049518,
      "lc_pred_p0[18]": 2.049518,
      "lc_pred_p0[19]": 2.049518,
      "lc_pred_p0[20]": 2.049518,
      "lc_pred_p0[21]": 2.049518,
      "lc_pred_p0[22]": 2.049518,
      "lc_pred_p0[23]": 2.049518,
      "lc_pred_p0[24]": 2.049518,
      "lc_pred_p0[25]": 2.049518,
      "lc_pred_p0[26]": 2.049518,
      "lc_pred_p0[27]": 2.049518,
      "lc_pred_p0[28]": 2.049518,
      "lc_pred_p0[29]": 2.049518,
      "lc_pred_p0[30]": 2.049518,
      "lc_pred_p0[31]": 2.049518,
      "lc_pred_p0[32]": 2.049518,
      "lc_pred_p0[33]": 2.049518,
      "lc_pred_p0[34]": 2.049518,
      "lc_pred_p0[35]": 2.049518,
      "lc_pred_p0[36]": 2.049518,
      "lc_pred_p0[37]": 2.049518,
      "lc_pred_p0[38]": 2.049518,
      "lc_pred_p0[39]": 2.049518,
      "lc_pred_p0[40]": 2.049518,
      "lc_pred_p0[41]": 2.049518,
      "lc_pred_p0[42]": 2.049518,
      "lc_pred_p0[43]": 2.049518,
      "lc_pred_p0[44]": 2.049518,
      "lc_pred_p0[45]": 2.049518,
      "lc_pred_p0[46]": 2.049518,
      "lc_pred_p0[47]": 2.049518,
      "lc_pred_p0[48]": 2.049518,
      "lc_pred_p0[49]": 2.049518,
      "lc_pred_p0[50]": 2.049518,
      "lc_pred_p0[51]": 2.049518,
      "lc_pred_p0[52]": 2.049518,
      "lc_pred_p0[53]": 2.049518,
      "lc_pred_p0[54]": 2.049518,
      "lc_pred_p0[55]": 2.049518,
      "lc_pred_p0[56]": 2.049518,
      "lc_pred_p0[57]": 2.049518,
      "lc_pred_p0[58]": 2.049518,
      "lc_pred_p0[59]": 2.049518,
      "lc_pred_p0[60]": 2.049518,
      "lc_pred_p0[61]": 2.049518,
      "lc_pred_p0[62]": 2.049518,
      "lc_pred_p0[63]": 2.049518,
      "lc_pred_p0[64]": 2.049518,
      "lc_pred_p0[65]": 2.049518,
      "lc_pred_p0[66]": 2.049518,
      "lc_pred_p0[67]": 2.049518,
      "lc_pred_p0[68]": 2.049518,
      "lc_pred_p0[69]": 2.049518,
      "lc_pred_p0[70]": 2.049518,
      "lc_pred_p0[71]": 2.049518,
      "lc_pred_p0[72]": 2.049518,
      "lc_pred_p0[73]": 2.049518,
      "lc_pred_p0[74]": 2.049518,
      "lc_pred_p0[75]": 2.049518,
      "lc_pred_p0[76]": 2.049518,
      "lc_pred_p0[77]": 2.049518,
      "lc_pred_p0[78]": 2.049518,
      "lc_pred_p0[79]": 2.049518,
      "lc_pred_p0[80]": 2.049518,
      "lc_pred_p0[81]": 2.049518,
      "lc_pred_p0[82]": 2.049518,
      "lc_pred_p0[83]": 2.049518,
      "lc_pred_p0[84]": 2.049518,
      "lc_pred_p0[85]": 2.049518,
      "lc_pred_p0[86]": 2.049518,
      "lc_pred_p0[87]": 2.049518,
      "lc_pred_p0[88]": 2.049518,
      "lc_pred_p0[89]": 2.049518,
      "lc_pred_p0[90]": 2.049518,
      "lc_pred_p0[91]": 2.049518,
      "lc_pred_p0[92]": 2.049518,
      "lc_pred_p0[93]": 2.049518,
      "lc_pred_p0[94]": 2.049518,
      "lc_pred_p0[95]": 2.049518,
      "lc_pred_p0[96]": 2.049518,
      "lc_pred_p0[97]": 2.049518,
      "lc_pred_p0[98]": 2.049518,
      "lc_pred_p0[99]": 2.049518,
      "lc_pred_p0[100]": 2.049518,