exo_model
============================================================
                PBS JOB INFORMATION
============================================================
Job ID          : 33907.hn1
Job Name        : run_multi_APC
Queue           : regular
Host            : hpc074
Working Dir     : /mnt/home/project/cnitesh/nitesh/tess_exoplanet_pipeline
Start Time      : Fri Sep 18 23:54:13 IST 2026
Allocated CPUs  : Unknown
============================================================

Python executable:
/mnt/home/project/cnitesh/.conda/envs/exo_model/bin/python

Python 3.12.11

Package versions:

============================================================
Starting Bayesian analysis...
============================================================
       toi        tid  ...          toi_created            rowupdate
0  1012.01  427508467  ...  2019-07-24 15:58:33  2023-03-10 12:02:48
1  1039.01  461867584  ...  2019-07-24 18:44:12  2023-05-05 16:02:01
2  1060.01  101230735  ...  2019-08-16 20:20:42  2023-10-16 16:02:02
3  1085.01  381979901  ...  2019-08-16 20:20:49  2023-07-12 16:02:01
4  1094.01  136274063  ...  2019-08-06 19:29:59  2022-10-05 10:10:01

[5 rows x 65 columns]
Total TICs in the list: 481


Running pipeline for TIC 427508467...


================================================================================
TESS EXOPLANET PIPELINE
================================================================================
Target      : TIC 427508467
Mode        : science
Search      : TLS
Backend     : exoplanet/PyMC
Output      : output_bayesian_sector_longest_3000_draws_4_chains
================================================================================

======================================================================
Step 1: Resolve Target
======================================================================
23:54:28  INFO      tess_pipeline.analysis.stages.target  Resolving target: TIC 427508467
23:54:28  DEBUG     tess_pipeline.data.metadata  Resolved 'TIC 427508467' to TIC 427508467
23:54:29  INFO      tess_pipeline.catalogs.nasa_archive  Using local NASA archive CSV /mnt/home/project/cnitesh/nitesh/tess_exoplanet_pipeline/data/TOI_2026.06.28_09.42.00.csv for TIC 427508467 (matched 1 row(s))
23:54:29  INFO      tess_pipeline.data.metadata  Loaded coordinates for TIC 427508467 from local archive
23:54:29  INFO      tess_pipeline.analysis.stages.target  Resolved to TIC 427508467
✓ Completed in 0.28 s

======================================================================
Step 2: Query NASA Exoplanet Archive
======================================================================
23:54:29  INFO      tess_pipeline.analysis.stages.period  Querying NASA Exoplanet Archive for TIC 427508467
23:54:29  INFO      tess_pipeline.analysis.stages.period  Archive periods found: 1 planets (Primary: 0.884182 d)
✓ Completed in 0.01 s

======================================================================
Step 4: Characterize Host Star
======================================================================
23:54:29  INFO      tess_pipeline.analysis.stages.stellar  Querying Gaia DR3
23:54:39  WARNING   tess_pipeline.catalogs.gaia  Gaia DR3: r_star not available for this source
23:54:39  WARNING   tess_pipeline.catalogs.gaia  Gaia DR3: teff not available for this source
23:54:39  INFO      tess_pipeline.analysis.stages.stellar  Parameters ['r_star', 'teff', 'logg'] missing in Gaia DR3; checking local NASA TOI archive
23:54:39  INFO      tess_pipeline.catalogs.nasa_archive  Using local NASA archive CSV /mnt/home/project/cnitesh/nitesh/tess_exoplanet_pipeline/data/TOI_2026.06.28_09.42.00.csv for TIC 427508467 (matched 1 row(s))
23:54:39  INFO      tess_pipeline.analysis.stages.stellar  Retrieved r_star = 2.7200000 from local NASA archive
23:54:39  INFO      tess_pipeline.analysis.stages.stellar  Retrieved teff = 8928.0000000 from local NASA archive
23:54:39  INFO      tess_pipeline.analysis.stages.stellar  Retrieved logg = 3.9200000 from local NASA archive
23:54:39  INFO      tess_pipeline.analysis.stages.stellar  Running stellar characterization (gaia_only)
23:54:41  DEBUG     tess_pipeline.catalogs.stellar  Querying VizieR TIC v8.2 via vizier.cds.unistra.fr
23:54:43  INFO      tess_pipeline.catalogs.stellar  VizieR TIC v8.2 query succeeded via vizier.cds.unistra.fr
23:54:43  INFO      tess_pipeline.catalogs.stellar  VizieR (TIC8.2) query successful: Teff=8928.0, logg=3.920599937438965, feh=None, r_star=2.722, m_star=2.250999927520752, parallax=None
23:54:44  INFO      tess_pipeline.catalogs.stellar  Querying SIMBAD TAP for TIC 427508467 measurements
23:54:45  INFO      tess_pipeline.catalogs.stellar  Querying SIMBAD TAP at coordinates RA=117.09528417417599, DEC=6.785063951509755 for measurements
23:54:45  INFO      tess_pipeline.catalogs.stellar  SIMBAD query successful: Teff=None, logg=None, feh=None, parallax=1.8618
✓ Completed in 16.72 s

======================================================================
Step 5: Download TESS Light Curves
======================================================================
23:54:45  INFO      tess_pipeline.analysis.stages.lightcurve  Downloading TESS data for TIC 427508467
23:55:09  INFO      tess_pipeline.data.download  [download] Starting download for TIC 427508467 (author=SPOC, cadence=120, sectors=longest, force_download=False)
23:55:28  INFO      tess_pipeline.data.download  [download] Found 2 available sector(s): [34, 88]
23:55:28  INFO      tess_pipeline.data.download  [download] Selected sectors for analysis: [34]
23:55:28  INFO      tess_pipeline.data.download  [download] Downloading 1 selected sector(s) from MAST
23:55:33  INFO      tess_pipeline.data.download  [fits] Step 1/4: normalizing FITS paths
23:55:33  INFO      tess_pipeline.data.download  [fits] Step 2/4: 1 FITS file(s) queued
23:55:33  INFO      tess_pipeline.data.download  [fits] Step 3/4: reading file 1/1: data/fits/tess2021014023720-s0034-0000000427508467-0204-s_lc.fits
23:55:33  INFO      tess_pipeline.data.download  [fits] Step 4/4: loaded 1 light curve(s) from local FITS in 0.1s
23:55:33  INFO      tess_pipeline.data.download  [download] Completed TIC 427508467 download in 23.9s (1 sector file(s))
23:55:33  INFO      tess_pipeline.analysis.stages.lightcurve  Loaded light curves for sector(s): [34]
✓ Completed in 47.60 s

======================================================================
Step 6: Preprocess Light Curves
======================================================================
23:55:33  INFO      tess_pipeline.analysis.stages.lightcurve  Preprocessing light curves
23:55:33  INFO      tess_pipeline.data.preprocess  Saving diagnostic plots to directory: output_bayesian_sector_longest_3000_draws_4_chains/TIC 427508467/plots
23:55:33  INFO      tess_pipeline.data.preprocess  Dynamic mask width calculated: 0.115 days for P = 0.88 d
23:55:35  DEBUG     tess_pipeline.data.preprocess  Stitched 1 sectors -> 16840 cadences
23:55:35  INFO      tess_pipeline.data.preprocess  Preprocessing complete: 16840 cadences remain
23:55:36  INFO      tess_pipeline.data.preprocess  Saved final stitched visualization to output_bayesian_sector_longest_3000_draws_4_chains/TIC 427508467/plots/final_stitched_preprocessing.png
23:55:36  INFO      tess_pipeline.analysis.session  Saved step plot: output_bayesian_sector_longest_3000_draws_4_chains/TIC 427508467/plots/01_raw.png
23:55:36  INFO      tess_pipeline.analysis.session  Saved step plot: output_bayesian_sector_longest_3000_draws_4_chains/TIC 427508467/plots/02_flat.png
✓ Completed in 3.37 s

======================================================================
Step 7: Search for Transit Signals
======================================================================
23:55:36  INFO      tess_pipeline.analysis.stages.period  Archive period found for Planet 1: 0.884182 d; refining...
23:55:36  INFO      tess_pipeline.transit.detection  Running TLS (period 0.9-0.9 d)
23:55:46  DEBUG     tess_pipeline.transit.tls  TLS search mode: narrow (osf=26, dur_step=1.10)
23:55:46  DEBUG     tess_pipeline.transit.tls  TLS kwargs: {'period_min': 0.882413636, 'period_max': 0.885950364, 'duration_grid_step': 1.1, 'oversampling_factor': 26}
Transit Least Squares TLS 1.32 (5 Apr 2024)
Creating model cache for 19 durations
Searching 16840 data points, 36 periods from 0.882 to 0.886 days
Using all 32 CPU threads
23:55:52  INFO      tess_pipeline.transit.tls  Optimized T0 search: running coarse pass with 100 points...
23:55:52  INFO      tess_pipeline.transit.tls  Optimized T0 search: running fine pass with 300 points around T0=2229.5185...
23:55:52  INFO      tess_pipeline.transit.tls  TLS: period=0.884200 d, epoch=2229.5192, duration=1.59 h, depth=0.001322, SDE=1.22
23:55:52  INFO      tess_pipeline.analysis.stages.period  Searching for 1 additional planet(s) in residuals...
23:55:52  INFO      tess_pipeline.transit.detection  Capping period_max 100.0 → 8.3 d (3-transit requirement over 25 d baseline)
23:55:52  INFO      tess_pipeline.transit.detection  Searching for Planet 1 candidate (coarse search)...
23:55:52  INFO      tess_pipeline.transit.detection  Running TLS (period 0.5-8.3 d)
23:55:52  DEBUG     tess_pipeline.transit.tls  TLS search mode: broad (osf=None, dur_step=1.10)
23:55:52  DEBUG     tess_pipeline.transit.tls  TLS kwargs: {'period_min': 0.5, 'period_max': 8.326724820329673, 'duration_grid_step': 1.1, 'period_grid': array([0.5       , 0.50282621, 0.5056684 , 0.50852665, 0.51140106,
       0.51429171, 0.51719871, 0.52012213, 0.52306208, 0.52601865,
       0.52899193, 0.53198202, 0.534989  , 0.53801299, 0.54105406,
       0.54411233, 0.54718788, 0.55028082, 0.55339124, 0.55651924,
       0.55966492, 0.56282839, 0.56600973, 0.56920906, 0.57242647,
       0.57566206, 0.57891595, 0.58218823, 0.585479  , 0.58878838,
       0.59211646, 0.59546335, 0.59882916, 0.60221399, 0.60561796,
       0.60904117, 0.61248373, 0.61594575, 0.61942733, 0.6229286 ,
       0.62644965, 0.62999061, 0.63355159, 0.63713269, 0.64073403,
       0.64435573, 0.6479979 , 0.65166066, 0.65534412, 0.6590484 ,
       0.66277362, 0.6665199 , 0.67028735, 0.6740761 , 0.67788626,
       0.68171796, 0.68557132, 0.68944646, 0.6933435 , 0.69726257,
       0.70120379, 0.7051673 , 0.7091532 , 0.71316163, 0.71719272,
       0.7212466 , 0.72532339, 0.72942323, 0.73354623, 0.73769255,
       0.7418623 , 0.74605562, 0.75027264, 0.7545135 , 0.75877833,
       0.76306726, 0.76738044, 0.771718  , 0.77608008, 0.78046681,
       0.78487834, 0.7893148 , 0.79377634, 0.7982631 , 0.80277522,
       0.80731285, 0.81187612, 0.81646519, 0.82108019, 0.82572129,
       0.83038861, 0.83508232, 0.83980256, 0.84454948, 0.84932323,
       0.85412396, 0.85895183, 0.86380699, 0.86868959, 0.87359979,
       0.87853775, 0.88350362, 0.88849755, 0.89351972, 0.89857027,
       0.90364937, 0.90875717, 0.91389385, 0.91905957, 0.92425448,
       0.92947876, 0.93473257, 0.94001607, 0.94532944, 0.95067284,
       0.95604644, 0.96145042, 0.96688495, 0.97235019, 0.97784632,
       0.98337352, 0.98893197, 0.99452183, 1.00014329, 1.00579652,
       1.01148171, 1.01719903, 1.02294867, 1.02873081, 1.03454563,
       1.04039332, 1.04627406, 1.05218804, 1.05813545, 1.06411648,
       1.07013132, 1.07618015, 1.08226318, 1.08838059, 1.09453258,
       1.10071934, 1.10694107, 1.11319797, 1.11949023, 1.12581806,
       1.13218166, 1.13858123, 1.14501698, 1.1514891 , 1.1579978 ,
       1.16454329, 1.17112578, 1.17774548, 1.1844026 , 1.19109734,
       1.19782993, 1.20460057, 1.21140948, 1.21825688, 1.22514298,
       1.23206801, 1.23903218, 1.24603571, 1.25307883, 1.26016176,
       1.26728473, 1.27444796, 1.28165168, 1.28889611, 1.2961815 ,
       1.30350806, 1.31087604, 1.31828567, 1.32573718, 1.3332308 ,
       1.34076679, 1.34834537, 1.35596679, 1.36363128, 1.37133911,
       1.37909049, 1.3868857 , 1.39472496, 1.40260854, 1.41053667,
       1.41850962, 1.42652764, 1.43459097, 1.44269989, 1.45085464,
       1.45905548, 1.46730268, 1.4755965 , 1.48393719, 1.49232503,
       1.50076028, 1.50924322, 1.5177741 , 1.5263532 , 1.53498079,
       1.54365715, 1.55238255, 1.56115728, 1.5699816 , 1.5788558 ,
       1.58778016, 1.59675496, 1.6057805 , 1.61485705, 1.6239849 ,
       1.63316435, 1.64239569, 1.6516792 , 1.66101519, 1.67040395,
       1.67984578, 1.68934098, 1.69888985, 1.70849269, 1.71814981,
       1.72786152, 1.73762813, 1.74744994, 1.75732726, 1.76726042,
       1.77724972, 1.78729549, 1.79739804, 1.80755769, 1.81777477,
       1.8280496 , 1.83838251, 1.84877383, 1.85922388, 1.869733  ,
       1.88030152, 1.89092978, 1.90161811, 1.91236686, 1.92317637,
       1.93404698, 1.94497903, 1.95597287, 1.96702886, 1.97814733,
       1.98932866, 2.00057319, 2.01188127, 2.02325327, 2.03468956,
       2.04619048, 2.05775642, 2.06938773, 2.08108478, 2.09284795,
       2.10467761, 2.11657414, 2.12853791, 2.14056931, 2.15266871,
       2.16483651, 2.17707308, 2.18937881, 2.20175411, 2.21419935,
       2.22671494, 2.23930128, 2.25195876, 2.26468778, 2.27748875,
       2.29036208, 2.30330818, 2.31632745, 2.32942031, 2.34258718,
       2.35582847, 2.36914461, 2.38253602, 2.39600312, 2.40954634,
       2.42316611, 2.43686287, 2.45063705, 2.46448909, 2.47841942,
       2.4924285 , 2.50651676, 2.52068465, 2.53493263, 2.54926114,
       2.56367064, 2.57816159, 2.59273445, 2.60738968, 2.62212775,
       2.63694912, 2.65185427, 2.66684368, 2.6819178 , 2.69707714,
       2.71232216, 2.72765335, 2.7430712 , 2.7585762 , 2.77416884,
       2.78984961, 2.80561902, 2.82147756, 2.83742575, 2.85346408,
       2.86959306, 2.88581322, 2.90212505, 2.91852909, 2.93502585,
       2.95161586, 2.96829964, 2.98507772, 3.00195065, 3.01891894,
       3.03598315, 3.05314381, 3.07040147, 3.08775667, 3.10520998,
       3.12276194, 3.14041311, 3.15816405, 3.17601533, 3.19396751,
       3.21202117, 3.23017687, 3.24843519, 3.26679672, 3.28526204,
       3.30383173, 3.32250638, 3.34128659, 3.36017296, 3.37916608,
       3.39826655, 3.41747499, 3.436792  , 3.4562182 , 3.47575421,
       3.49540064, 3.51515813, 3.53502729, 3.55500875, 3.57510317,
       3.59531116, 3.61563338, 3.63607047, 3.65662308, 3.67729186,
       3.69807746, 3.71898056, 3.74000181, 3.76114188, 3.78240145,
       3.80378118, 3.82528176, 3.84690387, 3.86864819, 3.89051543,
       3.91250627, 3.93462141, 3.95686155, 3.97922741, 4.00171968,
       4.02433909, 4.04708636, 4.0699622 , 4.09296735, 4.11610253,
       4.13936848, 4.16276594, 4.18629566, 4.20995837, 4.23375483,
       4.25768581, 4.28175205, 4.30595432, 4.33029339, 4.35477004,
       4.37938504, 4.40413918, 4.42903324, 4.454068  , 4.47924428,
       4.50456286, 4.53002456, 4.55563017, 4.58138052, 4.60727642,
       4.63331869, 4.65950817, 4.68584568, 4.71233206, 4.73896815,
       4.7657548 , 4.79269286, 4.81978319, 4.84702664, 4.87442409,
       4.90197639, 4.92968443, 4.9575491 , 4.98557126, 5.01375182,
       5.04209166, 5.07059169, 5.09925282, 5.12807595, 5.15706201,
       5.1862119 , 5.21552656, 5.24500693, 5.27465392, 5.3044685 ,
       5.3344516 , 5.36460417, 5.39492718, 5.42542159, 5.45608837,
       5.48692849, 5.51794293, 5.54913267, 5.58049872, 5.61204205,
       5.64376369, 5.67566463, 5.70774588, 5.74000847, 5.77245343,
       5.80508178, 5.83789455, 5.8708928 , 5.90407757, 5.93744991,
       5.97101089, 6.00476157, 6.03870302, 6.07283632, 6.10716256,
       6.14168282, 6.17639821, 6.21130983, 6.24641877, 6.28172617,
       6.31723315, 6.35294082, 6.38885033, 6.42496281, 6.46127942,
       6.4978013 , 6.53452962, 6.57146554, 6.60861024, 6.6459649 ,
       6.68353071, 6.72130885, 6.75930053, 6.79750695, 6.83592933,
       6.8745689 , 6.91342687, 6.95250448, 6.99180297, 7.0313236 ,
       7.07106761, 7.11103628, 7.15123086, 7.19165264, 7.2323029 ,
       7.27318293, 7.31429404, 7.35563752, 7.39721469, 7.43902688,
       7.4810754 , 7.52336161, 7.56588683, 7.60865242, 7.65165974,
       7.69491015, 7.73840504, 7.78214577, 7.82613375, 7.87037037,
       7.91485703, 7.95959515, 8.00458615, 8.04983145, 8.0953325 ,
       8.14109074, 8.18710763, 8.23338462, 8.27992319, 8.32672482]), 'n_transits_min': 2}
Transit Least Squares TLS 1.32 (5 Apr 2024)
Creating model cache for 35 durations
Searching 14992 data points, 500 periods from 0.5 to 8.327 days
Using all 32 CPU threads
23:55:58  INFO      tess_pipeline.transit.tls  Optimized T0 search: running coarse pass with 100 points...
23:55:58  INFO      tess_pipeline.transit.tls  Optimized T0 search: running fine pass with 300 points around T0=2229.3996...
23:55:59  INFO      tess_pipeline.transit.tls  TLS: period=0.807313 d, epoch=2229.4019, duration=0.10 h, depth=0.000043, SDE=3.39
23:55:59  INFO      tess_pipeline.transit.detection  Planet 1 coarse SDE/SNR (3.39) below threshold of 4.0. Stopping search.
23:55:59  INFO      tess_pipeline.analysis.stages.period  Detections completed. Found 1 planet candidate(s).
23:55:59  INFO      tess_pipeline.analysis.session  Saved step plot: output_bayesian_sector_longest_3000_draws_4_chains/TIC 427508467/plots/03_tls_periodogram.png
23:55:59  INFO      tess_pipeline.analysis.session  Saved step plot: output_bayesian_sector_longest_3000_draws_4_chains/TIC 427508467/plots/tls_periodogram_coarse_p0.png
23:55:59  INFO      tess_pipeline.analysis.session  Saved step plot: output_bayesian_sector_longest_3000_draws_4_chains/TIC 427508467/plots/tls_periodogram_fine_p0.png
23:55:59  INFO      tess_pipeline.analysis.session  Saved step plot: output_bayesian_sector_longest_3000_draws_4_chains/TIC 427508467/plots/04_phase.png
✓ Completed in 23.24 s

======================================================================
Step 8: Bayesian Transit Fit
======================================================================
23:56:10  INFO      tess_pipeline.analysis.stages.inference  Running Bayesian transit fit (exoplanet + PyMC)
23:56:10  INFO      tess_pipeline.inference.bayesian  Building PyMC model (N=16840 points, 1 planets)
23:56:11  DEBUG     tess_pipeline.inference.gp  Using SHO GP kernel
23:56:11  INFO      tess_pipeline.inference.bayesian  Sampling: 4 chains × 3000 draws (tune=3000, target_accept=0.95)
                                                                                
                                  Step    Grad                                  
  Progress        Draw    Dive…   size    evals   Speed          Elap…   Rema…  
 ────────────────────────────────────────────────────────────────────────────── 
  ━━━━━━━━━━━━━   6000    0       0.009   511     2.37 s/draw    3:57…   0:00…  
  ━━━━━━━━━━━━━   6000    13      0.009   511     2.33 s/draw    3:53…   0:00…  
  ━━━━━━━━━━━━━   6000    0       0.011   511     2.34 s/draw    3:54…   0:00…  
  ━━━━━━━━━━━━━   6000    0       0.008   511     2.52 s/draw    4:11…   0:00…  
                                                                                
Computing ... ━━━━━━━━━━━━━━━━━━━━━━━━━━━━━━━━━━━━━━━━ 100% 0:00:00
04:09:27  INFO      tess_pipeline.inference.bayesian  Sampling complete
04:09:43  INFO      tess_pipeline.analysis.session  Saved step plot: output_bayesian_sector_longest_3000_draws_4_chains/TIC 427508467/plots/06_bayesian_fit.png
04:09:47  INFO      tess_pipeline.analysis.session  Saved step plot: output_bayesian_sector_longest_3000_draws_4_chains/TIC 427508467/plots/07_corner.png
04:09:50  INFO      tess_pipeline.analysis.session  Saved step plot: output_bayesian_sector_longest_3000_draws_4_chains/TIC 427508467/plots/08_trace.png
04:09:50  INFO      tess_pipeline.analysis.session  Saved step plot: output_bayesian_sector_longest_3000_draws_4_chains/TIC 427508467/plots/09_posterior_predictive.png
04:09:51  INFO      tess_pipeline.analysis.session  Saved step plot: output_bayesian_sector_longest_3000_draws_4_chains/TIC 427508467/plots/05_residuals.png
✓ Completed in 15231.32 s

======================================================================
Step 9: Derive Planet Parameters
======================================================================
✓ Completed in 0.11 s

======================================================================
Step 10: Check MCMC Convergence
======================================================================
04:09:54  WARNING   tess_pipeline.inference.diagnostics  Convergence issues detected (see ConvergenceWarning)
✓ Completed in 2.74 s

======================================================================
Step 11: Generate Figures
======================================================================
04:09:54  INFO      tess_pipeline.analysis.stages.visualization  Generating diagnostic figures
✓ Completed in 8.62 s

======================================================================
Step 12: Save Results
======================================================================
04:10:02  INFO      tess_pipeline.io.export  Saving results to output_bayesian_sector_longest_3000_draws_4_chains/TIC 427508467
04:10:02  DEBUG     tess_pipeline.io.export  Saved CSV: output_bayesian_sector_longest_3000_draws_4_chains/TIC 427508467/TIC427508467_summary.csv
04:10:02  DEBUG     tess_pipeline.io.export  Saved JSON: output_bayesian_sector_longest_3000_draws_4_chains/TIC 427508467/TIC427508467_metadata.json
04:10:02  DEBUG     tess_pipeline.io.export  Saved compressed posterior sample values: output_bayesian_sector_longest_3000_draws_4_chains/TIC 427508467/data_for_plots/posterior_samples.npz
04:10:03  DEBUG     tess_pipeline.io.export  Saved light curve FITS: output_bayesian_sector_longest_3000_draws_4_chains/TIC 427508467/TIC427508467_lightcurve.fits
04:10:03  DEBUG     tess_pipeline.io.export  Saved figure: output_bayesian_sector_longest_3000_draws_4_chains/TIC 427508467/plots/01_raw.png
04:10:03  DEBUG     tess_pipeline.io.export  Saved figure: output_bayesian_sector_longest_3000_draws_4_chains/TIC 427508467/plots/02_flat.png
04:10:03  DEBUG     tess_pipeline.io.export  Saved figure: output_bayesian_sector_longest_3000_draws_4_chains/TIC 427508467/plots/03_tls_periodogram.png
04:10:03  DEBUG     tess_pipeline.io.export  Saved figure: output_bayesian_sector_longest_3000_draws_4_chains/TIC 427508467/plots/03_tls_periodogram_coarse_p0.png
04:10:03  DEBUG     tess_pipeline.io.export  Saved figure: output_bayesian_sector_longest_3000_draws_4_chains/TIC 427508467/plots/03_tls_periodogram_fine_p0.png
04:10:03  DEBUG     tess_pipeline.io.export  Saved figure: output_bayesian_sector_longest_3000_draws_4_chains/TIC 427508467/plots/04_phase.png
04:10:04  DEBUG     tess_pipeline.io.export  Saved figure: output_bayesian_sector_longest_3000_draws_4_chains/TIC 427508467/plots/05_residuals.png
04:10:04  DEBUG     tess_pipeline.io.export  Saved figure: output_bayesian_sector_longest_3000_draws_4_chains/TIC 427508467/plots/06_bayesian_fit.png
04:10:04  DEBUG     tess_pipeline.io.export  Saved figure: output_bayesian_sector_longest_3000_draws_4_chains/TIC 427508467/plots/10_gp_acf.png
04:10:04  DEBUG     tess_pipeline.io.export  Saved figure: output_bayesian_sector_longest_3000_draws_4_chains/TIC 427508467/plots/11_transit_stack_p0.png
04:10:05  DEBUG     tess_pipeline.io.export  Saved figure: output_bayesian_sector_longest_3000_draws_4_chains/TIC 427508467/plots/04_mcmc_phase_p0.png
04:10:06  DEBUG     tess_pipeline.io.export  Saved figure: output_bayesian_sector_longest_3000_draws_4_chains/TIC 427508467/plots/07_corner.png
04:10:07  DEBUG     tess_pipeline.io.export  Saved figure: output_bayesian_sector_longest_3000_draws_4_chains/TIC 427508467/plots/08_trace.png
04:10:07  DEBUG     tess_pipeline.io.export  Saved figure: output_bayesian_sector_longest_3000_draws_4_chains/TIC 427508467/plots/09_posterior_predictive.png
04:10:07  DEBUG     tess_pipeline.io.export  Saved periodogram data: output_bayesian_sector_longest_3000_draws_4_chains/TIC 427508467/data_for_plots/periodogram_data.npz
04:10:13  DEBUG     tess_pipeline.io.export  Saved lightcurve model data: output_bayesian_sector_longest_3000_draws_4_chains/TIC 427508467/data_for_plots/lightcurve_model_data.npz
04:10:13  DEBUG     tess_pipeline.io.export  Saved recreate script: output_bayesian_sector_longest_3000_draws_4_chains/TIC 427508467/recreate_plots.py
04:10:13  INFO      tess_pipeline.io.export  Saved HTML Report: output_bayesian_sector_longest_3000_draws_4_chains/TIC 427508467/report.html
04:10:27  INFO      tess_pipeline.io.report  PDF report saved: output_bayesian_sector_longest_3000_draws_4_chains/TIC 427508467/TIC427508467_report.pdf
04:10:27  INFO      tess_pipeline.io.export  Export complete: output_bayesian_sector_longest_3000_draws_4_chains/TIC 427508467
✓ Completed in 24.99 s


================================================================================
PIPELINE SUMMARY
================================================================================
Detected Period : 0.884200 d
Epoch           : 2229.519207
Depth           : 0.001322
Duration        : 1.59 hr
SDE             : 1.22
SNR             : 100.69

Output Directory : output_bayesian_sector_longest_3000_draws_4_chains
Total Runtime    : 255.98 minutes

✓ Pipeline completed successfully.


Running pipeline for TIC 461867584...


================================================================================
TESS EXOPLANET PIPELINE
================================================================================
Target      : TIC 461867584
Mode        : science
Search      : TLS
Backend     : exoplanet/PyMC
Output      : output_bayesian_sector_longest_3000_draws_4_chains
================================================================================

======================================================================
Step 1: Resolve Target
======================================================================
04:10:27  INFO      tess_pipeline.analysis.stages.target  Resolving target: TIC 461867584
04:10:27  DEBUG     tess_pipeline.data.metadata  Resolved 'TIC 461867584' to TIC 461867584
04:10:27  INFO      tess_pipeline.catalogs.nasa_archive  Using local NASA archive CSV /mnt/home/project/cnitesh/nitesh/tess_exoplanet_pipeline/data/TOI_2026.06.28_09.42.00.csv for TIC 461867584 (matched 1 row(s))
04:10:27  INFO      tess_pipeline.data.metadata  Loaded coordinates for TIC 461867584 from local archive
04:10:27  INFO      tess_pipeline.analysis.stages.target  Resolved to TIC 461867584
✓ Completed in 0.02 s

======================================================================
Step 2: Query NASA Exoplanet Archive
======================================================================
04:10:27  INFO      tess_pipeline.analysis.stages.period  Querying NASA Exoplanet Archive for TIC 461867584
04:10:27  INFO      tess_pipeline.analysis.stages.period  Archive periods found: 1 planets (Primary: 4.420125 d)
✓ Completed in 0.01 s

======================================================================
Step 4: Characterize Host Star
======================================================================
04:10:27  INFO      tess_pipeline.analysis.stages.stellar  Querying Gaia DR3
04:10:30  WARNING   tess_pipeline.catalogs.gaia  Gaia DR3: r_star not available for this source
04:10:30  INFO      tess_pipeline.analysis.stages.stellar  Parameters ['r_star'] missing in Gaia DR3; checking local NASA TOI archive
04:10:30  INFO      tess_pipeline.catalogs.nasa_archive  Using local NASA archive CSV /mnt/home/project/cnitesh/nitesh/tess_exoplanet_pipeline/data/TOI_2026.06.28_09.42.00.csv for TIC 461867584 (matched 1 row(s))
04:10:30  INFO      tess_pipeline.analysis.stages.stellar  Parameters ['r_star'] still missing; querying MAST TESS Input Catalog (TIC)
04:10:47  INFO      tess_pipeline.analysis.stages.stellar  Running stellar characterization (gaia_only)
04:10:47  DEBUG     tess_pipeline.catalogs.stellar  Querying VizieR TIC v8.2 via vizier.cds.unistra.fr
04:10:49  INFO      tess_pipeline.catalogs.stellar  VizieR TIC v8.2 query succeeded via vizier.cds.unistra.fr
04:10:49  INFO      tess_pipeline.catalogs.stellar  Querying SIMBAD TAP for TIC 461867584 measurements
04:10:49  INFO      tess_pipeline.catalogs.stellar  Querying SIMBAD TAP at coordinates RA=149.68854383624296, DEC=-58.7604521018767 for measurements
04:10:50  INFO      tess_pipeline.catalogs.stellar  SIMBAD query successful: Teff=None, logg=None, feh=None, parallax=0.6562
04:10:50  WARNING   tess_pipeline.catalogs.stellar  Estimated missing r_star from Teff-only scaling: R_star=8.5997 +/- 2.5799 R_sun
✓ Completed in 22.28 s

======================================================================
Step 5: Download TESS Light Curves
======================================================================
04:10:50  INFO      tess_pipeline.analysis.stages.lightcurve  Downloading TESS data for TIC 461867584
04:10:50  INFO      tess_pipeline.data.download  [download] Starting download for TIC 461867584 (author=SPOC, cadence=120, sectors=longest, force_download=False)
04:11:07  INFO      tess_pipeline.data.download  [download] Found 5 available sector(s): [36, 37, 63, 64, 90]
04:11:07  INFO      tess_pipeline.data.download  [download] Selected sectors for analysis: [36, 37]
04:11:07  INFO      tess_pipeline.data.download  [download] Downloading 2 selected sector(s) from MAST
04:11:14  INFO      tess_pipeline.data.download  [fits] Step 1/4: normalizing FITS paths
04:11:14  INFO      tess_pipeline.data.download  [fits] Step 2/4: 2 FITS file(s) queued
04:11:14  INFO      tess_pipeline.data.download  [fits] Step 3/4: reading file 1/2: data/fits/tess2021065132309-s0036-0000000461867584-0207-s_lc.fits
04:11:14  INFO      tess_pipeline.data.download  [fits] Step 3/4: reading file 2/2: data/fits/tess2021091135823-s0037-0000000461867584-0208-s_lc.fits
04:11:14  INFO      tess_pipeline.data.download  [fits] Step 4/4: loaded 2 light curve(s) from local FITS in 0.1s
04:11:14  INFO      tess_pipeline.data.download  [download] Completed TIC 461867584 download in 24.7s (2 sector file(s))
04:11:14  INFO      tess_pipeline.analysis.stages.lightcurve  Loaded light curves for sector(s): [36, 37]
✓ Completed in 24.66 s

======================================================================
Step 6: Preprocess Light Curves
======================================================================
04:11:14  INFO      tess_pipeline.analysis.stages.lightcurve  Preprocessing light curves
04:11:14  INFO      tess_pipeline.data.preprocess  Saving diagnostic plots to directory: output_bayesian_sector_longest_3000_draws_4_chains/TIC 461867584/plots
04:11:14  INFO      tess_pipeline.data.preprocess  Dynamic mask width calculated: 0.197 days for P = 4.42 d
04:11:17  DEBUG     tess_pipeline.data.preprocess  Stitched 2 sectors -> 33693 cadences
04:11:17  INFO      tess_pipeline.data.preprocess  Preprocessing complete: 33693 cadences remain
04:11:18  INFO      tess_pipeline.data.preprocess  Saved final stitched visualization to output_bayesian_sector_longest_3000_draws_4_chains/TIC 461867584/plots/final_stitched_preprocessing.png
04:11:18  INFO      tess_pipeline.analysis.session  Saved step plot: output_bayesian_sector_longest_3000_draws_4_chains/TIC 461867584/plots/01_raw.png
04:11:18  INFO      tess_pipeline.analysis.session  Saved step plot: output_bayesian_sector_longest_3000_draws_4_chains/TIC 461867584/plots/02_flat.png
✓ Completed in 3.82 s

======================================================================
Step 7: Search for Transit Signals
======================================================================
04:11:18  INFO      tess_pipeline.analysis.stages.period  Archive period found for Planet 1: 4.420125 d; refining...
04:11:18  INFO      tess_pipeline.transit.detection  Running TLS (period 4.4-4.4 d)
04:11:18  DEBUG     tess_pipeline.transit.tls  TLS search mode: narrow (osf=64, dur_step=1.10)
04:11:18  DEBUG     tess_pipeline.transit.tls  TLS kwargs: {'period_min': 4.411284749999999, 'period_max': 4.42896525, 'duration_grid_step': 1.1, 'oversampling_factor': 64}
Transit Least Squares TLS 1.32 (5 Apr 2024)
Creating model cache for 29 durations
Searching 33693 data points, 105 periods from 4.411 to 4.429 days
Using all 32 CPU threads
04:11:25  INFO      tess_pipeline.transit.tls  Optimized T0 search: running coarse pass with 100 points...
04:11:25  INFO      tess_pipeline.transit.tls  Optimized T0 search: running fine pass with 300 points around T0=2284.1896...
04:11:25  INFO      tess_pipeline.transit.tls  TLS: period=4.421405 d, epoch=2284.2096, duration=3.04 h, depth=0.005345, SDE=1.18
04:11:25  INFO      tess_pipeline.analysis.stages.period  Searching for 1 additional planet(s) in residuals...
04:11:26  INFO      tess_pipeline.transit.detection  Capping period_max 100.0 → 17.0 d (3-transit requirement over 51 d baseline)
04:11:26  INFO      tess_pipeline.transit.detection  Searching for Planet 1 candidate (coarse search)...
04:11:26  INFO      tess_pipeline.transit.detection  Running TLS (period 0.5-17.0 d)
04:11:26  DEBUG     tess_pipeline.transit.tls  TLS search mode: broad (osf=None, dur_step=1.10)
04:11:26  DEBUG     tess_pipeline.transit.tls  TLS kwargs: {'period_min': 0.5, 'period_max': 17.00880133561941, 'duration_grid_step': 1.1, 'period_grid': array([ 0.5       ,  0.50354646,  0.50711808,  0.51071504,  0.5143375 ,
        0.51798566,  0.5216597 ,  0.52535979,  0.52908613,  0.5328389 ,
        0.53661829,  0.54042448,  0.54425768,  0.54811806,  0.55200582,
        0.55592116,  0.55986427,  0.56383534,  0.56783459,  0.5718622 ,
        0.57591837,  0.58000332,  0.58411724,  0.58826035,  0.59243283,
        0.59663492,  0.60086681,  0.60512871,  0.60942085,  0.61374343,
        0.61809666,  0.62248078,  0.62689599,  0.63134252,  0.63582059,
        0.64033042,  0.64487223,  0.64944627,  0.65405274,  0.65869189,
        0.66336395,  0.66806914,  0.67280771,  0.67757988,  0.68238591,
        0.68722602,  0.69210047,  0.69700949,  0.70195333,  0.70693223,
        0.71194645,  0.71699624,  0.72208184,  0.72720351,  0.73236152,
        0.7375561 ,  0.74278754,  0.74805608,  0.75336198,  0.75870553,
        0.76408697,  0.76950659,  0.77496464,  0.78046141,  0.78599717,
        0.79157219,  0.79718675,  0.80284114,  0.80853564,  0.81427052,
        0.82004608,  0.82586261,  0.8317204 ,  0.83761973,  0.84356091,
        0.84954422,  0.85556998,  0.86163848,  0.86775002,  0.87390491,
        0.88010345,  0.88634596,  0.89263275,  0.89896413,  0.90534042,
        0.91176194,  0.918229  ,  0.92474193,  0.93130106,  0.93790671,
        0.94455922,  0.95125891,  0.95800612,  0.96480119,  0.97164445,
        0.97853626,  0.98547694,  0.99246686,  0.99950636,  1.00659579,
        1.0137355 ,  1.02092585,  1.02816721,  1.03545992,  1.04280437,
        1.0502009 ,  1.0576499 ,  1.06515174,  1.07270678,  1.08031541,
        1.08797801,  1.09569497,  1.10346665,  1.11129346,  1.11917579,
        1.12711402,  1.13510856,  1.1431598 ,  1.15126815,  1.15943402,
        1.1676578 ,  1.17593991,  1.18428077,  1.19268079,  1.20114039,
        1.20965999,  1.21824002,  1.22688091,  1.23558309,  1.24434699,
        1.25317306,  1.26206173,  1.27101344,  1.28002865,  1.2891078 ,
        1.29825135,  1.30745975,  1.31673347,  1.32607297,  1.33547871,
        1.34495116,  1.3544908 ,  1.36409811,  1.37377356,  1.38351764,
        1.39333083,  1.40321363,  1.41316652,  1.42319001,  1.43328459,
        1.44345078,  1.45368907,  1.46399999,  1.47438403,  1.48484173,
        1.49537361,  1.50598019,  1.516662  ,  1.52741957,  1.53825345,
        1.54916417,  1.56015228,  1.57121833,  1.58236287,  1.59358646,
        1.60488965,  1.61627302,  1.62773713,  1.63928255,  1.65090987,
        1.66261965,  1.67441249,  1.68628898,  1.69824971,  1.71029527,
        1.72242628,  1.73464332,  1.74694702,  1.75933799,  1.77181685,
        1.78438422,  1.79704073,  1.80978701,  1.8226237 ,  1.83555144,
        1.84857088,  1.86168266,  1.87488744,  1.88818588,  1.90157865,
        1.91506641,  1.92864984,  1.94232962,  1.95610642,  1.96998095,
        1.98395388,  1.99802592,  2.01219778,  2.02647015,  2.04084376,
        2.05531932,  2.06989755,  2.08457919,  2.09936496,  2.11425561,
        2.12925187,  2.1443545 ,  2.15956425,  2.17488189,  2.19030817,
        2.20584387,  2.22148976,  2.23724663,  2.25311526,  2.26909645,
        2.28519099,  2.30139968,  2.31772334,  2.33416279,  2.35071884,
        2.36739232,  2.38418407,  2.40109491,  2.41812571,  2.4352773 ,
        2.45255055,  2.46994631,  2.48746547,  2.50510888,  2.52287744,
        2.54077203,  2.55879354,  2.57694288,  2.59522095,  2.61362867,
        2.63216695,  2.65083672,  2.66963892,  2.68857448,  2.70764434,
        2.72684947,  2.74619082,  2.76566936,  2.78528605,  2.80504189,
        2.82493785,  2.84497493,  2.86515413,  2.88547647,  2.90594295,
        2.92655459,  2.94731243,  2.96821751,  2.98927086,  3.01047355,
        3.03182662,  3.05333115,  3.07498821,  3.09679888,  3.11876426,
        3.14088543,  3.1631635 ,  3.1855996 ,  3.20819483,  3.23095032,
        3.25386722,  3.27694667,  3.30018982,  3.32359783,  3.34717187,
        3.37091312,  3.39482277,  3.418902  ,  3.44315203,  3.46757406,
        3.49216932,  3.51693902,  3.54188442,  3.56700675,  3.59230728,
        3.61778726,  3.64344796,  3.66929068,  3.6953167 ,  3.72152731,
        3.74792384,  3.7745076 ,  3.80127991,  3.82824212,  3.85539556,
        3.88274161,  3.91028162,  3.93801697,  3.96594904,  3.99407923,
        4.02240895,  4.05093961,  4.07967263,  4.10860946,  4.13775153,
        4.16710031,  4.19665725,  4.22642384,  4.25640157,  4.28659192,
        4.31699641,  4.34761655,  4.37845389,  4.40950995,  4.44078629,
        4.47228447,  4.50400606,  4.53595265,  4.56812584,  4.60052723,
        4.63315844,  4.6660211 ,  4.69911686,  4.73244736,  4.76601427,
        4.79981927,  4.83386404,  4.8681503 ,  4.90267974,  4.93745409,
        4.9724751 ,  5.00774451,  5.04326409,  5.0790356 ,  5.11506084,
        5.1513416 ,  5.18787969,  5.22467695,  5.26173521,  5.29905633,
        5.33664215,  5.37449457,  5.41261548,  5.45100678,  5.48967038,
        5.52860822,  5.56782224,  5.6073144 ,  5.64708668,  5.68714107,
        5.72747955,  5.76810415,  5.80901691,  5.85021985,  5.89171504,
        5.93350455,  5.97559048,  6.01797491,  6.06065998,  6.10364781,
        6.14694054,  6.19054035,  6.23444941,  6.27866992,  6.32320407,
        6.36805411,  6.41322226,  6.45871079,  6.50452196,  6.55065807,
        6.59712142,  6.64391433,  6.69103914,  6.7384982 ,  6.78629389,
        6.83442859,  6.8829047 ,  6.93172465,  6.98089088,  7.03040584,
        7.080272  ,  7.13049187,  7.18106794,  7.23200274,  7.28329882,
        7.33495873,  7.38698507,  7.43938043,  7.49214742,  7.54528869,
        7.59880688,  7.65270468,  7.70698476,  7.76164986,  7.81670268,
        7.872146  ,  7.92798257,  7.98421518,  8.04084665,  8.0978798 ,
        8.15531748,  8.21316256,  8.27141794,  8.33008651,  8.38917122,
        8.44867501,  8.50860086,  8.56895176,  8.62973072,  8.69094079,
        8.75258501,  8.81466647,  8.87718827,  8.94015353,  9.0035654 ,
        9.06742704,  9.13174166,  9.19651245,  9.26174265,  9.32743553,
        9.39359436,  9.46022246,  9.52732314,  9.59489976,  9.6629557 ,
        9.73149435,  9.80051915,  9.87003353,  9.94004097, 10.01054497,
       10.08154905, 10.15305676, 10.22507166, 10.29759737, 10.37063749,
       10.44419568, 10.51827561, 10.59288099, 10.66801554, 10.74368301,
       10.81988718, 10.89663187, 10.9739209 , 11.05175814, 11.13014747,
       11.20909281, 11.2885981 , 11.36866732, 11.44930447, 11.53051356,
       11.61229867, 11.69466388, 11.77761329, 11.86115106, 11.94528136,
       12.03000838, 12.11533637, 12.20126959, 12.28781232, 12.3749689 ,
       12.46274367, 12.55114102, 12.64016536, 12.72982115, 12.82011286,
       12.91104501, 13.00262213, 13.09484879, 13.18772962, 13.28126924,
       13.37547234, 13.47034361, 13.56588779, 13.66210966, 13.75901403,
       13.85660573, 13.95488965, 14.05387068, 14.15355378, 14.25394393,
       14.35504613, 14.45686545, 14.55940696, 14.6626758 , 14.76667711,
       14.87141609, 14.97689798, 15.08312805, 15.1901116 , 15.29785397,
       15.40636056, 15.51563677, 15.62568808, 15.73651996, 15.84813798,
       15.96054769, 16.07375471, 16.1877647 , 16.30258336, 16.41821642,
       16.53466965, 16.65194888, 16.77005997, 16.8890088 , 17.00880134]), 'n_transits_min': 2}
Transit Least Squares TLS 1.32 (5 Apr 2024)
Creating model cache for 40 durations
Searching 32598 data points, 500 periods from 0.5 to 17.009 days
Using all 32 CPU threads
04:11:33  INFO      tess_pipeline.transit.tls  Optimized T0 search: running coarse pass with 100 points...
04:11:33  INFO      tess_pipeline.transit.tls  Optimized T0 search: running fine pass with 300 points around T0=2284.1327...
04:11:34  INFO      tess_pipeline.transit.tls  TLS: period=3.074988 d, epoch=2284.1424, duration=3.45 h, depth=0.000322, SDE=10.97
04:11:34  INFO      tess_pipeline.transit.detection  Significant peak found (coarse SDE/SNR = 12.32 at 3.0750 d). Checking sub-harmonics for robustness...
04:11:34  INFO      tess_pipeline.transit.detection  Running TLS (period 1.0-1.0 d)
04:11:34  DEBUG     tess_pipeline.transit.tls  TLS search mode: narrow (osf=3, dur_step=1.10)
04:11:34  DEBUG     tess_pipeline.transit.tls  TLS kwargs: {'period_min': 1.004496149195768, 'period_max': 1.0454959920200853, 'duration_grid_step': 1.1, 'oversampling_factor': 3}
Transit Least Squares TLS 1.32 (5 Apr 2024)
Creating model cache for 20 durations
Searching 32598 data points, 81 periods from 1.005 to 1.045 days
Using all 32 CPU threads
04:11:41  INFO      tess_pipeline.transit.tls  Optimized T0 search: running coarse pass with 100 points...
04:11:41  INFO      tess_pipeline.transit.tls  Optimized T0 search: running fine pass with 300 points around T0=2282.0929...
04:11:41  INFO      tess_pipeline.transit.tls  TLS: period=1.024752 d, epoch=2282.0932, duration=2.61 h, depth=0.000177, SDE=2.92
04:11:41  INFO      tess_pipeline.transit.detection  Running TLS (period 1.5-1.6 d)
04:11:41  DEBUG     tess_pipeline.transit.tls  TLS search mode: narrow (osf=3, dur_step=1.10)
04:11:41  DEBUG     tess_pipeline.transit.tls  TLS kwargs: {'period_min': 1.5067442237936524, 'period_max': 1.5682439880301278, 'duration_grid_step': 1.1, 'oversampling_factor': 3}
Transit Least Squares TLS 1.32 (5 Apr 2024)
Creating model cache for 23 durations
Searching 32598 data points, 70 periods from 1.507 to 1.568 days
Using all 32 CPU threads
04:11:48  INFO      tess_pipeline.transit.tls  Optimized T0 search: running coarse pass with 100 points...
04:11:48  INFO      tess_pipeline.transit.tls  Optimized T0 search: running fine pass with 300 points around T0=2282.7019...
04:11:49  INFO      tess_pipeline.transit.tls  TLS: period=1.534891 d, epoch=2282.6983, duration=2.61 h, depth=0.000156, SDE=2.62
04:11:49  INFO      tess_pipeline.transit.detection  Running TLS (period 3.0-3.1 d)
04:11:49  DEBUG     tess_pipeline.transit.tls  TLS search mode: narrow (osf=4, dur_step=1.10)
04:11:49  DEBUG     tess_pipeline.transit.tls  TLS kwargs: {'period_min': 3.0134884475873047, 'period_max': 3.1364879760602555, 'duration_grid_step': 1.1, 'oversampling_factor': 4}
Transit Least Squares TLS 1.32 (5 Apr 2024)
Creating model cache for 28 durations
Searching 32598 data points, 74 periods from 3.014 to 3.135 days
Using all 32 CPU threads
04:11:55  INFO      tess_pipeline.transit.tls  Optimized T0 search: running coarse pass with 100 points...
04:11:55  INFO      tess_pipeline.transit.tls  Optimized T0 search: running fine pass with 300 points around T0=2284.1340...
04:11:56  INFO      tess_pipeline.transit.tls  TLS: period=3.076576 d, epoch=2284.1269, duration=3.39 h, depth=0.000329, SDE=2.70
04:11:56  INFO      tess_pipeline.transit.detection  Running TLS (period 6.0-6.3 d)
04:11:56  DEBUG     tess_pipeline.transit.tls  TLS search mode: narrow (osf=9, dur_step=1.10)
04:11:56  DEBUG     tess_pipeline.transit.tls  TLS kwargs: {'period_min': 6.026976895174609, 'period_max': 6.272975952120511, 'duration_grid_step': 1.1, 'oversampling_factor': 9}
Transit Least Squares TLS 1.32 (5 Apr 2024)
Creating model cache for 29 durations
Searching 32598 data points, 132 periods from 6.028 to 6.271 days
Using all 32 CPU threads
04:12:02  INFO      tess_pipeline.transit.tls  Optimized T0 search: running coarse pass with 100 points...
04:12:03  INFO      tess_pipeline.transit.tls  Optimized T0 search: running fine pass with 300 points around T0=2287.2086...
04:12:03  INFO      tess_pipeline.transit.tls  TLS: period=6.151051 d, epoch=2287.2187, duration=3.21 h, depth=0.000395, SDE=2.56
04:12:03  INFO      tess_pipeline.transit.detection  Running TLS (period 9.0-9.4 d)
04:12:03  DEBUG     tess_pipeline.transit.tls  TLS search mode: narrow (osf=13, dur_step=1.10)
04:12:03  DEBUG     tess_pipeline.transit.tls  TLS kwargs: {'period_min': 9.040465342761914, 'period_max': 9.409463928180768, 'duration_grid_step': 1.1, 'oversampling_factor': 13}
Transit Least Squares TLS 1.32 (5 Apr 2024)
Creating model cache for 29 durations
Searching 32598 data points, 167 periods from 9.042 to 9.408 days
Using all 32 CPU threads
04:12:10  INFO      tess_pipeline.transit.tls  Optimized T0 search: running coarse pass with 100 points...
04:12:10  INFO      tess_pipeline.transit.tls  Optimized T0 search: running fine pass with 300 points around T0=2284.0716...
04:12:11  INFO      tess_pipeline.transit.tls  TLS: period=9.228873 d, epoch=2284.0941, duration=2.03 h, depth=0.000456, SDE=2.85
04:12:11  INFO      tess_pipeline.transit.detection  Harmonic resolution: selected fraction 1.00 (refined period=3.0766 d, SDE/SNR=12.30, max_sig was 12.30)
Planet 1 derived robust period: 3.07658 days (SNR: 12.30, via fraction 1.00 of initial peak 3.07499d)
04:12:11  INFO      tess_pipeline.transit.detection  Planet 1 found: Period = 3.076576 d, epoch = 2284.1269, SDE/SNR = 12.30
04:12:11  INFO      tess_pipeline.analysis.stages.period  Detections completed. Found 2 planet candidate(s).
04:12:11  INFO      tess_pipeline.analysis.session  Saved step plot: output_bayesian_sector_longest_3000_draws_4_chains/TIC 461867584/plots/03_tls_periodogram.png
04:12:11  INFO      tess_pipeline.analysis.session  Saved step plot: output_bayesian_sector_longest_3000_draws_4_chains/TIC 461867584/plots/tls_periodogram_coarse_p0.png
04:12:11  INFO      tess_pipeline.analysis.session  Saved step plot: output_bayesian_sector_longest_3000_draws_4_chains/TIC 461867584/plots/tls_periodogram_fine_p0.png
04:12:11  INFO      tess_pipeline.analysis.session  Saved step plot: output_bayesian_sector_longest_3000_draws_4_chains/TIC 461867584/plots/tls_periodogram_coarse_p1.png
04:12:12  INFO      tess_pipeline.analysis.session  Saved step plot: output_bayesian_sector_longest_3000_draws_4_chains/TIC 461867584/plots/tls_periodogram_fine_p1.png
04:12:12  INFO      tess_pipeline.analysis.session  Saved step plot: output_bayesian_sector_longest_3000_draws_4_chains/TIC 461867584/plots/04_phase.png
✓ Completed in 53.69 s

======================================================================
Step 8: Bayesian Transit Fit
======================================================================
04:12:12  INFO      tess_pipeline.analysis.stages.inference  Running Bayesian transit fit (exoplanet + PyMC)
04:12:12  INFO      tess_pipeline.analysis.stages.inference  Second candidate probability (10.4%) is below 75% threshold. Skipping multi-planet MCMC fit and proceeding with 1-planet model.
04:12:12  INFO      tess_pipeline.inference.bayesian  Building PyMC model (N=33693 points, 1 planets)
04:12:12  DEBUG     tess_pipeline.inference.gp  Using SHO GP kernel
04:12:12  INFO      tess_pipeline.inference.bayesian  Sampling: 4 chains × 3000 draws (tune=3000, target_accept=0.95)
                                                                                
                                  Step    Grad                                  
  Progress        Draw    Dive…   size    evals   Speed          Elap…   Rema…  
 ────────────────────────────────────────────────────────────────────────────── 
  ━━━━━━━━━━━━━   6000    0       0.096   63      1.44 draws/s   1:09…   0:00…  
  ━━━━━━━━━━━━━   6000    0       0.086   31      1.83 draws/s   0:54…   0:00…  
  ━━━━━━━━━━━━━   6000    0       0.121   63      1.80 draws/s   0:55…   0:00…  
  ━━━━━━━━━━━━━   6000    0       0.096   63      1.62 draws/s   1:01…   0:00…  
                                                                                
Computing ... ━━━━━━━━━━━━━━━━━━━━━━━━━━━━━━━━━━━━━━━━ 100% 0:00:00
05:23:33  INFO      tess_pipeline.inference.bayesian  Sampling complete
05:24:06  INFO      tess_pipeline.analysis.session  Saved step plot: output_bayesian_sector_longest_3000_draws_4_chains/TIC 461867584/plots/06_bayesian_fit.png
05:24:09  INFO      tess_pipeline.analysis.session  Saved step plot: output_bayesian_sector_longest_3000_draws_4_chains/TIC 461867584/plots/07_corner.png
05:24:10  INFO      tess_pipeline.analysis.session  Saved step plot: output_bayesian_sector_longest_3000_draws_4_chains/TIC 461867584/plots/08_trace.png
05:24:11  INFO      tess_pipeline.analysis.session  Saved step plot: output_bayesian_sector_longest_3000_draws_4_chains/TIC 461867584/plots/09_posterior_predictive.png
05:24:11  INFO      tess_pipeline.analysis.session  Saved step plot: output_bayesian_sector_longest_3000_draws_4_chains/TIC 461867584/plots/05_residuals.png
✓ Completed in 4319.54 s

======================================================================
Step 9: Derive Planet Parameters
======================================================================
✓ Completed in 0.08 s

======================================================================
Step 10: Check MCMC Convergence
======================================================================
05:24:14  INFO      tess_pipeline.inference.diagnostics  Convergence OK (R̂_max=1.0008, ESS_min=5909, divergences=0)
✓ Completed in 2.74 s

======================================================================
Step 11: Generate Figures
======================================================================
05:24:14  INFO      tess_pipeline.analysis.stages.visualization  Generating diagnostic figures
✓ Completed in 17.65 s

======================================================================
Step 12: Save Results
======================================================================
05:24:32  INFO      tess_pipeline.io.export  Saving results to output_bayesian_sector_longest_3000_draws_4_chains/TIC 461867584
05:24:32  DEBUG     tess_pipeline.io.export  Saved CSV: output_bayesian_sector_longest_3000_draws_4_chains/TIC 461867584/TIC461867584_summary.csv
05:24:32  DEBUG     tess_pipeline.io.export  Saved JSON: output_bayesian_sector_longest_3000_draws_4_chains/TIC 461867584/TIC461867584_metadata.json
05:24:32  DEBUG     tess_pipeline.io.export  Saved compressed posterior sample values: output_bayesian_sector_longest_3000_draws_4_chains/TIC 461867584/data_for_plots/posterior_samples.npz
05:24:32  DEBUG     tess_pipeline.io.export  Saved light curve FITS: output_bayesian_sector_longest_3000_draws_4_chains/TIC 461867584/TIC461867584_lightcurve.fits
05:24:32  DEBUG     tess_pipeline.io.export  Saved figure: output_bayesian_sector_longest_3000_draws_4_chains/TIC 461867584/plots/01_raw.png
05:24:32  DEBUG     tess_pipeline.io.export  Saved figure: output_bayesian_sector_longest_3000_draws_4_chains/TIC 461867584/plots/02_flat.png
05:24:33  DEBUG     tess_pipeline.io.export  Saved figure: output_bayesian_sector_longest_3000_draws_4_chains/TIC 461867584/plots/03_tls_periodogram.png
05:24:33  DEBUG     tess_pipeline.io.export  Saved figure: output_bayesian_sector_longest_3000_draws_4_chains/TIC 461867584/plots/03_tls_periodogram_coarse_p0.png
05:24:33  DEBUG     tess_pipeline.io.export  Saved figure: output_bayesian_sector_longest_3000_draws_4_chains/TIC 461867584/plots/03_tls_periodogram_fine_p0.png
05:24:33  DEBUG     tess_pipeline.io.export  Saved figure: output_bayesian_sector_longest_3000_draws_4_chains/TIC 461867584/plots/03_tls_periodogram_coarse_p1.png
05:24:33  DEBUG     tess_pipeline.io.export  Saved figure: output_bayesian_sector_longest_3000_draws_4_chains/TIC 461867584/plots/03_tls_periodogram_fine_p1.png
05:24:33  DEBUG     tess_pipeline.io.export  Saved figure: output_bayesian_sector_longest_3000_draws_4_chains/TIC 461867584/plots/04_phase_p0.png
05:24:33  DEBUG     tess_pipeline.io.export  Saved figure: output_bayesian_sector_longest_3000_draws_4_chains/TIC 461867584/plots/04_phase_p1.png
05:24:34  DEBUG     tess_pipeline.io.export  Saved figure: output_bayesian_sector_longest_3000_draws_4_chains/TIC 461867584/plots/05_residuals.png
05:24:34  DEBUG     tess_pipeline.io.export  Saved figure: output_bayesian_sector_longest_3000_draws_4_chains/TIC 461867584/plots/06_bayesian_fit.png
05:24:34  DEBUG     tess_pipeline.io.export  Saved figure: output_bayesian_sector_longest_3000_draws_4_chains/TIC 461867584/plots/10_gp_acf.png
05:24:35  DEBUG     tess_pipeline.io.export  Saved figure: output_bayesian_sector_longest_3000_draws_4_chains/TIC 461867584/plots/11_transit_stack_p0.png
05:24:35  DEBUG     tess_pipeline.io.export  Saved figure: output_bayesian_sector_longest_3000_draws_4_chains/TIC 461867584/plots/04_mcmc_phase_p0.png
05:24:36  DEBUG     tess_pipeline.io.export  Saved figure: output_bayesian_sector_longest_3000_draws_4_chains/TIC 461867584/plots/07_corner.png
05:24:37  DEBUG     tess_pipeline.io.export  Saved figure: output_bayesian_sector_longest_3000_draws_4_chains/TIC 461867584/plots/08_trace.png
05:24:37  DEBUG     tess_pipeline.io.export  Saved figure: output_bayesian_sector_longest_3000_draws_4_chains/TIC 461867584/plots/09_posterior_predictive.png
05:24:37  DEBUG     tess_pipeline.io.export  Saved periodogram data: output_bayesian_sector_longest_3000_draws_4_chains/TIC 461867584/data_for_plots/periodogram_data.npz
05:24:50  DEBUG     tess_pipeline.io.export  Saved lightcurve model data: output_bayesian_sector_longest_3000_draws_4_chains/TIC 461867584/data_for_plots/lightcurve_model_data.npz
05:24:50  DEBUG     tess_pipeline.io.export  Saved recreate script: output_bayesian_sector_longest_3000_draws_4_chains/TIC 461867584/recreate_plots.py
05:24:50  INFO      tess_pipeline.io.export  Saved HTML Report: output_bayesian_sector_longest_3000_draws_4_chains/TIC 461867584/report.html
05:24:59  INFO      tess_pipeline.io.report  PDF report saved: output_bayesian_sector_longest_3000_draws_4_chains/TIC 461867584/TIC461867584_report.pdf
05:24:59  INFO      tess_pipeline.io.export  Export complete: output_bayesian_sector_longest_3000_draws_4_chains/TIC 461867584
✓ Completed in 26.81 s


================================================================================
PIPELINE SUMMARY
================================================================================
Detected Period : 4.421405 d
Epoch           : 2284.209591
Depth           : 0.005345
Duration        : 3.04 hr
SDE             : 1.18
SNR             : 128.15

Output Directory : output_bayesian_sector_longest_3000_draws_4_chains
Total Runtime    : 74.52 minutes

✓ Pipeline completed successfully.


Running pipeline for TIC 101230735...


================================================================================
TESS EXOPLANET PIPELINE
================================================================================
Target      : TIC 101230735
Mode        : science
Search      : TLS
Backend     : exoplanet/PyMC
Output      : output_bayesian_sector_longest_3000_draws_4_chains
================================================================================

======================================================================
Step 1: Resolve Target
======================================================================
05:24:59  INFO      tess_pipeline.analysis.stages.target  Resolving target: TIC 101230735
05:24:59  DEBUG     tess_pipeline.data.metadata  Resolved 'TIC 101230735' to TIC 101230735
05:24:59  INFO      tess_pipeline.catalogs.nasa_archive  Using local NASA archive CSV /mnt/home/project/cnitesh/nitesh/tess_exoplanet_pipeline/data/TOI_2026.06.28_09.42.00.csv for TIC 101230735 (matched 1 row(s))
05:24:59  INFO      tess_pipeline.data.metadata  Loaded coordinates for TIC 101230735 from local archive
05:24:59  INFO      tess_pipeline.analysis.stages.target  Resolved to TIC 101230735
✓ Completed in 0.02 s

======================================================================
Step 2: Query NASA Exoplanet Archive
======================================================================
05:24:59  INFO      tess_pipeline.analysis.stages.period  Querying NASA Exoplanet Archive for TIC 101230735
05:24:59  INFO      tess_pipeline.analysis.stages.period  Archive periods found: 1 planets (Primary: 2.068563 d)
✓ Completed in 0.01 s

======================================================================
Step 4: Characterize Host Star
======================================================================
05:24:59  INFO      tess_pipeline.analysis.stages.stellar  Querying Gaia DR3
05:25:01  WARNING   tess_pipeline.catalogs.gaia  Gaia DR3: r_star not available for this source
05:25:01  INFO      tess_pipeline.analysis.stages.stellar  Parameters ['r_star'] missing in Gaia DR3; checking local NASA TOI archive
05:25:01  INFO      tess_pipeline.catalogs.nasa_archive  Using local NASA archive CSV /mnt/home/project/cnitesh/nitesh/tess_exoplanet_pipeline/data/TOI_2026.06.28_09.42.00.csv for TIC 101230735 (matched 1 row(s))
05:25:01  INFO      tess_pipeline.analysis.stages.stellar  Retrieved r_star = 1.1400000 from local NASA archive
05:25:01  INFO      tess_pipeline.analysis.stages.stellar  Running stellar characterization (gaia_only)
05:25:01  DEBUG     tess_pipeline.catalogs.stellar  Querying VizieR TIC v8.2 via vizier.cds.unistra.fr
05:25:03  INFO      tess_pipeline.catalogs.stellar  VizieR TIC v8.2 query succeeded via vizier.cds.unistra.fr
05:25:03  INFO      tess_pipeline.catalogs.stellar  VizieR (TIC8.2) query successful: Teff=5687.9, logg=4.3292999267578125, feh=None, r_star=1.139, m_star=1.0099999904632568, parallax=None
05:25:03  INFO      tess_pipeline.catalogs.stellar  Querying SIMBAD TAP for TIC 101230735 measurements
05:25:04  INFO      tess_pipeline.catalogs.stellar  SIMBAD query successful: Teff=5863.0, logg=4.373000144958496, feh=0.050999999046325684, parallax=7.0359
✓ Completed in 5.46 s

======================================================================
Step 5: Download TESS Light Curves
======================================================================
05:25:04  INFO      tess_pipeline.analysis.stages.lightcurve  Downloading TESS data for TIC 101230735
05:25:04  INFO      tess_pipeline.data.download  [download] Starting download for TIC 101230735 (author=SPOC, cadence=120, sectors=longest, force_download=False)
05:25:14  INFO      tess_pipeline.data.download  [download] Found 5 available sector(s): [13, 27, 67, 104, 105]
05:25:14  INFO      tess_pipeline.data.download  [download] Selected sectors for analysis: [104, 105]
05:25:14  INFO      tess_pipeline.data.download  [download] Downloading 2 selected sector(s) from MAST
05:25:21  INFO      tess_pipeline.data.download  [fits] Step 1/4: normalizing FITS paths
05:25:21  INFO      tess_pipeline.data.download  [fits] Step 2/4: 2 FITS file(s) queued
05:25:21  INFO      tess_pipeline.data.download  [fits] Step 3/4: reading file 1/2: data/fits/tess2026137223500-s0104-0000000101230735-0306-s_lc.fits
05:25:22  INFO      tess_pipeline.data.download  [fits] Step 3/4: reading file 2/2: data/fits/tess2026164183000-s0105-0000000101230735-0307-s_lc.fits
05:25:22  INFO      tess_pipeline.data.download  [fits] Step 4/4: loaded 2 light curve(s) from local FITS in 0.1s
05:25:22  INFO      tess_pipeline.data.download  [download] Completed TIC 101230735 download in 17.5s (2 sector file(s))
05:25:22  INFO      tess_pipeline.analysis.stages.lightcurve  Loaded light curves for sector(s): [104, 105]
✓ Completed in 17.54 s

======================================================================
Step 6: Preprocess Light Curves
======================================================================
05:25:22  INFO      tess_pipeline.analysis.stages.lightcurve  Preprocessing light curves
05:25:22  INFO      tess_pipeline.data.preprocess  Saving diagnostic plots to directory: output_bayesian_sector_longest_3000_draws_4_chains/TIC 101230735/plots
05:25:22  INFO      tess_pipeline.data.preprocess  Dynamic mask width calculated: 0.153 days for P = 2.07 d
05:25:24  DEBUG     tess_pipeline.data.preprocess  Stitched 2 sectors -> 30542 cadences
05:25:24  INFO      tess_pipeline.data.preprocess  Preprocessing complete: 30542 cadences remain
05:25:25  INFO      tess_pipeline.data.preprocess  Saved final stitched visualization to output_bayesian_sector_longest_3000_draws_4_chains/TIC 101230735/plots/final_stitched_preprocessing.png
05:25:25  INFO      tess_pipeline.analysis.session  Saved step plot: output_bayesian_sector_longest_3000_draws_4_chains/TIC 101230735/plots/01_raw.png
05:25:26  INFO      tess_pipeline.analysis.session  Saved step plot: output_bayesian_sector_longest_3000_draws_4_chains/TIC 101230735/plots/02_flat.png
✓ Completed in 4.06 s

======================================================================
Step 7: Search for Transit Signals
======================================================================
05:25:26  INFO      tess_pipeline.analysis.stages.period  Archive period found for Planet 1: 2.068563 d; refining...
05:25:26  INFO      tess_pipeline.transit.detection  Running TLS (period 2.1-2.1 d)
05:25:26  DEBUG     tess_pipeline.transit.tls  TLS search mode: narrow (osf=29, dur_step=1.10)
05:25:26  DEBUG     tess_pipeline.transit.tls  TLS kwargs: {'period_min': 2.0644261734000002, 'period_max': 2.0727004266, 'duration_grid_step': 1.1, 'oversampling_factor': 29}
Transit Least Squares TLS 1.32 (5 Apr 2024)
Creating model cache for 25 durations
Searching 30542 data points, 64 periods from 2.065 to 2.073 days
Using all 32 CPU threads
05:25:33  INFO      tess_pipeline.transit.tls  Optimized T0 search: running coarse pass with 100 points...
05:25:33  INFO      tess_pipeline.transit.tls  Optimized T0 search: running fine pass with 300 points around T0=4179.6948...
05:25:34  INFO      tess_pipeline.transit.tls  TLS: period=2.068249 d, epoch=4179.6856, duration=0.75 h, depth=0.000476, SDE=1.58
05:25:34  INFO      tess_pipeline.analysis.stages.period  Searching for 1 additional planet(s) in residuals...
05:25:34  INFO      tess_pipeline.transit.detection  Capping period_max 100.0 → 17.8 d (3-transit requirement over 53 d baseline)
05:25:34  INFO      tess_pipeline.transit.detection  Searching for Planet 1 candidate (coarse search)...
05:25:34  INFO      tess_pipeline.transit.detection  Running TLS (period 0.5-17.8 d)
05:25:34  DEBUG     tess_pipeline.transit.tls  TLS search mode: broad (osf=None, dur_step=1.10)
05:25:34  DEBUG     tess_pipeline.transit.tls  TLS kwargs: {'period_min': 0.5, 'period_max': 17.77523027210312, 'duration_grid_step': 1.1, 'period_grid': array([ 0.5       ,  0.50359094,  0.50720768,  0.51085038,  0.51451925,
        0.51821447,  0.52193623,  0.52568471,  0.52946012,  0.53326264,
        0.53709247,  0.54094981,  0.54483485,  0.54874779,  0.55268884,
        0.55665818,  0.56065604,  0.56468261,  0.56873809,  0.5728227 ,
        0.57693665,  0.58108014,  0.5852534 ,  0.58945662,  0.59369003,
        0.59795384,  0.60224828,  0.60657356,  0.6109299 ,  0.61531753,
        0.61973667,  0.62418755,  0.62867039,  0.63318543,  0.63773289,
        0.64231302,  0.64692604,  0.65157219,  0.6562517 ,  0.66096483,
        0.6657118 ,  0.67049287,  0.67530827,  0.68015826,  0.68504307,
        0.68996298,  0.69491821,  0.69990903,  0.7049357 ,  0.70999847,
        0.7150976 ,  0.72023335,  0.72540598,  0.73061576,  0.73586296,
        0.74114784,  0.74647068,  0.75183175,  0.75723132,  0.76266967,
        0.76814707,  0.77366382,  0.77922018,  0.78481645,  0.79045292,
        0.79612986,  0.80184757,  0.80760635,  0.81340649,  0.81924828,
        0.82513203,  0.83105803,  0.83702659,  0.84303802,  0.84909262,
        0.85519071,  0.86133259,  0.86751858,  0.873749  ,  0.88002417,
        0.8863444 ,  0.89271003,  0.89912137,  0.90557875,  0.91208252,
        0.91863299,  0.92523051,  0.93187541,  0.93856803,  0.94530872,
        0.95209782,  0.95893567,  0.96582264,  0.97275907,  0.97974531,
        0.98678173,  0.99386868,  1.00100654,  1.00819565,  1.0154364 ,
        1.02272914,  1.03007427,  1.03747214,  1.04492315,  1.05242767,
        1.05998608,  1.06759878,  1.07526615,  1.08298859,  1.09076649,
        1.09860025,  1.10649027,  1.11443696,  1.12244072,  1.13050196,
        1.1386211 ,  1.14679854,  1.15503472,  1.16333005,  1.17168495,
        1.18009986,  1.1885752 ,  1.19711141,  1.20570893,  1.21436819,
        1.22308964,  1.23187373,  1.24072091,  1.24963162,  1.25860634,
        1.2676455 ,  1.27674959,  1.28591906,  1.29515438,  1.30445603,
        1.31382449,  1.32326022,  1.33276373,  1.34233548,  1.35197598,
        1.36168572,  1.37146519,  1.3813149 ,  1.39123534,  1.40122704,
        1.41129049,  1.42142621,  1.43163473,  1.44191657,  1.45227225,
        1.4627023 ,  1.47320726,  1.48378767,  1.49444406,  1.50517699,
        1.515987  ,  1.52687464,  1.53784048,  1.54888508,  1.56000899,
        1.5712128 ,  1.58249707,  1.59386238,  1.60530932,  1.61683847,
        1.62845042,  1.64014576,  1.6519251 ,  1.66378904,  1.67573818,
        1.68777314,  1.69989453,  1.71210298,  1.72439911,  1.73678355,
        1.74925693,  1.76181989,  1.77447308,  1.78721714,  1.80005273,
        1.8129805 ,  1.82600112,  1.83911525,  1.85232357,  1.86562674,
        1.87902546,  1.89252041,  1.90611227,  1.91980175,  1.93358955,
        1.94747637,  1.96146292,  1.97554992,  1.9897381 ,  2.00402817,
        2.01842087,  2.03291694,  2.04751711,  2.06222215,  2.07703279,
        2.0919498 ,  2.10697395,  2.12210599,  2.13734672,  2.1526969 ,
        2.16815732,  2.18372878,  2.19941207,  2.21520799,  2.23111736,
        2.24714099,  2.2632797 ,  2.27953432,  2.29590567,  2.3123946 ,
        2.32900196,  2.34572858,  2.36257534,  2.37954308,  2.39663269,
        2.41384503,  2.43118099,  2.44864145,  2.46622732,  2.48393948,
        2.50177885,  2.51974634,  2.53784287,  2.55606936,  2.57442676,
        2.592916  ,  2.61153803,  2.63029379,  2.64918426,  2.6682104 ,
        2.68737318,  2.70667359,  2.72611261,  2.74569124,  2.76541048,
        2.78527134,  2.80527484,  2.825422  ,  2.84571386,  2.86615145,
        2.88673582,  2.90746803,  2.92834913,  2.9493802 ,  2.97056231,
        2.99189655,  3.01338401,  3.03502579,  3.056823  ,  3.07877675,
        3.10088817,  3.1231584 ,  3.14558856,  3.16817982,  3.19093332,
        3.21385024,  3.23693175,  3.26017902,  3.28359325,  3.30717564,
        3.3309274 ,  3.35484974,  3.37894389,  3.40321108,  3.42765255,
        3.45226956,  3.47706336,  3.50203523,  3.52718645,  3.5525183 ,
        3.57803208,  3.6037291 ,  3.62961067,  3.65567811,  3.68193278,
        3.708376  ,  3.73500913,  3.76183354,  3.7888506 ,  3.81606169,
        3.8434682 ,  3.87107155,  3.89887315,  3.92687441,  3.95507677,
        3.98348168,  4.01209059,  4.04090496,  4.06992628,  4.09915603,
        4.1285957 ,  4.1582468 ,  4.18811085,  4.21818938,  4.24848394,
        4.27899606,  4.30972732,  4.34067929,  4.37185355,  4.40325171,
        4.43487536,  4.46672612,  4.49880564,  4.53111555,  4.5636575 ,
        4.59643317,  4.62944422,  4.66269236,  4.69617928,  4.72990671,
        4.76387635,  4.79808997,  4.8325493 ,  4.86725612,  4.9022122 ,
        4.93741932,  4.9728793 ,  5.00859395,  5.0445651 ,  5.08079459,
        5.11728428,  5.15403603,  5.19105172,  5.22833326,  5.26588256,
        5.30370152,  5.3417921 ,  5.38015624,  5.4187959 ,  5.45771308,
        5.49690975,  5.53638792,  5.57614963,  5.6161969 ,  5.65653178,
        5.69715635,  5.73807267,  5.77928285,  5.820789  ,  5.86259324,
        5.90469771,  5.94710458,  5.989816  ,  6.03283418,  6.0761613 ,
        6.1197996 ,  6.1637513 ,  6.20801865,  6.25260393,  6.29750942,
        6.34273741,  6.38829022,  6.43417019,  6.48037967,  6.52692101,
        6.57379661,  6.62100887,  6.6685602 ,  6.71645303,  6.76468983,
        6.81327306,  6.86220521,  6.91148878,  6.9611263 ,  7.01112031,
        7.06147338,  7.11218807,  7.16326699,  7.21471276,  7.266528  ,
        7.31871537,  7.37127755,  7.42421722,  7.4775371 ,  7.53123991,
        7.58532842,  7.63980538,  7.69467359,  7.74993585,  7.805595  ,
        7.86165389,  7.91811539,  7.97498239,  8.0322578 ,  8.08994456,
        8.14804561,  8.20656395,  8.26550255,  8.32486444,  8.38465267,
        8.44487028,  8.50552037,  8.56660605,  8.62813043,  8.69009668,
        8.75250796,  8.81536747,  8.87867843,  8.94244408,  9.00666769,
        9.07135255,  9.13650197,  9.20211928,  9.26820785,  9.33477105,
        9.40181231,  9.46933505,  9.53734273,  9.60583884,  9.67482687,
        9.74431037,  9.81429289,  9.88477802,  9.95576937, 10.02727056,
       10.09928527, 10.17181718, 10.24487001, 10.3184475 , 10.39255341,
       10.46719154, 10.54236571, 10.61807977, 10.69433761, 10.77114311,
       10.84850023, 10.92641292, 11.00488517, 11.08392099, 11.16352445,
       11.2436996 , 11.32445056, 11.40578147, 11.48769649, 11.57019981,
       11.65329566, 11.7369883 , 11.82128201, 11.9061811 , 11.99168993,
       12.07781288, 12.16455435, 12.25191878, 12.33991066, 12.42853449,
       12.5177948 , 12.60769617, 12.6982432 , 12.78944053, 12.88129283,
       12.9738048 , 13.06698118, 13.16082675, 13.2553463 , 13.35054468,
       13.44642677, 13.54299746, 13.64026172, 13.73822452, 13.83689088,
       13.93626584, 14.03635451, 14.137162  , 14.23869348, 14.34095415,
       14.44394924, 14.54768403, 14.65216384, 14.757394  , 14.86337991,
       14.97012701, 15.07764075, 15.18592664, 15.29499023, 15.4048371 ,
       15.51547287, 15.62690322, 15.73913386, 15.85217051, 15.96601899,
       16.08068511, 16.19617475, 16.31249382, 16.42964829, 16.54764414,
       16.66648743, 16.78618424, 16.90674069, 17.02816297, 17.15045729,
       17.27362991, 17.39768714, 17.52263534, 17.6484809 , 17.77523027]), 'n_transits_min': 2}
Transit Least Squares TLS 1.32 (5 Apr 2024)
Creating model cache for 40 durations
Searching 29826 data points, 500 periods from 0.5 to 17.775 days
Using all 32 CPU threads
05:25:42  INFO      tess_pipeline.transit.tls  Optimized T0 search: running coarse pass with 238 points...
05:25:42  INFO      tess_pipeline.transit.tls  Optimized T0 search: running fine pass with 300 points around T0=4179.6195...
05:25:43  INFO      tess_pipeline.transit.tls  TLS: period=13.350545 d, epoch=4179.6167, duration=1.13 h, depth=0.000956, SDE=7.74
05:25:43  INFO      tess_pipeline.transit.detection  Significant peak found (coarse SDE/SNR = 7.74 at 13.3505 d). Checking sub-harmonics for robustness...
05:25:43  INFO      tess_pipeline.transit.detection  Running TLS (period 4.4-4.5 d)
05:25:43  DEBUG     tess_pipeline.transit.tls  TLS search mode: narrow (osf=6, dur_step=1.10)
05:25:43  DEBUG     tess_pipeline.transit.tls  TLS kwargs: {'period_min': 4.361177929013924, 'period_max': 4.539185191422656, 'duration_grid_step': 1.1, 'oversampling_factor': 6}
Transit Least Squares TLS 1.32 (5 Apr 2024)
Creating model cache for 29 durations
Searching 29826 data points, 103 periods from 4.362 to 4.538 days
Using all 32 CPU threads
05:25:50  INFO      tess_pipeline.transit.tls  Optimized T0 search: running coarse pass with 100 points...
05:25:50  INFO      tess_pipeline.transit.tls  Optimized T0 search: running fine pass with 300 points around T0=4179.5952...
05:25:51  INFO      tess_pipeline.transit.tls  TLS: period=4.375482 d, epoch=4179.5836, duration=0.95 h, depth=0.000260, SDE=3.20
05:25:51  INFO      tess_pipeline.transit.detection  Running TLS (period 6.5-6.8 d)
05:25:51  DEBUG     tess_pipeline.transit.tls  TLS search mode: narrow (osf=9, dur_step=1.10)
05:25:51  DEBUG     tess_pipeline.transit.tls  TLS kwargs: {'period_min': 6.541766893520887, 'period_max': 6.808777787133984, 'duration_grid_step': 1.1, 'oversampling_factor': 9}
Transit Least Squares TLS 1.32 (5 Apr 2024)
Creating model cache for 29 durations
Searching 29826 data points, 135 periods from 6.542 to 6.808 days
Using all 32 CPU threads
05:25:58  INFO      tess_pipeline.transit.tls  Optimized T0 search: running coarse pass with 100 points...
05:25:58  INFO      tess_pipeline.transit.tls  Optimized T0 search: running fine pass with 300 points around T0=4179.5731...
05:25:59  INFO      tess_pipeline.transit.tls  TLS: period=6.561811 d, epoch=4179.5895, duration=0.95 h, depth=0.000419, SDE=2.84
05:25:59  INFO      tess_pipeline.transit.detection  Running TLS (period 13.1-13.6 d)
05:25:59  DEBUG     tess_pipeline.transit.tls  TLS search mode: broad (osf=1, dur_step=1.10)
05:25:59  DEBUG     tess_pipeline.transit.tls  TLS kwargs: {'period_min': 13.083533787041773, 'period_max': 13.617555574267968, 'duration_grid_step': 1.1, 'oversampling_factor': 1, 'n_transits_min': 2}
Transit Least Squares TLS 1.32 (5 Apr 2024)
Creating model cache for 29 durations
Searching 29826 data points, 12 periods from 13.113 to 13.607 days
Using all 32 CPU threads
05:26:02  INFO      tess_pipeline.transit.tls  Optimized T0 search: running coarse pass with 243 points...
05:26:02  INFO      tess_pipeline.transit.tls  Optimized T0 search: running fine pass with 300 points around T0=4179.6185...
05:26:02  INFO      tess_pipeline.transit.tls  TLS: period=13.515591 d, epoch=4179.6168, duration=1.12 h, depth=0.000966, SDE=0.72
05:26:02  INFO      tess_pipeline.transit.detection  Harmonic resolution: selected fraction 1.00 (refined period=13.5156 d, SDE/SNR=6.10, max_sig was 6.10)
Planet 1 derived robust period: 13.51559 days (SNR: 6.10, via fraction 1.00 of initial peak 13.35054d)
05:26:02  INFO      tess_pipeline.transit.detection  Planet 1 found: Period = 13.515591 d, epoch = 4179.6168, SDE/SNR = 6.10
05:26:02  INFO      tess_pipeline.analysis.stages.period  Detections completed. Found 2 planet candidate(s).
05:26:03  INFO      tess_pipeline.analysis.session  Saved step plot: output_bayesian_sector_longest_3000_draws_4_chains/TIC 101230735/plots/03_tls_periodogram.png
05:26:03  INFO      tess_pipeline.analysis.session  Saved step plot: output_bayesian_sector_longest_3000_draws_4_chains/TIC 101230735/plots/tls_periodogram_coarse_p0.png
05:26:03  INFO      tess_pipeline.analysis.session  Saved step plot: output_bayesian_sector_longest_3000_draws_4_chains/TIC 101230735/plots/tls_periodogram_fine_p0.png
05:26:03  INFO      tess_pipeline.analysis.session  Saved step plot: output_bayesian_sector_longest_3000_draws_4_chains/TIC 101230735/plots/tls_periodogram_coarse_p1.png
05:26:03  INFO      tess_pipeline.analysis.session  Saved step plot: output_bayesian_sector_longest_3000_draws_4_chains/TIC 101230735/plots/tls_periodogram_fine_p1.png
05:26:04  INFO      tess_pipeline.analysis.session  Saved step plot: output_bayesian_sector_longest_3000_draws_4_chains/TIC 101230735/plots/04_phase.png
✓ Completed in 38.00 s

======================================================================
Step 8: Bayesian Transit Fit
======================================================================
05:26:04  INFO      tess_pipeline.analysis.stages.inference  Running Bayesian transit fit (exoplanet + PyMC)
05:26:04  INFO      tess_pipeline.analysis.stages.inference  Second candidate probability (4.1%) is below 75% threshold. Skipping multi-planet MCMC fit and proceeding with 1-planet model.
05:26:04  INFO      tess_pipeline.inference.bayesian  Building PyMC model (N=30542 points, 1 planets)
05:26:04  DEBUG     tess_pipeline.inference.gp  Using SHO GP kernel
05:26:04  INFO      tess_pipeline.inference.bayesian  Sampling: 4 chains × 3000 draws (tune=3000, target_accept=0.95)
                                                                                
                                  Step    Grad                                  
  Progress        Draw    Dive…   size    evals   Speed          Elap…   Rema…  
 ────────────────────────────────────────────────────────────────────────────── 
  ━━━━━━━━━━━━━   6000    5       0.046   63      1.41 draws/s   1:11…   0:00…  
  ━━━━━━━━━━━━━   6000    0       0.081   63      1.36 draws/s   1:13…   0:00…  
  ━━━━━━━━━━━━━   6000    0       0.055   127     1.49 draws/s   1:06…   0:00…  
  ━━━━━━━━━━━━━   6000    0       0.064   95      1.29 draws/s   1:17…   0:00…  
                                                                                
Computing ... ━━━━━━━━━━━━━━━━━━━━━━━━━━━━━━━━━━━━━━━━ 100% 0:00:00
06:45:50  INFO      tess_pipeline.inference.bayesian  Sampling complete
06:46:16  INFO      tess_pipeline.analysis.session  Saved step plot: output_bayesian_sector_longest_3000_draws_4_chains/TIC 101230735/plots/06_bayesian_fit.png
06:46:19  INFO      tess_pipeline.analysis.session  Saved step plot: output_bayesian_sector_longest_3000_draws_4_chains/TIC 101230735/plots/07_corner.png
06:46:20  INFO      tess_pipeline.analysis.session  Saved step plot: output_bayesian_sector_longest_3000_draws_4_chains/TIC 101230735/plots/08_trace.png
06:46:20  INFO      tess_pipeline.analysis.session  Saved step plot: output_bayesian_sector_longest_3000_draws_4_chains/TIC 101230735/plots/09_posterior_predictive.png
06:46:20  INFO      tess_pipeline.analysis.session  Saved step plot: output_bayesian_sector_longest_3000_draws_4_chains/TIC 101230735/plots/05_residuals.png
✓ Completed in 4816.74 s

======================================================================
Step 9: Derive Planet Parameters
======================================================================
✓ Completed in 0.07 s

======================================================================
Step 10: Check MCMC Convergence
======================================================================
06:46:23  WARNING   tess_pipeline.inference.diagnostics  Convergence issues detected (see ConvergenceWarning)
✓ Completed in 2.63 s

======================================================================
Step 11: Generate Figures
======================================================================
06:46:23  INFO      tess_pipeline.analysis.stages.visualization  Generating diagnostic figures
✓ Completed in 13.16 s

======================================================================
Step 12: Save Results
======================================================================
06:46:36  INFO      tess_pipeline.io.export  Saving results to output_bayesian_sector_longest_3000_draws_4_chains/TIC 101230735
06:46:36  DEBUG     tess_pipeline.io.export  Saved CSV: output_bayesian_sector_longest_3000_draws_4_chains/TIC 101230735/TIC101230735_summary.csv
06:46:36  DEBUG     tess_pipeline.io.export  Saved JSON: output_bayesian_sector_longest_3000_draws_4_chains/TIC 101230735/TIC101230735_metadata.json
06:46:36  DEBUG     tess_pipeline.io.export  Saved compressed posterior sample values: output_bayesian_sector_longest_3000_draws_4_chains/TIC 101230735/data_for_plots/posterior_samples.npz
06:46:36  DEBUG     tess_pipeline.io.export  Saved light curve FITS: output_bayesian_sector_longest_3000_draws_4_chains/TIC 101230735/TIC101230735_lightcurve.fits
06:46:37  DEBUG     tess_pipeline.io.export  Saved figure: output_bayesian_sector_longest_3000_draws_4_chains/TIC 101230735/plots/01_raw.png
06:46:37  DEBUG     tess_pipeline.io.export  Saved figure: output_bayesian_sector_longest_3000_draws_4_chains/TIC 101230735/plots/02_flat.png
06:46:37  DEBUG     tess_pipeline.io.export  Saved figure: output_bayesian_sector_longest_3000_draws_4_chains/TIC 101230735/plots/03_tls_periodogram.png
06:46:37  DEBUG     tess_pipeline.io.export  Saved figure: output_bayesian_sector_longest_3000_draws_4_chains/TIC 101230735/plots/03_tls_periodogram_coarse_p0.png
06:46:37  DEBUG     tess_pipeline.io.export  Saved figure: output_bayesian_sector_longest_3000_draws_4_chains/TIC 101230735/plots/03_tls_periodogram_fine_p0.png
06:46:37  DEBUG     tess_pipeline.io.export  Saved figure: output_bayesian_sector_longest_3000_draws_4_chains/TIC 101230735/plots/03_tls_periodogram_coarse_p1.png
06:46:38  DEBUG     tess_pipeline.io.export  Saved figure: output_bayesian_sector_longest_3000_draws_4_chains/TIC 101230735/plots/03_tls_periodogram_fine_p1.png
06:46:38  DEBUG     tess_pipeline.io.export  Saved figure: output_bayesian_sector_longest_3000_draws_4_chains/TIC 101230735/plots/04_phase_p0.png
06:46:38  DEBUG     tess_pipeline.io.export  Saved figure: output_bayesian_sector_longest_3000_draws_4_chains/TIC 101230735/plots/04_phase_p1.png
06:46:38  DEBUG     tess_pipeline.io.export  Saved figure: output_bayesian_sector_longest_3000_draws_4_chains/TIC 101230735/plots/05_residuals.png
06:46:39  DEBUG     tess_pipeline.io.export  Saved figure: output_bayesian_sector_longest_3000_draws_4_chains/TIC 101230735/plots/06_bayesian_fit.png
06:46:39  DEBUG     tess_pipeline.io.export  Saved figure: output_bayesian_sector_longest_3000_draws_4_chains/TIC 101230735/plots/10_gp_acf.png
06:46:39  DEBUG     tess_pipeline.io.export  Saved figure: output_bayesian_sector_longest_3000_draws_4_chains/TIC 101230735/plots/11_transit_stack_p0.png
06:46:39  DEBUG     tess_pipeline.io.export  Saved figure: output_bayesian_sector_longest_3000_draws_4_chains/TIC 101230735/plots/04_mcmc_phase_p0.png
06:46:40  DEBUG     tess_pipeline.io.export  Saved figure: output_bayesian_sector_longest_3000_draws_4_chains/TIC 101230735/plots/07_corner.png
06:46:41  DEBUG     tess_pipeline.io.export  Saved figure: output_bayesian_sector_longest_3000_draws_4_chains/TIC 101230735/plots/08_trace.png
06:46:41  DEBUG     tess_pipeline.io.export  Saved figure: output_bayesian_sector_longest_3000_draws_4_chains/TIC 101230735/plots/09_posterior_predictive.png
06:46:41  DEBUG     tess_pipeline.io.export  Saved periodogram data: output_bayesian_sector_longest_3000_draws_4_chains/TIC 101230735/data_for_plots/periodogram_data.npz
06:46:52  DEBUG     tess_pipeline.io.export  Saved lightcurve model data: output_bayesian_sector_longest_3000_draws_4_chains/TIC 101230735/data_for_plots/lightcurve_model_data.npz
06:46:52  DEBUG     tess_pipeline.io.export  Saved recreate script: output_bayesian_sector_longest_3000_draws_4_chains/TIC 101230735/recreate_plots.py
06:46:52  INFO      tess_pipeline.io.export  Saved HTML Report: output_bayesian_sector_longest_3000_draws_4_chains/TIC 101230735/report.html
06:47:02  INFO      tess_pipeline.io.report  PDF report saved: output_bayesian_sector_longest_3000_draws_4_chains/TIC 101230735/TIC101230735_report.pdf
06:47:02  INFO      tess_pipeline.io.export  Export complete: output_bayesian_sector_longest_3000_draws_4_chains/TIC 101230735
✓ Completed in 25.76 s


================================================================================
PIPELINE SUMMARY
================================================================================
Detected Period : 2.068249 d
Epoch           : 4179.685630
Depth           : 0.000476
Duration        : 0.75 hr
SDE             : 1.58
SNR             : 10.48

Output Directory : output_bayesian_sector_longest_3000_draws_4_chains
Total Runtime    : 82.06 minutes

✓ Pipeline completed successfully.


Running pipeline for TIC 381979901...


================================================================================
TESS EXOPLANET PIPELINE
================================================================================
Target      : TIC 381979901
Mode        : science
Search      : TLS
Backend     : exoplanet/PyMC
Output      : output_bayesian_sector_longest_3000_draws_4_chains
================================================================================

======================================================================
Step 1: Resolve Target
======================================================================
06:47:02  INFO      tess_pipeline.analysis.stages.target  Resolving target: TIC 381979901
06:47:02  DEBUG     tess_pipeline.data.metadata  Resolved 'TIC 381979901' to TIC 381979901
06:47:02  INFO      tess_pipeline.catalogs.nasa_archive  Using local NASA archive CSV /mnt/home/project/cnitesh/nitesh/tess_exoplanet_pipeline/data/TOI_2026.06.28_09.42.00.csv for TIC 381979901 (matched 1 row(s))
06:47:02  INFO      tess_pipeline.data.metadata  Loaded coordinates for TIC 381979901 from local archive
06:47:02  INFO      tess_pipeline.analysis.stages.target  Resolved to TIC 381979901
✓ Completed in 0.01 s

======================================================================
Step 2: Query NASA Exoplanet Archive
======================================================================
06:47:02  INFO      tess_pipeline.analysis.stages.period  Querying NASA Exoplanet Archive for TIC 381979901
06:47:02  INFO      tess_pipeline.analysis.stages.period  Archive periods found: 1 planets (Primary: 3.254118 d)
✓ Completed in 0.01 s

======================================================================
Step 4: Characterize Host Star
======================================================================
06:47:02  INFO      tess_pipeline.analysis.stages.stellar  Querying Gaia DR3
06:47:05  WARNING   tess_pipeline.catalogs.gaia  Gaia DR3: r_star not available for this source
06:47:05  WARNING   tess_pipeline.catalogs.gaia  Gaia DR3: teff not available for this source
06:47:05  WARNING   tess_pipeline.catalogs.gaia  Gaia DR3: parallax not available for this source
06:47:05  INFO      tess_pipeline.analysis.stages.stellar  Parameters ['r_star', 'teff', 'logg'] missing in Gaia DR3; checking local NASA TOI archive
06:47:05  INFO      tess_pipeline.catalogs.nasa_archive  Using local NASA archive CSV /mnt/home/project/cnitesh/nitesh/tess_exoplanet_pipeline/data/TOI_2026.06.28_09.42.00.csv for TIC 381979901 (matched 1 row(s))
06:47:05  INFO      tess_pipeline.analysis.stages.stellar  Retrieved r_star = 1.2800000 from local NASA archive
06:47:05  INFO      tess_pipeline.analysis.stages.stellar  Retrieved teff = 6102.0000000 from local NASA archive
06:47:05  INFO      tess_pipeline.analysis.stages.stellar  Retrieved logg = 4.2864900 from local NASA archive
06:47:05  INFO      tess_pipeline.analysis.stages.stellar  Running stellar characterization (gaia_only)
06:47:05  DEBUG     tess_pipeline.catalogs.stellar  Querying VizieR TIC v8.2 via vizier.cds.unistra.fr
06:47:05  INFO      tess_pipeline.catalogs.stellar  VizieR TIC v8.2 query succeeded via vizier.cds.unistra.fr
06:47:05  INFO      tess_pipeline.catalogs.stellar  VizieR (TIC8.2) query successful: Teff=6102.0, logg=None, feh=None, r_star=1.276, m_star=None, parallax=None
06:47:05  INFO      tess_pipeline.catalogs.stellar  Querying SIMBAD TAP for TIC 381979901 measurements
06:47:06  INFO      tess_pipeline.catalogs.stellar  Querying SIMBAD TAP at coordinates RA=77.60539639119807, DEC=-59.5356611760268 for measurements
06:47:06  INFO      tess_pipeline.catalogs.stellar  SIMBAD query successful: Teff=None, logg=None, feh=None, parallax=1.3739
✓ Completed in 4.13 s

======================================================================
Step 5: Download TESS Light Curves
======================================================================
06:47:06  INFO      tess_pipeline.analysis.stages.lightcurve  Downloading TESS data for TIC 381979901
06:47:06  INFO      tess_pipeline.data.download  [download] Starting download for TIC 381979901 (author=SPOC, cadence=120, sectors=longest, force_download=False)
06:47:17  INFO      tess_pipeline.data.download  [download] Found 34 available sector(s): [12, 13, 27, 28, 29, 30, 31, 32, 33, 34, 35, 36, 37, 38, 39, 61, 62, 63, 64, 65, 66, 67, 68, 69, 87, 88, 89, 90, 93, 94, 95, 96, 97, 98]
06:47:17  INFO      tess_pipeline.data.download  [download] Selected sectors for analysis: [27, 28, 29, 30, 31, 32, 33, 34, 35, 36, 37, 38, 39]
06:47:17  INFO      tess_pipeline.data.download  [download] Found local cached files for all selected sectors, loading them.
06:47:17  INFO      tess_pipeline.data.download  [fits] Step 1/4: normalizing FITS paths
06:47:17  INFO      tess_pipeline.data.download  [fits] Step 2/4: 13 FITS file(s) queued
06:47:17  INFO      tess_pipeline.data.download  [fits] Step 3/4: reading file 1/13: data/fits/tess2020186164531-s0027-0000000381979901-0189-s_lc.fits
06:47:17  INFO      tess_pipeline.data.download  [fits] Step 3/4: reading file 2/13: data/fits/tess2020212050318-s0028-0000000381979901-0190-s_lc.fits
06:47:17  INFO      tess_pipeline.data.download  [fits] Step 3/4: reading file 3/13: data/fits/tess2020238165205-s0029-0000000381979901-0193-s_lc.fits
06:47:17  INFO      tess_pipeline.data.download  [fits] Step 3/4: reading file 4/13: data/fits/tess2020266004630-s0030-0000000381979901-0195-s_lc.fits
06:47:17  INFO      tess_pipeline.data.download  [fits] Step 3/4: reading file 5/13: data/fits/tess2020294194027-s0031-0000000381979901-0198-s_lc.fits
06:47:18  INFO      tess_pipeline.data.download  [fits] Step 3/4: reading file 6/13: data/fits/tess2020324010417-s0032-0000000381979901-0200-s_lc.fits
06:47:18  INFO      tess_pipeline.data.download  [fits] Step 3/4: reading file 7/13: data/fits/tess2020351194500-s0033-0000000381979901-0203-s_lc.fits
06:47:18  INFO      tess_pipeline.data.download  [fits] Step 3/4: reading file 8/13: data/fits/tess2021014023720-s0034-0000000381979901-0204-s_lc.fits
06:47:18  INFO      tess_pipeline.data.download  [fits] Step 3/4: reading file 9/13: data/fits/tess2021039152502-s0035-0000000381979901-0205-s_lc.fits
06:47:18  INFO      tess_pipeline.data.download  [fits] Step 3/4: reading file 10/13: data/fits/tess2021065132309-s0036-0000000381979901-0207-s_lc.fits
06:47:18  INFO      tess_pipeline.data.download  [fits] Step 3/4: reading file 11/13: data/fits/tess2021091135823-s0037-0000000381979901-0208-s_lc.fits
06:47:18  INFO      tess_pipeline.data.download  [fits] Step 3/4: reading file 12/13: data/fits/tess2021118034608-s0038-0000000381979901-0209-s_lc.fits
06:47:18  INFO      tess_pipeline.data.download  [fits] Step 3/4: reading file 13/13: data/fits/tess2021146024351-s0039-0000000381979901-0210-s_lc.fits
06:47:18  INFO      tess_pipeline.data.download  [fits] Step 4/4: loaded 13 light curve(s) from local FITS in 1.4s
06:47:18  INFO      tess_pipeline.analysis.stages.lightcurve  Loaded light curves for sector(s): [27, 28, 29, 30, 31, 32, 33, 34, 35, 36, 37, 38, 39]
✓ Completed in 12.12 s

======================================================================
Step 6: Preprocess Light Curves
======================================================================
06:47:18  INFO      tess_pipeline.analysis.stages.lightcurve  Preprocessing light curves
06:47:19  INFO      tess_pipeline.data.preprocess  Saving diagnostic plots to directory: output_bayesian_sector_longest_3000_draws_4_chains/TIC 381979901/plots
06:47:19  INFO      tess_pipeline.data.preprocess  Dynamic mask width calculated: 0.178 days for P = 3.25 d
06:47:31  DEBUG     tess_pipeline.data.preprocess  Stitched 13 sectors -> 199366 cadences
06:47:31  INFO      tess_pipeline.data.preprocess  Preprocessing complete: 199366 cadences remain
06:47:34  INFO      tess_pipeline.data.preprocess  Saved final stitched visualization to output_bayesian_sector_longest_3000_draws_4_chains/TIC 381979901/plots/final_stitched_preprocessing.png
06:47:34  INFO      tess_pipeline.analysis.session  Saved step plot: output_bayesian_sector_longest_3000_draws_4_chains/TIC 381979901/plots/01_raw.png
06:47:35  INFO      tess_pipeline.analysis.session  Saved step plot: output_bayesian_sector_longest_3000_draws_4_chains/TIC 381979901/plots/02_flat.png
✓ Completed in 16.27 s

======================================================================
Step 7: Search for Transit Signals
======================================================================
06:47:35  INFO      tess_pipeline.analysis.stages.period  Archive period found for Planet 1: 3.254118 d; refining...
06:47:35  INFO      tess_pipeline.transit.detection  Running TLS (period 3.2-3.3 d)
06:47:35  DEBUG     tess_pipeline.transit.tls  TLS search mode: narrow (osf=6, dur_step=1.10)
06:47:35  DEBUG     tess_pipeline.transit.tls  TLS kwargs: {'period_min': 3.2476098637999997, 'period_max': 3.2606263362, 'duration_grid_step': 1.1, 'oversampling_factor': 6}
Transit Least Squares TLS 1.32 (5 Apr 2024)
Creating model cache for 28 durations
Searching 199366 data points, 76 periods from 3.248 to 3.261 days
Using all 32 CPU threads
06:47:44  INFO      tess_pipeline.transit.tls  Optimized T0 search: running coarse pass with 100 points...
06:47:45  INFO      tess_pipeline.transit.tls  Optimized T0 search: running fine pass with 300 points around T0=2038.9079...
06:47:51  INFO      tess_pipeline.transit.tls  TLS: period=3.254154 d, epoch=2038.9052, duration=3.30 h, depth=0.013594, SDE=2.52
06:47:51  INFO      tess_pipeline.analysis.stages.period  Searching for 1 additional planet(s) in residuals...
06:47:51  INFO      tess_pipeline.transit.detection  Downsampled LC from 186372 → 37275 points (10-min cadence) for broad TLS search
06:47:51  INFO      tess_pipeline.transit.detection  Searching for Planet 1 candidate (coarse search)...
06:47:51  INFO      tess_pipeline.transit.detection  Running TLS (period 0.5-100.0 d)
06:47:51  DEBUG     tess_pipeline.transit.tls  TLS search mode: broad (osf=None, dur_step=1.10)
06:47:51  DEBUG     tess_pipeline.transit.tls  TLS kwargs: {'period_min': 0.5, 'period_max': 100.0, 'duration_grid_step': 1.1, 'period_grid': array([  0.5       ,   0.50533722,   0.51073141,   0.51618318,
         0.52169315,   0.52726193,   0.53289016,   0.53857846,
         0.54432749,   0.55013788,   0.55601029,   0.56194539,
         0.56794384,   0.57400632,   0.58013352,   0.58632612,
         0.59258482,   0.59891034,   0.60530337,   0.61176464,
         0.61829489,   0.62489484,   0.63156524,   0.63830685,
         0.64512042,   0.65200671,   0.65896652,   0.66600062,
         0.6731098 ,   0.68029487,   0.68755664,   0.69489592,
         0.70231355,   0.70981035,   0.71738718,   0.72504489,
         0.73278433,   0.7406064 ,   0.74851196,   0.7565019 ,
         0.76457714,   0.77273857,   0.78098712,   0.78932372,
         0.79774931,   0.80626484,   0.81487126,   0.82356956,
         0.8323607 ,   0.84124568,   0.85022551,   0.85930119,
         0.86847375,   0.87774422,   0.88711365,   0.89658309,
         0.90615362,   0.9158263 ,   0.92560223,   0.93548252,
         0.94546827,   0.95556061,   0.96576069,   0.97606964,
         0.98648864,   0.99701885,   1.00766147,   1.01841769,
         1.02928873,   1.04027581,   1.05138017,   1.06260307,
         1.07394576,   1.08540953,   1.09699567,   1.10870548,
         1.1205403 ,   1.13250144,   1.14459025,   1.15680811,
         1.16915639,   1.18163648,   1.19424979,   1.20699774,
         1.21988176,   1.23290332,   1.24606387,   1.25936491,
         1.27280792,   1.28639443,   1.30012597,   1.31400409,
         1.32803035,   1.34220633,   1.35653363,   1.37101387,
         1.38564867,   1.4004397 ,   1.4153886 ,   1.43049709,
         1.44576684,   1.46119959,   1.47679708,   1.49256106,
         1.50849332,   1.52459564,   1.54086984,   1.55731777,
         1.57394126,   1.5907422 ,   1.60772248,   1.62488402,
         1.64222875,   1.65975862,   1.67747562,   1.69538173,
         1.71347898,   1.73176941,   1.75025508,   1.76893807,
         1.78782049,   1.80690448,   1.82619217,   1.84568575,
         1.86538741,   1.88529938,   1.90542389,   1.92576322,
         1.94631967,   1.96709554,   1.98809319,   2.00931497,
         2.03076328,   2.05244054,   2.07434919,   2.09649171,
         2.11887059,   2.14148834,   2.16434753,   2.18745073,
         2.21080054,   2.2343996 ,   2.25825056,   2.28235612,
         2.306719  ,   2.33134193,   2.3562277 ,   2.38137911,
         2.406799  ,   2.43249023,   2.4584557 ,   2.48469834,
         2.51122111,   2.53802699,   2.565119  ,   2.59250021,
         2.6201737 ,   2.64814259,   2.67641003,   2.70497921,
         2.73385334,   2.7630357 ,   2.79252956,   2.82233825,
         2.85246513,   2.88291359,   2.91368708,   2.94478906,
         2.97622304,   3.00799255,   3.04010119,   3.07255256,
         3.10535034,   3.13849822,   3.17199993,   3.20585925,
         3.24008001,   3.27466605,   3.30962127,   3.34494963,
         3.38065509,   3.41674169,   3.4532135 ,   3.49007462,
         3.52732921,   3.56498147,   3.60303565,   3.64149604,
         3.68036697,   3.71965283,   3.75935804,   3.79948708,
         3.84004448,   3.88103481,   3.92246268,   3.96433277,
         4.00664981,   4.04941855,   4.09264383,   4.13633051,
         4.18048352,   4.22510784,   4.2702085 ,   4.31579059,
         4.36185923,   4.40841964,   4.45547705,   4.50303677,
         4.55110417,   4.59968466,   4.64878372,   4.69840688,
         4.74855974,   4.79924796,   4.85047724,   4.90225337,
         4.95458218,   5.00746957,   5.06092151,   5.11494401,
         5.16954317,   5.22472515,   5.28049617,   5.33686251,
         5.39383053,   5.45140665,   5.50959736,   5.56840923,
         5.62784888,   5.68792302,   5.74863841,   5.81000191,
         5.87202042,   5.93470095,   5.99805056,   6.0620764 ,
         6.12678567,   6.19218567,   6.25828379,   6.32508746,
         6.39260423,   6.4608417 ,   6.52980757,   6.59950961,
         6.66995568,   6.74115372,   6.81311176,   6.88583792,
         6.95934038,   7.03362744,   7.10870748,   7.18458895,
         7.26128041,   7.33879052,   7.417128  ,   7.49630169,
         7.57632051,   7.65719349,   7.73892974,   7.82153848,
         7.90502903,   7.98941079,   8.07469327,   8.1608861 ,
         8.24799899,   8.33604176,   8.42502434,   8.51495676,
         8.60584916,   8.69771178,   8.79055498,   8.88438923,
         8.97922511,   9.07507331,   9.17194464,   9.26985001,
         9.36880047,   9.46880717,   9.56988139,   9.67203451,
         9.77527807,   9.87962369,   9.98508314,  10.09166831,
        10.19939122,  10.30826401,  10.41829896,  10.52950846,
        10.64190507,  10.75550145,  10.87031041,  10.98634488,
        11.10361796,  11.22214287,  11.34193296,  11.46300174,
        11.58536287,  11.70903013,  11.83401747,  11.96033898,
        12.08800891,  12.21704163,  12.34745171,  12.47925384,
        12.61246289,  12.74709387,  12.88316196,  13.0206825 ,
        13.159671  ,  13.30014312,  13.4421147 ,  13.58560175,
        13.73062044,  13.87718712,  14.02531833,  14.17503075,
        14.32634126,  14.47926694,  14.633825  ,  14.79003289,
        14.94790821,  15.10746876,  15.26873253,  15.4317177 ,
        15.59644265,  15.76292594,  15.93118635,  16.10124285,
        16.2731146 ,  16.44682099,  16.62238159,  16.79981621,
        16.97914484,  17.1603877 ,  17.34356523,  17.52869808,
        17.71580712,  17.90491344,  18.09603837,  18.28920345,
        18.48443045,  18.6817414 ,  18.88115853,  19.08270432,
        19.28640151,  19.49227305,  19.70034215,  19.91063227,
        20.12316712,  20.33797066,  20.55506711,  20.77448094,
        20.9962369 ,  21.22035997,  21.44687543,  21.67580882,
        21.90718594,  22.14103289,  22.37737602,  22.61624198,
        22.8576577 ,  23.10165039,  23.34824758,  23.59747705,
        23.8493669 ,  24.10394554,  24.36124166,  24.62128428,
        24.8841027 ,  25.14972657,  25.41818582,  25.68951072,
        25.96373186,  26.24088016,  26.52098687,  26.80408355,
        27.09020214,  27.37937488,  27.67163437,  27.96701358,
        28.26554579,  28.56726466,  28.87220422,  29.18039883,
        29.49188325,  29.80669259,  30.12486235,  30.44642839,
        30.77142696,  31.09989472,  31.43186868,  31.76738628,
        32.10648534,  32.4492041 ,  32.79558118,  33.14565565,
        33.49946696,  33.85705502,  34.21846012,  34.58372303,
        34.95288491,  35.32598738,  35.70307252,  36.08418283,
        36.46936127,  36.85865129,  37.25209675,  37.64974203,
        38.05163194,  38.45781181,  38.86832742,  39.28322505,
        39.70255148,  40.12635399,  40.55468035,  40.98757886,
        41.42509832,  41.86728805,  42.3141979 ,  42.76587828,
        43.22238008,  43.68375479,  44.15005441,  44.62133152,
        45.09763925,  45.5790313 ,  46.06556194,  46.55728602,
        47.05425898,  47.55653685,  48.06417626,  48.57723443,
        49.09576921,  49.61983905,  50.14950305,  50.68482092,
        51.22585301,  51.77266031,  52.32530447,  52.88384779,
        53.44835326,  54.01888451,  54.59550585,  55.17828231,
        55.76727958,  56.36256406,  56.96420288,  57.57226385,
        58.18681553,  58.80792721,  59.4356689 ,  60.07011139,
        60.7113262 ,  61.35938561,  62.0143627 ,  62.6763313 ,
        63.34536604,  64.02154236,  64.70493648,  65.39562545,
        66.09368713,  66.79920024,  67.5122443 ,  68.23289971,
        68.96124771,  69.69737042,  70.44135082,  71.1932728 ,
        71.95322113,  72.72128148,  73.49754044,  74.28208553,
        75.0750052 ,  75.87638885,  76.68632682,  77.50491042,
        78.33223194,  79.16838466,  80.01346284,  80.86756176,
        81.7307777 ,  82.60320799,  83.48495099,  84.3761061 ,
        85.27677379,  86.1870556 ,  87.10705416,  88.0368732 ,
        88.97661752,  89.9263931 ,  90.886307  ,  91.85646744,
        92.83698379,  93.82796662,  94.82952763,  95.84177974,
        96.86483708,  97.89881498,  98.94383001, 100.        ]), 'n_transits_min': 2}
Transit Least Squares TLS 1.32 (5 Apr 2024)
Creating model cache for 52 durations
Searching 37275 data points, 500 periods from 0.5 to 100.0 days
Using all 32 CPU threads
06:48:00  INFO      tess_pipeline.transit.tls  Optimized T0 search: running coarse pass with 396 points...
06:48:00  INFO      tess_pipeline.transit.tls  Optimized T0 search: running fine pass with 300 points around T0=2072.0656...
06:48:01  INFO      tess_pipeline.transit.tls  TLS: period=48.577234 d, epoch=2072.0865, duration=1.40 h, depth=0.001390, SDE=0.28
06:48:01  INFO      tess_pipeline.transit.detection  Planet 1 coarse SDE/SNR (3.93) below threshold of 4.0. Stopping search.
06:48:01  INFO      tess_pipeline.analysis.stages.period  Detections completed. Found 1 planet candidate(s).
06:48:01  INFO      tess_pipeline.analysis.session  Saved step plot: output_bayesian_sector_longest_3000_draws_4_chains/TIC 381979901/plots/03_tls_periodogram.png
06:48:01  INFO      tess_pipeline.analysis.session  Saved step plot: output_bayesian_sector_longest_3000_draws_4_chains/TIC 381979901/plots/tls_periodogram_coarse_p0.png
06:48:02  INFO      tess_pipeline.analysis.session  Saved step plot: output_bayesian_sector_longest_3000_draws_4_chains/TIC 381979901/plots/tls_periodogram_fine_p0.png
06:48:02  INFO      tess_pipeline.analysis.session  Saved step plot: output_bayesian_sector_longest_3000_draws_4_chains/TIC 381979901/plots/04_phase.png
✓ Completed in 27.36 s

======================================================================
Step 8: Bayesian Transit Fit
======================================================================
06:48:02  INFO      tess_pipeline.analysis.stages.inference  Running Bayesian transit fit (exoplanet + PyMC)
06:48:02  INFO      tess_pipeline.inference.bayesian  Building PyMC model (N=199366 points, 1 planets)
06:48:02  DEBUG     tess_pipeline.inference.gp  Using SHO GP kernel
06:48:02  INFO      tess_pipeline.inference.bayesian  Sampling: 4 chains × 3000 draws (tune=3000, target_accept=0.95)
                                                                                
                                  Step    Grad                                  
  Progress        Draw    Dive…   size    evals   Speed          Elap…   Rema…  
 ────────────────────────────────────────────────────────────────────────────── 
  ━━━━━━━━━━━━━   6000    0       0.117   31      2.78 s/draw    4:37…   0:00…  
  ━━━━━━━━━━━━━   6000    0       0.121   31      2.96 s/draw    4:56…   0:00…  
  ━━━━━━━━━━━━━   6000    0       0.131   31      2.88 s/draw    4:48…   0:00…  
  ━━━━━━━━━━━━━   6000    0       0.150   15      2.82 s/draw    4:42…   0:00…  
                                                                                
Computing ... ━━━━━━━━━━━━━━━━━━━━━━━━━━━━━━━━━━━━━━━━ 100% 0:00:00
11:51:41  INFO      tess_pipeline.inference.bayesian  Sampling complete
11:55:57  INFO      tess_pipeline.analysis.session  Saved step plot: output_bayesian_sector_longest_3000_draws_4_chains/TIC 381979901/plots/06_bayesian_fit.png
11:56:03  INFO      tess_pipeline.analysis.session  Saved step plot: output_bayesian_sector_longest_3000_draws_4_chains/TIC 381979901/plots/07_corner.png
11:56:04  INFO      tess_pipeline.analysis.session  Saved step plot: output_bayesian_sector_longest_3000_draws_4_chains/TIC 381979901/plots/08_trace.png
11:56:04  INFO      tess_pipeline.analysis.session  Saved step plot: output_bayesian_sector_longest_3000_draws_4_chains/TIC 381979901/plots/09_posterior_predictive.png
11:56:05  INFO      tess_pipeline.analysis.session  Saved step plot: output_bayesian_sector_longest_3000_draws_4_chains/TIC 381979901/plots/05_residuals.png
✓ Completed in 18483.02 s

======================================================================
Step 9: Derive Planet Parameters
======================================================================
✓ Completed in 0.12 s

======================================================================
Step 10: Check MCMC Convergence
======================================================================
11:56:08  INFO      tess_pipeline.inference.diagnostics  Convergence OK (R̂_max=1.0012, ESS_min=4800, divergences=0)
✓ Completed in 2.77 s

======================================================================
Step 11: Generate Figures
======================================================================
11:56:08  INFO      tess_pipeline.analysis.stages.visualization  Generating diagnostic figures
✓ Completed in 116.00 s

======================================================================
Step 12: Save Results
======================================================================
11:58:04  INFO      tess_pipeline.io.export  Saving results to output_bayesian_sector_longest_3000_draws_4_chains/TIC 381979901
11:58:04  DEBUG     tess_pipeline.io.export  Saved CSV: output_bayesian_sector_longest_3000_draws_4_chains/TIC 381979901/TIC381979901_summary.csv
11:58:04  DEBUG     tess_pipeline.io.export  Saved JSON: output_bayesian_sector_longest_3000_draws_4_chains/TIC 381979901/TIC381979901_metadata.json
11:58:04  DEBUG     tess_pipeline.io.export  Saved compressed posterior sample values: output_bayesian_sector_longest_3000_draws_4_chains/TIC 381979901/data_for_plots/posterior_samples.npz
11:58:04  DEBUG     tess_pipeline.io.export  Saved light curve FITS: output_bayesian_sector_longest_3000_draws_4_chains/TIC 381979901/TIC381979901_lightcurve.fits
11:58:04  DEBUG     tess_pipeline.io.export  Saved figure: output_bayesian_sector_longest_3000_draws_4_chains/TIC 381979901/plots/01_raw.png
11:58:05  DEBUG     tess_pipeline.io.export  Saved figure: output_bayesian_sector_longest_3000_draws_4_chains/TIC 381979901/plots/02_flat.png
11:58:05  DEBUG     tess_pipeline.io.export  Saved figure: output_bayesian_sector_longest_3000_draws_4_chains/TIC 381979901/plots/03_tls_periodogram.png
11:58:05  DEBUG     tess_pipeline.io.export  Saved figure: output_bayesian_sector_longest_3000_draws_4_chains/TIC 381979901/plots/03_tls_periodogram_coarse_p0.png
11:58:05  DEBUG     tess_pipeline.io.export  Saved figure: output_bayesian_sector_longest_3000_draws_4_chains/TIC 381979901/plots/03_tls_periodogram_fine_p0.png
11:58:05  DEBUG     tess_pipeline.io.export  Saved figure: output_bayesian_sector_longest_3000_draws_4_chains/TIC 381979901/plots/04_phase.png
11:58:06  DEBUG     tess_pipeline.io.export  Saved figure: output_bayesian_sector_longest_3000_draws_4_chains/TIC 381979901/plots/05_residuals.png
11:58:06  DEBUG     tess_pipeline.io.export  Saved figure: output_bayesian_sector_longest_3000_draws_4_chains/TIC 381979901/plots/06_bayesian_fit.png
11:58:06  DEBUG     tess_pipeline.io.export  Saved figure: output_bayesian_sector_longest_3000_draws_4_chains/TIC 381979901/plots/10_gp_acf.png
11:58:07  DEBUG     tess_pipeline.io.export  Saved figure: output_bayesian_sector_longest_3000_draws_4_chains/TIC 381979901/plots/11_transit_stack_p0.png
11:58:07  DEBUG     tess_pipeline.io.export  Saved figure: output_bayesian_sector_longest_3000_draws_4_chains/TIC 381979901/plots/04_mcmc_phase_p0.png
11:58:08  DEBUG     tess_pipeline.io.export  Saved figure: output_bayesian_sector_longest_3000_draws_4_chains/TIC 381979901/plots/07_corner.png
11:58:09  DEBUG     tess_pipeline.io.export  Saved figure: output_bayesian_sector_longest_3000_draws_4_chains/TIC 381979901/plots/08_trace.png
11:58:09  DEBUG     tess_pipeline.io.export  Saved figure: output_bayesian_sector_longest_3000_draws_4_chains/TIC 381979901/plots/09_posterior_predictive.png
11:58:09  DEBUG     tess_pipeline.io.export  Saved periodogram data: output_bayesian_sector_longest_3000_draws_4_chains/TIC 381979901/data_for_plots/periodogram_data.npz
12:00:00  DEBUG     tess_pipeline.io.export  Saved lightcurve model data: output_bayesian_sector_longest_3000_draws_4_chains/TIC 381979901/data_for_plots/lightcurve_model_data.npz
12:00:00  DEBUG     tess_pipeline.io.export  Saved recreate script: output_bayesian_sector_longest_3000_draws_4_chains/TIC 381979901/recreate_plots.py
12:00:00  INFO      tess_pipeline.io.export  Saved HTML Report: output_bayesian_sector_longest_3000_draws_4_chains/TIC 381979901/report.html
12:00:09  INFO      tess_pipeline.io.report  PDF report saved: output_bayesian_sector_longest_3000_draws_4_chains/TIC 381979901/TIC381979901_report.pdf
12:00:09  INFO      tess_pipeline.io.export  Export complete: output_bayesian_sector_longest_3000_draws_4_chains/TIC 381979901
✓ Completed in 125.37 s


================================================================================
PIPELINE SUMMARY
================================================================================
Detected Period : 3.254154 d
Epoch           : 2038.905179
Depth           : 0.013594
Duration        : 3.30 hr
SDE             : 2.52
SNR             : 416.47

Output Directory : output_bayesian_sector_longest_3000_draws_4_chains
Total Runtime    : 313.12 minutes

✓ Pipeline completed successfully.


Running pipeline for TIC 136274063...


================================================================================
TESS EXOPLANET PIPELINE
================================================================================
Target      : TIC 136274063
Mode        : science
Search      : TLS
Backend     : exoplanet/PyMC
Output      : output_bayesian_sector_longest_3000_draws_4_chains
================================================================================

======================================================================
Step 1: Resolve Target
======================================================================
12:00:09  INFO      tess_pipeline.analysis.stages.target  Resolving target: TIC 136274063
12:00:09  DEBUG     tess_pipeline.data.metadata  Resolved 'TIC 136274063' to TIC 136274063
12:00:09  INFO      tess_pipeline.catalogs.nasa_archive  Using local NASA archive CSV /mnt/home/project/cnitesh/nitesh/tess_exoplanet_pipeline/data/TOI_2026.06.28_09.42.00.csv for TIC 136274063 (matched 1 row(s))
12:00:09  INFO      tess_pipeline.data.metadata  Loaded coordinates for TIC 136274063 from local archive
12:00:09  INFO      tess_pipeline.analysis.stages.target  Resolved to TIC 136274063
✓ Completed in 0.02 s

======================================================================
Step 2: Query NASA Exoplanet Archive
======================================================================
12:00:09  INFO      tess_pipeline.analysis.stages.period  Querying NASA Exoplanet Archive for TIC 136274063
12:00:09  INFO      tess_pipeline.analysis.stages.period  Archive periods found: 1 planets (Primary: 0.597131 d)
✓ Completed in 0.01 s

======================================================================
Step 4: Characterize Host Star
======================================================================
12:00:09  INFO      tess_pipeline.analysis.stages.stellar  Querying Gaia DR3
12:00:11  WARNING   tess_pipeline.catalogs.gaia  Gaia DR3: r_star not available for this source
12:00:11  WARNING   tess_pipeline.catalogs.gaia  Gaia DR3: teff not available for this source
12:00:11  INFO      tess_pipeline.analysis.stages.stellar  Parameters ['r_star', 'teff', 'logg'] missing in Gaia DR3; checking local NASA TOI archive
12:00:11  INFO      tess_pipeline.catalogs.nasa_archive  Using local NASA archive CSV /mnt/home/project/cnitesh/nitesh/tess_exoplanet_pipeline/data/TOI_2026.06.28_09.42.00.csv for TIC 136274063 (matched 1 row(s))
12:00:11  INFO      tess_pipeline.analysis.stages.stellar  Retrieved r_star = 2.2800000 from local NASA archive
12:00:11  INFO      tess_pipeline.analysis.stages.stellar  Retrieved teff = 7710.0000000 from local NASA archive
12:00:11  INFO      tess_pipeline.analysis.stages.stellar  Retrieved logg = 3.9800000 from local NASA archive
12:00:11  INFO      tess_pipeline.analysis.stages.stellar  Running stellar characterization (gaia_only)
12:00:11  DEBUG     tess_pipeline.catalogs.stellar  Querying VizieR TIC v8.2 via vizier.cds.unistra.fr
12:00:13  INFO      tess_pipeline.catalogs.stellar  VizieR TIC v8.2 query succeeded via vizier.cds.unistra.fr
12:00:13  INFO      tess_pipeline.catalogs.stellar  VizieR (TIC8.2) query successful: Teff=7710.0, logg=3.978100061416626, feh=None, r_star=2.285, m_star=1.809999942779541, parallax=None
12:00:13  INFO      tess_pipeline.catalogs.stellar  Querying SIMBAD TAP for TIC 136274063 measurements
12:00:13  INFO      tess_pipeline.catalogs.stellar  Querying SIMBAD TAP at coordinates RA=230.49882576104295, DEC=-53.8196014166314 for measurements
12:00:14  INFO      tess_pipeline.catalogs.stellar  SIMBAD query successful: Teff=None, logg=None, feh=None, parallax=2.7861
✓ Completed in 4.76 s

======================================================================
Step 5: Download TESS Light Curves
======================================================================
12:00:14  INFO      tess_pipeline.analysis.stages.lightcurve  Downloading TESS data for TIC 136274063
12:00:14  INFO      tess_pipeline.data.download  [download] Starting download for TIC 136274063 (author=SPOC, cadence=120, sectors=longest, force_download=False)
12:00:23  INFO      tess_pipeline.data.download  [download] Found 4 available sector(s): [38, 65, 102, 103]
12:00:23  INFO      tess_pipeline.data.download  [download] Selected sectors for analysis: [102, 103]
12:00:23  INFO      tess_pipeline.data.download  [download] Downloading 2 selected sector(s) from MAST
12:00:30  INFO      tess_pipeline.data.download  [fits] Step 1/4: normalizing FITS paths
12:00:30  INFO      tess_pipeline.data.download  [fits] Step 2/4: 2 FITS file(s) queued
12:00:30  INFO      tess_pipeline.data.download  [fits] Step 3/4: reading file 1/2: data/fits/tess2026086090000-s0102-0000000136274063-0304-s_lc.fits
12:00:30  INFO      tess_pipeline.data.download  [fits] Step 3/4: reading file 2/2: data/fits/tess2026111101500-s0103-0000000136274063-0305-s_lc.fits
12:00:30  INFO      tess_pipeline.data.download  [fits] Step 4/4: loaded 2 light curve(s) from local FITS in 0.1s
12:00:30  INFO      tess_pipeline.data.download  [download] Completed TIC 136274063 download in 16.0s (2 sector file(s))
12:00:30  INFO      tess_pipeline.analysis.stages.lightcurve  Loaded light curves for sector(s): [102, 103]
✓ Completed in 15.99 s

======================================================================
Step 6: Preprocess Light Curves
======================================================================
12:00:30  INFO      tess_pipeline.analysis.stages.lightcurve  Preprocessing light curves
12:00:30  INFO      tess_pipeline.data.preprocess  Saving diagnostic plots to directory: output_bayesian_sector_longest_3000_draws_4_chains/TIC 136274063/plots
12:00:30  INFO      tess_pipeline.data.preprocess  Dynamic mask width calculated: 0.101 days for P = 0.60 d
12:00:32  DEBUG     tess_pipeline.data.preprocess  Stitched 2 sectors -> 31968 cadences
12:00:32  INFO      tess_pipeline.data.preprocess  Preprocessing complete: 31968 cadences remain
12:00:33  INFO      tess_pipeline.data.preprocess  Saved final stitched visualization to output_bayesian_sector_longest_3000_draws_4_chains/TIC 136274063/plots/final_stitched_preprocessing.png
12:00:33  INFO      tess_pipeline.analysis.session  Saved step plot: output_bayesian_sector_longest_3000_draws_4_chains/TIC 136274063/plots/01_raw.png
12:00:33  INFO      tess_pipeline.analysis.session  Saved step plot: output_bayesian_sector_longest_3000_draws_4_chains/TIC 136274063/plots/02_flat.png
✓ Completed in 3.38 s

======================================================================
Step 7: Search for Transit Signals
======================================================================
12:00:33  INFO      tess_pipeline.analysis.stages.period  Archive period found for Planet 1: 0.597131 d; refining...
12:00:33  INFO      tess_pipeline.transit.detection  Running TLS (period 0.6-0.6 d)
12:00:33  DEBUG     tess_pipeline.transit.tls  TLS search mode: narrow (osf=8, dur_step=1.10)
12:00:33  DEBUG     tess_pipeline.transit.tls  TLS kwargs: {'period_min': 0.5959371372, 'period_max': 0.5983256628, 'duration_grid_step': 1.1, 'oversampling_factor': 8}
Transit Least Squares TLS 1.32 (5 Apr 2024)
12:00:33  WARNING   tess_pipeline.analysis.stages.period  Refinement of archive/override period failed: TLS failed: min() iterable argument is empty
12:00:33  INFO      tess_pipeline.analysis.stages.period  Searching for 1 additional planet(s) in residuals...
12:00:34  INFO      tess_pipeline.transit.detection  Capping period_max 100.0 → 16.7 d (3-transit requirement over 50 d baseline)
12:00:34  INFO      tess_pipeline.transit.detection  Searching for Planet 1 candidate (coarse search)...
12:00:34  INFO      tess_pipeline.transit.detection  Running TLS (period 0.5-16.7 d)
12:00:34  DEBUG     tess_pipeline.transit.tls  TLS search mode: broad (osf=None, dur_step=1.10)
12:00:34  DEBUG     tess_pipeline.transit.tls  TLS kwargs: {'period_min': 0.5, 'period_max': 16.656719686729655, 'duration_grid_step': 1.1, 'period_grid': array([ 0.5       ,  0.50352536,  0.50707557,  0.51065081,  0.51425127,
        0.51787711,  0.52152851,  0.52520566,  0.52890873,  0.53263792,
        0.53639339,  0.54017535,  0.54398397,  0.54781945,  0.55168197,
        0.55557172,  0.55948889,  0.56343369,  0.5674063 ,  0.57140692,
        0.57543575,  0.57949298,  0.58357882,  0.58769347,  0.59183712,
        0.59601   ,  0.60021229,  0.60444422,  0.60870598,  0.61299779,
        0.61731987,  0.62167241,  0.62605565,  0.63046979,  0.63491505,
        0.63939165,  0.64389982,  0.64843977,  0.65301174,  0.65761593,
        0.6622526 ,  0.66692195,  0.67162423,  0.67635966,  0.68112847,
        0.68593092,  0.69076722,  0.69563762,  0.70054236,  0.70548169,
        0.71045584,  0.71546506,  0.7205096 ,  0.7255897 ,  0.73070563,
        0.73585762,  0.74104595,  0.74627085,  0.75153259,  0.75683143,
        0.76216763,  0.76754146,  0.77295317,  0.77840305,  0.78389134,
        0.78941834,  0.7949843 ,  0.80058951,  0.80623423,  0.81191876,
        0.81764337,  0.82340834,  0.82921395,  0.8350605 ,  0.84094828,
        0.84687756,  0.85284865,  0.85886185,  0.86491743,  0.87101572,
        0.877157  ,  0.88334159,  0.88956977,  0.89584188,  0.9021582 ,
        0.90851906,  0.91492477,  0.92137564,  0.927872  ,  0.93441416,
        0.94100244,  0.94763718,  0.9543187 ,  0.96104733,  0.9678234 ,
        0.97464724,  0.9815192 ,  0.98843961,  0.99540882,  1.00242716,
        1.00949499,  1.01661265,  1.02378049,  1.03099888,  1.03826815,
        1.04558869,  1.05296083,  1.06038496,  1.06786143,  1.07539061,
        1.08297289,  1.09060862,  1.09829819,  1.10604197,  1.11384036,
        1.12169373,  1.12960247,  1.13756697,  1.14558763,  1.15366484,
        1.161799  ,  1.16999052,  1.17823978,  1.18654722,  1.19491322,
        1.20333821,  1.21182261,  1.22036682,  1.22897128,  1.2376364 ,
        1.24636262,  1.25515037,  1.26400007,  1.27291218,  1.28188712,
        1.29092534,  1.30002728,  1.3091934 ,  1.31842415,  1.32771998,
        1.33708135,  1.34650873,  1.35600258,  1.36556337,  1.37519156,
        1.38488764,  1.39465209,  1.40448538,  1.41438801,  1.42436045,
        1.43440321,  1.44451678,  1.45470165,  1.46495834,  1.47528734,
        1.48568917,  1.49616434,  1.50671336,  1.51733677,  1.52803508,
        1.53880881,  1.54965851,  1.56058471,  1.57158795,  1.58266877,
        1.59382771,  1.60506533,  1.61638219,  1.62777884,  1.63925584,
        1.65081376,  1.66245318,  1.67417466,  1.68597879,  1.69786614,
        1.70983731,  1.72189288,  1.73403346,  1.74625963,  1.75857201,
        1.7709712 ,  1.78345781,  1.79603246,  1.80869577,  1.82144836,
        1.83429088,  1.84722394,  1.86024818,  1.87336426,  1.88657282,
        1.8998745 ,  1.91326997,  1.92675989,  1.94034492,  1.95402574,
        1.96780302,  1.98167743,  1.99564967,  2.00972043,  2.02389039,
        2.03816026,  2.05253075,  2.06700255,  2.0815764 ,  2.096253  ,
        2.11103308,  2.12591737,  2.1409066 ,  2.15600152,  2.17120287,
        2.1865114 ,  2.20192787,  2.21745303,  2.23308766,  2.24883252,
        2.26468839,  2.28065606,  2.29673632,  2.31292995,  2.32923776,
        2.34566054,  2.36219913,  2.37885432,  2.39562694,  2.41251782,
        2.42952779,  2.44665769,  2.46390838,  2.48128069,  2.49877549,
        2.51639364,  2.53413601,  2.55200348,  2.56999693,  2.58811724,
        2.60636531,  2.62474205,  2.64324835,  2.66188514,  2.68065333,
        2.69955385,  2.71858763,  2.73775562,  2.75705875,  2.77649798,
        2.79607427,  2.81578859,  2.83564191,  2.85563521,  2.87576948,
        2.8960457 ,  2.91646489,  2.93702805,  2.9577362 ,  2.97859035,
        2.99959154,  3.0207408 ,  3.04203918,  3.06348773,  3.0850875 ,
        3.10683957,  3.12874501,  3.15080489,  3.17302032,  3.19539237,
        3.21792217,  3.24061082,  3.26345944,  3.28646916,  3.30964111,
        3.33297644,  3.35647631,  3.38014186,  3.40397427,  3.42797472,
        3.45214439,  3.47648447,  3.50099617,  3.52568069,  3.55053926,
        3.57557309,  3.60078344,  3.62617153,  3.65173863,  3.67748599,
        3.70341489,  3.72952661,  3.75582243,  3.78230366,  3.8089716 ,
        3.83582757,  3.8628729 ,  3.89010891,  3.91753695,  3.94515838,
        3.97297457,  4.00098687,  4.02919669,  4.0576054 ,  4.08621441,
        4.11502514,  4.14403901,  4.17325744,  4.20268188,  4.23231379,
        4.26215462,  4.29220586,  4.32246897,  4.35294546,  4.38363684,
        4.4145446 ,  4.4456703 ,  4.47701544,  4.5085816 ,  4.54037032,
        4.57238317,  4.60462173,  4.6370876 ,  4.66978238,  4.70270768,
        4.73586513,  4.76925636,  4.80288302,  4.83674677,  4.87084929,
        4.90519225,  4.93977736,  4.97460632,  5.00968084,  5.04500267,
        5.08057354,  5.11639521,  5.15246945,  5.18879803,  5.22538276,
        5.26222544,  5.29932789,  5.33669193,  5.37431942,  5.41221221,
        5.45037217,  5.48880118,  5.52750115,  5.56647398,  5.60572159,
        5.64524593,  5.68504894,  5.7251326 ,  5.76549887,  5.80614975,
        5.84708725,  5.88831339,  5.9298302 ,  5.97163974,  6.01374406,
        6.05614525,  6.0988454 ,  6.14184661,  6.18515101,  6.22876074,
        6.27267795,  6.31690481,  6.3614435 ,  6.40629621,  6.45146517,
        6.49695261,  6.54276076,  6.5888919 ,  6.63534829,  6.68213223,
        6.72924603,  6.77669202,  6.82447253,  6.87258994,  6.9210466 ,
        6.96984492,  7.0189873 ,  7.06847617,  7.11831398,  7.16850317,
        7.21904623,  7.26994566,  7.32120397,  7.37282368,  7.42480735,
        7.47715755,  7.52987684,  7.58296785,  7.63643319,  7.69027549,
        7.74449742,  7.79910166,  7.85409089,  7.90946784,  7.96523523,
        8.02139583,  8.07795239,  8.13490772,  8.19226463,  8.25002594,
        8.30819452,  8.36677322,  8.42576494,  8.4851726 ,  8.54499912,
        8.60524746,  8.6659206 ,  8.72702153,  8.78855326,  8.85051883,
        8.91292131,  8.97576377,  9.03904931,  9.10278106,  9.16696216,
        9.23159579,  9.29668513,  9.36223339,  9.42824382,  9.49471967,
        9.56166422,  9.62908078,  9.69697267,  9.76534325,  9.83419589,
        9.90353399,  9.97336098, 10.04368029, 10.11449541, 10.18580982,
       10.25762705, 10.32995064, 10.40278417, 10.47613122, 10.54999542,
       10.62438042, 10.69928989, 10.77472752, 10.85069704, 10.9272022 ,
       11.00424677, 11.08183457, 11.15996941, 11.23865516, 11.3178957 ,
       11.39769495, 11.47805683, 11.55898533, 11.64048442, 11.72255815,
       11.80521055, 11.88844571, 11.97226774, 12.05668077, 12.14168898,
       12.22729655, 12.31350772, 12.40032674, 12.4877579 , 12.5758055 ,
       12.66447391, 12.75376749, 12.84369065, 12.93424784, 13.02544352,
       13.1172822 , 13.2097684 , 13.3029067 , 13.39670168, 13.49115799,
       13.58628029, 13.68207326, 13.77854164, 13.8756902 , 13.97352372,
       14.07204703, 14.17126501, 14.27118254, 14.37180457, 14.47313605,
       14.57518199, 14.67794743, 14.78143743, 14.88565712, 14.99061163,
       15.09630614, 15.20274587, 15.30993608, 15.41788206, 15.52658913,
       15.63606267, 15.74630807, 15.85733079, 15.96913629, 16.0817301 ,
       16.19511777, 16.30930491, 16.42429716, 16.54010017, 16.65671969]), 'n_transits_min': 2}
Transit Least Squares TLS 1.32 (5 Apr 2024)
Creating model cache for 39 durations
Searching 21820 data points, 500 periods from 0.5 to 16.657 days
Using all 32 CPU threads
12:00:43  INFO      tess_pipeline.transit.tls  Optimized T0 search: running coarse pass with 100 points...
12:00:44  INFO      tess_pipeline.transit.tls  Optimized T0 search: running fine pass with 300 points around T0=4128.2441...
12:00:44  INFO      tess_pipeline.transit.tls  TLS: period=1.194913 d, epoch=4128.2439, duration=1.08 h, depth=0.001007, SDE=14.87
12:00:44  INFO      tess_pipeline.transit.detection  Significant peak found (coarse SDE/SNR = 20.90 at 1.1949 d). Checking sub-harmonics for robustness...
12:00:44  INFO      tess_pipeline.transit.detection  Running TLS (period 0.6-0.6 d)
12:00:44  DEBUG     tess_pipeline.transit.tls  TLS search mode: narrow (osf=3, dur_step=1.10)
12:00:44  DEBUG     tess_pipeline.transit.tls  TLS kwargs: {'period_min': 0.5855074782205837, 'period_max': 0.6094057426377503, 'duration_grid_step': 1.1, 'oversampling_factor': 3}
Transit Least Squares TLS 1.32 (5 Apr 2024)
Creating model cache for 16 durations
Searching 21820 data points, 31 periods from 0.602 to 0.609 days
Using all 32 CPU threads
12:00:52  INFO      tess_pipeline.transit.tls  Optimized T0 search: running coarse pass with 100 points...
12:00:52  INFO      tess_pipeline.transit.tls  Optimized T0 search: running fine pass with 300 points around T0=4127.5639...
12:00:53  INFO      tess_pipeline.transit.tls  TLS: period=0.601588 d, epoch=4127.5656, duration=1.05 h, depth=0.000303, SDE=3.18
12:00:53  INFO      tess_pipeline.transit.detection  Running TLS (period 1.2-1.2 d)
12:00:53  DEBUG     tess_pipeline.transit.tls  TLS search mode: narrow (osf=3, dur_step=1.10)
12:00:53  DEBUG     tess_pipeline.transit.tls  TLS kwargs: {'period_min': 1.1710149564411674, 'period_max': 1.2188114852755005, 'duration_grid_step': 1.1, 'oversampling_factor': 3}
Transit Least Squares TLS 1.32 (5 Apr 2024)
Creating model cache for 21 durations
Searching 21820 data points, 75 periods from 1.171 to 1.218 days
Using all 32 CPU threads
12:01:01  INFO      tess_pipeline.transit.tls  Optimized T0 search: running coarse pass with 100 points...
12:01:01  INFO      tess_pipeline.transit.tls  Optimized T0 search: running fine pass with 300 points around T0=4127.6526...
12:01:02  INFO      tess_pipeline.transit.tls  TLS: period=1.194520 d, epoch=4127.6510, duration=0.83 h, depth=0.001252, SDE=4.30
12:01:02  INFO      tess_pipeline.transit.detection  Running TLS (period 2.3-2.4 d)
12:01:02  DEBUG     tess_pipeline.transit.tls  TLS search mode: narrow (osf=3, dur_step=1.10)
12:01:02  DEBUG     tess_pipeline.transit.tls  TLS kwargs: {'period_min': 2.3420299128823348, 'period_max': 2.437622970551001, 'duration_grid_step': 1.1, 'oversampling_factor': 3}
Transit Least Squares TLS 1.32 (5 Apr 2024)
Creating model cache for 26 durations
Searching 21820 data points, 60 periods from 2.342 to 2.437 days
Using all 32 CPU threads
12:01:10  INFO      tess_pipeline.transit.tls  Optimized T0 search: running coarse pass with 100 points...
12:01:11  INFO      tess_pipeline.transit.tls  Optimized T0 search: running fine pass with 300 points around T0=4127.6525...
12:01:11  INFO      tess_pipeline.transit.tls  TLS: period=2.388391 d, epoch=4127.6567, duration=0.79 h, depth=0.001380, SDE=4.57
12:01:11  INFO      tess_pipeline.transit.detection  Running TLS (period 3.5-3.7 d)
12:01:11  DEBUG     tess_pipeline.transit.tls  TLS search mode: narrow (osf=5, dur_step=1.10)
12:01:11  DEBUG     tess_pipeline.transit.tls  TLS kwargs: {'period_min': 3.513044869323502, 'period_max': 3.656434455826502, 'duration_grid_step': 1.1, 'oversampling_factor': 5}
Transit Least Squares TLS 1.32 (5 Apr 2024)
Creating model cache for 29 durations
Searching 21820 data points, 86 periods from 3.515 to 3.656 days
Using all 32 CPU threads
12:01:20  INFO      tess_pipeline.transit.tls  Optimized T0 search: running coarse pass with 100 points...
12:01:20  INFO      tess_pipeline.transit.tls  Optimized T0 search: running fine pass with 300 points around T0=4128.2559...
12:01:20  INFO      tess_pipeline.transit.tls  TLS: period=3.583421 d, epoch=4128.2541, duration=0.99 h, depth=0.001249, SDE=4.21
12:01:20  INFO      tess_pipeline.transit.detection  Harmonic resolution: selected fraction 1.00 (refined period=1.1945 d, SDE/SNR=22.59, max_sig was 22.59)
Planet 1 derived robust period: 1.19452 days (SNR: 22.59, via fraction 1.00 of initial peak 1.19491d)
12:01:20  INFO      tess_pipeline.transit.detection  Planet 1 found: Period = 1.194520 d, epoch = 4127.6510, SDE/SNR = 22.59
12:01:20  INFO      tess_pipeline.analysis.stages.period  Detections completed. Found 2 planet candidate(s).
12:01:21  INFO      tess_pipeline.analysis.session  Saved step plot: output_bayesian_sector_longest_3000_draws_4_chains/TIC 136274063/plots/04_phase.png
✓ Completed in 47.24 s

======================================================================
Step 8: Bayesian Transit Fit
======================================================================
12:01:21  INFO      tess_pipeline.analysis.stages.inference  Running Bayesian transit fit (exoplanet + PyMC)
12:01:21  INFO      tess_pipeline.analysis.stages.inference  Second candidate probability (20.6%) is below 75% threshold. Skipping multi-planet MCMC fit and proceeding with 1-planet model.
12:01:21  INFO      tess_pipeline.inference.bayesian  Building PyMC model (N=31968 points, 1 planets)
12:01:21  DEBUG     tess_pipeline.inference.gp  Using SHO GP kernel
12:01:21  INFO      tess_pipeline.inference.bayesian  Sampling: 4 chains × 3000 draws (tune=3000, target_accept=0.95)
                                                                                
                                  Step    Grad                                  
  Progress        Draw    Dive…   size    evals   Speed          Elap…   Rema…  
 ────────────────────────────────────────────────────────────────────────────── 
  ━━━━━━━━━━━━━   6000    0       0.000   1023    10.84 s/draw   18:0…   0:00…  
  ━━━━━━━━━━━━━   6000    0       0.000   1023    10.85 s/draw   18:0…   0:00…  
  ━━━━━━━━━━━━━   6000    0       0.000   1023    10.96 s/draw   18:1…   0:00…  
  ━━━━━━━━━━━━━   6000    0       0.000   1023    10.97 s/draw   18:1…   0:00…  
                                                                                
Computing ... ━━━━━━━━━━━━━━━━━━━━━━━━━━━━━━━━━━━━━━━━ 100% 0:00:00
06:20:52  INFO      tess_pipeline.inference.bayesian  Sampling complete
06:21:31  INFO      tess_pipeline.analysis.session  Saved step plot: output_bayesian_sector_longest_3000_draws_4_chains/TIC 136274063/plots/06_bayesian_fit.png
06:21:37  INFO      tess_pipeline.analysis.session  Saved step plot: output_bayesian_sector_longest_3000_draws_4_chains/TIC 136274063/plots/07_corner.png
06:21:38  INFO      tess_pipeline.analysis.session  Saved step plot: output_bayesian_sector_longest_3000_draws_4_chains/TIC 136274063/plots/08_trace.png
06:21:39  INFO      tess_pipeline.analysis.session  Saved step plot: output_bayesian_sector_longest_3000_draws_4_chains/TIC 136274063/plots/09_posterior_predictive.png
06:21:39  INFO      tess_pipeline.analysis.session  Saved step plot: output_bayesian_sector_longest_3000_draws_4_chains/TIC 136274063/plots/05_residuals.png
✓ Completed in 66018.35 s

======================================================================
Step 9: Derive Planet Parameters
======================================================================
✓ Completed in 0.15 s

======================================================================
Step 10: Check MCMC Convergence
======================================================================
06:21:49  WARNING   tess_pipeline.inference.diagnostics  Convergence issues detected (see ConvergenceWarning)
✓ Completed in 10.06 s

======================================================================
Step 11: Generate Figures
======================================================================
06:21:49  INFO      tess_pipeline.analysis.stages.visualization  Generating diagnostic figures
✓ Completed in 19.80 s

======================================================================
Step 12: Save Results
======================================================================
06:22:09  INFO      tess_pipeline.io.export  Saving results to output_bayesian_sector_longest_3000_draws_4_chains/TIC 136274063
06:22:09  DEBUG     tess_pipeline.io.export  Saved CSV: output_bayesian_sector_longest_3000_draws_4_chains/TIC 136274063/TIC136274063_summary.csv
06:22:09  DEBUG     tess_pipeline.io.export  Saved JSON: output_bayesian_sector_longest_3000_draws_4_chains/TIC 136274063/TIC136274063_metadata.json
06:22:09  DEBUG     tess_pipeline.io.export  Saved compressed posterior sample values: output_bayesian_sector_longest_3000_draws_4_chains/TIC 136274063/data_for_plots/posterior_samples.npz
06:22:09  DEBUG     tess_pipeline.io.export  Saved light curve FITS: output_bayesian_sector_longest_3000_draws_4_chains/TIC 136274063/TIC136274063_lightcurve.fits
06:22:09  DEBUG     tess_pipeline.io.export  Saved figure: output_bayesian_sector_longest_3000_draws_4_chains/TIC 136274063/plots/01_raw.png
06:22:10  DEBUG     tess_pipeline.io.export  Saved figure: output_bayesian_sector_longest_3000_draws_4_chains/TIC 136274063/plots/02_flat.png
06:22:10  DEBUG     tess_pipeline.io.export  Saved figure: output_bayesian_sector_longest_3000_draws_4_chains/TIC 136274063/plots/04_phase_p0.png
06:22:10  DEBUG     tess_pipeline.io.export  Saved figure: output_bayesian_sector_longest_3000_draws_4_chains/TIC 136274063/plots/04_phase_p1.png
06:22:10  DEBUG     tess_pipeline.io.export  Saved figure: output_bayesian_sector_longest_3000_draws_4_chains/TIC 136274063/plots/05_residuals.png
06:22:11  DEBUG     tess_pipeline.io.export  Saved figure: output_bayesian_sector_longest_3000_draws_4_chains/TIC 136274063/plots/06_bayesian_fit.png
06:22:11  DEBUG     tess_pipeline.io.export  Saved figure: output_bayesian_sector_longest_3000_draws_4_chains/TIC 136274063/plots/10_gp_acf.png
06:22:11  DEBUG     tess_pipeline.io.export  Saved figure: output_bayesian_sector_longest_3000_draws_4_chains/TIC 136274063/plots/11_transit_stack_p0.png
06:22:12  DEBUG     tess_pipeline.io.export  Saved figure: output_bayesian_sector_longest_3000_draws_4_chains/TIC 136274063/plots/04_mcmc_phase_p0.png
06:22:13  DEBUG     tess_pipeline.io.export  Saved figure: output_bayesian_sector_longest_3000_draws_4_chains/TIC 136274063/plots/07_corner.png
06:22:13  DEBUG     tess_pipeline.io.export  Saved figure: output_bayesian_sector_longest_3000_draws_4_chains/TIC 136274063/plots/08_trace.png
06:22:13  DEBUG     tess_pipeline.io.export  Saved figure: output_bayesian_sector_longest_3000_draws_4_chains/TIC 136274063/plots/09_posterior_predictive.png
06:22:13  DEBUG     tess_pipeline.io.export  Saved periodogram data: output_bayesian_sector_longest_3000_draws_4_chains/TIC 136274063/data_for_plots/periodogram_data.npz
06:22:32  DEBUG     tess_pipeline.io.export  Saved lightcurve model data: output_bayesian_sector_longest_3000_draws_4_chains/TIC 136274063/data_for_plots/lightcurve_model_data.npz
06:22:32  DEBUG     tess_pipeline.io.export  Saved recreate script: output_bayesian_sector_longest_3000_draws_4_chains/TIC 136274063/recreate_plots.py
06:22:32  INFO      tess_pipeline.io.export  Saved HTML Report: output_bayesian_sector_longest_3000_draws_4_chains/TIC 136274063/report.html
06:22:41  INFO      tess_pipeline.io.report  PDF report saved: output_bayesian_sector_longest_3000_draws_4_chains/TIC 136274063/TIC136274063_report.pdf
06:22:41  INFO      tess_pipeline.io.export  Export complete: output_bayesian_sector_longest_3000_draws_4_chains/TIC 136274063
✓ Completed in 31.68 s


================================================================================
PIPELINE SUMMARY
================================================================================
Detected Period : 0.597131 d
Epoch           : 2459360.160536
Depth           : 0.003710
Duration        : 3.00 hr
SDE             : 10.00
SNR             : 10.00

Output Directory : output_bayesian_sector_longest_3000_draws_4_chains
Total Runtime    : 1102.52 minutes

✓ Pipeline completed successfully.


Running pipeline for TIC 409934330...


================================================================================
TESS EXOPLANET PIPELINE
================================================================================
Target      : TIC 409934330
Mode        : science
Search      : TLS
Backend     : exoplanet/PyMC
Output      : output_bayesian_sector_longest_3000_draws_4_chains
================================================================================

======================================================================
Step 1: Resolve Target
======================================================================
06:22:41  INFO      tess_pipeline.analysis.stages.target  Resolving target: TIC 409934330
06:22:41  DEBUG     tess_pipeline.data.metadata  Resolved 'TIC 409934330' to TIC 409934330
06:22:41  INFO      tess_pipeline.catalogs.nasa_archive  Using local NASA archive CSV /mnt/home/project/cnitesh/nitesh/tess_exoplanet_pipeline/data/TOI_2026.06.28_09.42.00.csv for TIC 409934330 (matched 1 row(s))
06:22:41  INFO      tess_pipeline.data.metadata  Loaded coordinates for TIC 409934330 from local archive
06:22:41  INFO      tess_pipeline.analysis.stages.target  Resolved to TIC 409934330
✓ Completed in 0.02 s

======================================================================
Step 2: Query NASA Exoplanet Archive
======================================================================
06:22:41  INFO      tess_pipeline.analysis.stages.period  Querying NASA Exoplanet Archive for TIC 409934330
06:22:41  INFO      tess_pipeline.analysis.stages.period  Archive periods found: 1 planets (Primary: 2.488773 d)
✓ Completed in 0.01 s

======================================================================
Step 4: Characterize Host Star
======================================================================
06:22:41  INFO      tess_pipeline.analysis.stages.stellar  Querying Gaia DR3
06:22:43  WARNING   tess_pipeline.catalogs.gaia  Gaia DR3: r_star not available for this source
06:22:43  WARNING   tess_pipeline.catalogs.gaia  Gaia DR3: teff not available for this source
06:22:43  INFO      tess_pipeline.analysis.stages.stellar  Parameters ['r_star', 'teff', 'logg'] missing in Gaia DR3; checking local NASA TOI archive
06:22:43  INFO      tess_pipeline.catalogs.nasa_archive  Using local NASA archive CSV /mnt/home/project/cnitesh/nitesh/tess_exoplanet_pipeline/data/TOI_2026.06.28_09.42.00.csv for TIC 409934330 (matched 1 row(s))
06:22:43  INFO      tess_pipeline.analysis.stages.stellar  Retrieved teff = 8048.0000000 from local NASA archive
06:22:43  INFO      tess_pipeline.analysis.stages.stellar  Retrieved logg = 4.4380000 from local NASA archive
06:22:43  INFO      tess_pipeline.analysis.stages.stellar  Parameters ['r_star'] still missing; querying MAST TESS Input Catalog (TIC)
06:22:50  INFO      tess_pipeline.analysis.stages.stellar  Running stellar characterization (gaia_only)
06:22:50  DEBUG     tess_pipeline.catalogs.stellar  Querying VizieR TIC v8.2 via vizier.cds.unistra.fr
06:22:52  INFO      tess_pipeline.catalogs.stellar  VizieR TIC v8.2 query succeeded via vizier.cds.unistra.fr
06:22:52  INFO      tess_pipeline.catalogs.stellar  Querying SIMBAD TAP for TIC 409934330 measurements
06:22:53  INFO      tess_pipeline.catalogs.stellar  Querying SIMBAD TAP at coordinates RA=302.1477287957468, DEC=-71.55244182800496 for measurements
06:22:53  INFO      tess_pipeline.catalogs.stellar  SIMBAD query successful: Teff=None, logg=None, feh=None, parallax=3.8385
06:22:53  WARNING   tess_pipeline.catalogs.stellar  Estimated missing r_star from Teff-only scaling: R_star=1.9441 +/- 0.5832 R_sun
✓ Completed in 12.47 s

======================================================================
Step 5: Download TESS Light Curves
======================================================================
06:22:53  INFO      tess_pipeline.analysis.stages.lightcurve  Downloading TESS data for TIC 409934330
06:22:53  INFO      tess_pipeline.data.download  [download] Starting download for TIC 409934330 (author=SPOC, cadence=120, sectors=longest, force_download=False)
06:23:12  INFO      tess_pipeline.data.download  [download] Found 7 available sector(s): [13, 27, 67, 93, 94, 101, 103]
06:23:12  INFO      tess_pipeline.data.download  [download] Selected sectors for analysis: [93, 94]
06:23:12  INFO      tess_pipeline.data.download  [download] Downloading 2 selected sector(s) from MAST
06:23:19  INFO      tess_pipeline.data.download  [fits] Step 1/4: normalizing FITS paths
06:23:19  INFO      tess_pipeline.data.download  [fits] Step 2/4: 2 FITS file(s) queued
06:23:19  INFO      tess_pipeline.data.download  [fits] Step 3/4: reading file 1/2: data/fits/tess2025154050500-s0093-0000000409934330-0290-s_lc.fits
06:23:20  INFO      tess_pipeline.data.download  [fits] Step 3/4: reading file 2/2: data/fits/tess2025180145000-s0094-0000000409934330-0291-s_lc.fits
06:23:20  INFO      tess_pipeline.data.download  [fits] Step 4/4: loaded 2 light curve(s) from local FITS in 0.1s
06:23:20  INFO      tess_pipeline.data.download  [download] Completed TIC 409934330 download in 26.5s (2 sector file(s))
06:23:20  INFO      tess_pipeline.analysis.stages.lightcurve  Loaded light curves for sector(s): [93, 94]
✓ Completed in 26.47 s

======================================================================
Step 6: Preprocess Light Curves
======================================================================
06:23:20  INFO      tess_pipeline.analysis.stages.lightcurve  Preprocessing light curves
06:23:20  INFO      tess_pipeline.data.preprocess  Saving diagnostic plots to directory: output_bayesian_sector_longest_3000_draws_4_chains/TIC 409934330/plots
06:23:20  INFO      tess_pipeline.data.preprocess  Dynamic mask width calculated: 0.163 days for P = 2.49 d
06:23:22  DEBUG     tess_pipeline.data.preprocess  Stitched 2 sectors -> 31558 cadences
06:23:22  INFO      tess_pipeline.data.preprocess  Preprocessing complete: 31558 cadences remain
06:23:23  INFO      tess_pipeline.data.preprocess  Saved final stitched visualization to output_bayesian_sector_longest_3000_draws_4_chains/TIC 409934330/plots/final_stitched_preprocessing.png
06:23:23  INFO      tess_pipeline.analysis.session  Saved step plot: output_bayesian_sector_longest_3000_draws_4_chains/TIC 409934330/plots/01_raw.png
06:23:23  INFO      tess_pipeline.analysis.session  Saved step plot: output_bayesian_sector_longest_3000_draws_4_chains/TIC 409934330/plots/02_flat.png
✓ Completed in 3.80 s

======================================================================
Step 7: Search for Transit Signals
======================================================================
06:23:23  INFO      tess_pipeline.analysis.stages.period  Archive period found for Planet 1: 2.488773 d; refining...
06:23:23  INFO      tess_pipeline.transit.detection  Running TLS (period 2.5-2.5 d)
06:23:23  DEBUG     tess_pipeline.transit.tls  TLS search mode: narrow (osf=36, dur_step=1.10)
06:23:23  DEBUG     tess_pipeline.transit.tls  TLS kwargs: {'period_min': 2.4837950548, 'period_max': 2.4937501452, 'duration_grid_step': 1.1, 'oversampling_factor': 36}
Transit Least Squares TLS 1.32 (5 Apr 2024)
Creating model cache for 26 durations
Searching 31558 data points, 72 periods from 2.484 to 2.494 days
Using all 32 CPU threads
06:23:32  INFO      tess_pipeline.transit.tls  Optimized T0 search: running coarse pass with 100 points...
06:23:32  INFO      tess_pipeline.transit.tls  Optimized T0 search: running fine pass with 300 points around T0=3830.5472...
06:23:32  INFO      tess_pipeline.transit.tls  TLS: period=2.488853 d, epoch=3830.5388, duration=2.65 h, depth=0.003351, SDE=1.51
06:23:32  INFO      tess_pipeline.analysis.stages.period  Searching for 1 additional planet(s) in residuals...
06:23:32  INFO      tess_pipeline.transit.detection  Capping period_max 100.0 → 16.9 d (3-transit requirement over 51 d baseline)
06:23:32  INFO      tess_pipeline.transit.detection  Searching for Planet 1 candidate (coarse search)...
06:23:32  INFO      tess_pipeline.transit.detection  Running TLS (period 0.5-16.9 d)
06:23:32  DEBUG     tess_pipeline.transit.tls  TLS search mode: broad (osf=None, dur_step=1.10)
06:23:32  DEBUG     tess_pipeline.transit.tls  TLS kwargs: {'period_min': 0.5, 'period_max': 16.931615717148663, 'duration_grid_step': 1.1, 'period_grid': array([ 0.5       ,  0.50354187,  0.50710884,  0.51070107,  0.51431875,
        0.51796205,  0.52163117,  0.52532627,  0.52904755,  0.53279519,
        0.53656938,  0.5403703 ,  0.54419815,  0.54805311,  0.55193538,
        0.55584515,  0.55978262,  0.56374798,  0.56774143,  0.57176317,
        0.5758134 ,  0.57989231,  0.58400012,  0.58813703,  0.59230325,
        0.59649898,  0.60072443,  0.60497981,  0.60926533,  0.61358122,
        0.61792767,  0.62230492,  0.62671317,  0.63115265,  0.63562357,
        0.64012617,  0.64466066,  0.64922728,  0.65382624,  0.65845778,
        0.66312213,  0.66781952,  0.67255019,  0.67731437,  0.68211229,
        0.6869442 ,  0.69181034,  0.69671095,  0.70164628,  0.70661657,
        0.71162206,  0.71666301,  0.72173967,  0.7268523 ,  0.73200114,
        0.73718645,  0.74240849,  0.74766753,  0.75296382,  0.75829762,
        0.76366921,  0.76907885,  0.77452682,  0.78001337,  0.78553879,
        0.79110335,  0.79670733,  0.802351  ,  0.80803465,  0.81375857,
        0.81952303,  0.82532833,  0.83117474,  0.83706258,  0.84299212,
        0.84896366,  0.85497751,  0.86103396,  0.8671333 ,  0.87327586,
        0.87946193,  0.88569181,  0.89196583,  0.89828429,  0.90464751,
        0.91105581,  0.9175095 ,  0.92400891,  0.93055436,  0.93714617,
        0.94378468,  0.95047021,  0.9572031 ,  0.96398369,  0.97081231,
        0.9776893 ,  0.984615  ,  0.99158977,  0.99861394,  1.00568787,
        1.01281191,  1.01998642,  1.02721175,  1.03448826,  1.04181631,
        1.04919628,  1.05662852,  1.06411341,  1.07165133,  1.07924263,
        1.08688772,  1.09458696,  1.10234074,  1.11014944,  1.11801346,
        1.12593319,  1.13390902,  1.14194134,  1.15003057,  1.1581771 ,
        1.16638133,  1.17464369,  1.18296457,  1.19134439,  1.19978358,
        1.20828254,  1.21684171,  1.22546151,  1.23414238,  1.24288473,
        1.25168902,  1.26055567,  1.26948513,  1.27847784,  1.28753426,
        1.29665483,  1.30584   ,  1.31509025,  1.32440602,  1.33378778,
        1.34323599,  1.35275114,  1.36233369,  1.37198412,  1.38170291,
        1.39149055,  1.40134752,  1.41127431,  1.42127142,  1.43133935,
        1.4414786 ,  1.45168968,  1.46197308,  1.47232933,  1.48275894,
        1.49326244,  1.50384033,  1.51449316,  1.52522145,  1.53602574,
        1.54690656,  1.55786445,  1.56889997,  1.58001367,  1.59120609,
        1.60247779,  1.61382934,  1.62526131,  1.63677425,  1.64836875,
        1.66004538,  1.67180472,  1.68364737,  1.6955739 ,  1.70758492,
        1.71968103,  1.73186282,  1.7441309 ,  1.75648588,  1.76892839,
        1.78145903,  1.79407844,  1.80678724,  1.81958607,  1.83247556,
        1.84545636,  1.85852911,  1.87169446,  1.88495308,  1.89830561,
        1.91175273,  1.92529511,  1.93893342,  1.95266833,  1.96650055,
        1.98043074,  1.99445962,  2.00858787,  2.0228162 ,  2.03714532,
        2.05157595,  2.0661088 ,  2.08074459,  2.09548407,  2.11032795,
        2.12527698,  2.14033191,  2.15549349,  2.17076246,  2.1861396 ,
        2.20162566,  2.21722143,  2.23292767,  2.24874517,  2.26467471,
        2.2807171 ,  2.29687313,  2.3131436 ,  2.32952933,  2.34603113,
        2.36264983,  2.37938624,  2.39624122,  2.41321559,  2.4303102 ,
        2.44752591,  2.46486357,  2.48232405,  2.49990821,  2.51761693,
        2.5354511 ,  2.5534116 ,  2.57149932,  2.58971518,  2.60806007,
        2.62653491,  2.64514063,  2.66387814,  2.68274838,  2.7017523 ,
        2.72089084,  2.74016494,  2.75957558,  2.77912373,  2.79881034,
        2.81863641,  2.83860292,  2.85871087,  2.87896127,  2.8993551 ,
        2.91989341,  2.9405772 ,  2.96140751,  2.98238538,  3.00351185,
        3.02478797,  3.04621481,  3.06779343,  3.08952491,  3.11141033,
        3.13345078,  3.15564736,  3.17800117,  3.20051334,  3.22318497,
        3.2460172 ,  3.26901118,  3.29216803,  3.31548892,  3.33897501,
        3.36262748,  3.38644748,  3.41043623,  3.4345949 ,  3.45892471,
        3.48342687,  3.50810259,  3.53295311,  3.55797966,  3.58318349,
        3.60856587,  3.63412804,  3.65987129,  3.6857969 ,  3.71190616,
        3.73820038,  3.76468085,  3.7913489 ,  3.81820587,  3.84525308,
        3.87249189,  3.89992365,  3.92754973,  3.95537151,  3.98339036,
        4.0116077 ,  4.04002492,  4.06864345,  4.0974647 ,  4.12649011,
        4.15572113,  4.18515921,  4.21480583,  4.24466246,  4.27473058,
        4.3050117 ,  4.33550732,  4.36621897,  4.39714817,  4.42829646,
        4.4596654 ,  4.49125656,  4.52307149,  4.55511179,  4.58737906,
        4.6198749 ,  4.65260094,  4.6855588 ,  4.71875012,  4.75217656,
        4.78583979,  4.81974147,  4.85388331,  4.88826701,  4.92289426,
        4.95776681,  4.99288639,  5.02825474,  5.06387363,  5.09974484,
        5.13587016,  5.17225137,  5.2088903 ,  5.24578878,  5.28294863,
        5.32037171,  5.35805989,  5.39601504,  5.43423906,  5.47273384,
        5.51150131,  5.55054341,  5.58986206,  5.62945924,  5.66933692,
        5.70949708,  5.74994172,  5.79067287,  5.83169254,  5.87300279,
        5.91460567,  5.95650325,  5.99869762,  6.04119089,  6.08398517,
        6.1270826 ,  6.17048531,  6.21419548,  6.25821528,  6.30254691,
        6.34719257,  6.39215449,  6.43743491,  6.48303608,  6.52896028,
        6.5752098 ,  6.62178693,  6.66869401,  6.71593337,  6.76350735,
        6.81141834,  6.85966872,  6.90826089,  6.95719728,  7.00648032,
        7.05611247,  7.1060962 ,  7.156434  ,  7.20712838,  7.25818187,
        7.30959701,  7.36137636,  7.4135225 ,  7.46603804,  7.51892558,
        7.57218776,  7.62582724,  7.67984668,  7.73424879,  7.78903627,
        7.84421185,  7.89977827,  7.95573832,  8.01209477,  8.06885044,
        8.12600816,  8.18357076,  8.24154112,  8.29992213,  8.35871669,
        8.41792775,  8.47755823,  8.53761113,  8.59808942,  8.65899613,
        8.72033429,  8.78210695,  8.84431719,  8.90696811,  8.97006284,
        9.03360451,  9.0975963 ,  9.16204139,  9.22694299,  9.29230434,
        9.35812869,  9.42441933,  9.49117955,  9.55841268,  9.62612208,
        9.69431111,  9.76298318,  9.8321417 ,  9.90179013,  9.97193193,
       10.04257059, 10.11370964, 10.18535262, 10.2575031 , 10.33016468,
       10.40334097, 10.47703563, 10.55125232, 10.62599475, 10.70126663,
       10.77707171, 10.85341379, 10.93029665, 11.00772412, 11.08570008,
       11.1642284 , 11.24331299, 11.3229578 , 11.40316679, 11.48394396,
       11.56529334, 11.64721897, 11.72972495, 11.81281538, 11.8964944 ,
       11.98076618, 12.06563492, 12.15110485, 12.23718023, 12.32386534,
       12.41116451, 12.49908209, 12.58762245, 12.67679001, 12.7665892 ,
       12.85702452, 12.94810045, 13.03982155, 13.13219237, 13.22521753,
       13.31890165, 13.41324941, 13.5082655 , 13.60395466, 13.70032166,
       13.7973713 , 13.89510842, 13.99353788, 14.09266459, 14.19249349,
       14.29302955, 14.39427779, 14.49624324, 14.59893099, 14.70234615,
       14.80649388, 14.91137937, 15.01700784, 15.12338456, 15.23051482,
       15.33840396, 15.44705737, 15.55648045, 15.66667865, 15.77765747,
       15.88942244, 16.00197912, 16.11533312, 16.2294901 , 16.34445573,
       16.46023576, 16.57683593, 16.69426208, 16.81252004, 16.93161572]), 'n_transits_min': 2}
Transit Least Squares TLS 1.32 (5 Apr 2024)
Creating model cache for 39 durations
Searching 29309 data points, 500 periods from 0.5 to 16.932 days
Using all 32 CPU threads
06:23:41  INFO      tess_pipeline.transit.tls  Optimized T0 search: running coarse pass with 100 points...
06:23:42  INFO      tess_pipeline.transit.tls  Optimized T0 search: running fine pass with 300 points around T0=3830.4750...
06:23:42  INFO      tess_pipeline.transit.tls  TLS: period=0.802351 d, epoch=3830.4788, duration=0.40 h, depth=0.000320, SDE=0.15
06:23:42  INFO      tess_pipeline.transit.detection  Significant peak found (coarse SDE/SNR = 11.59 at 0.8024 d). Checking sub-harmonics for robustness...
06:23:42  INFO      tess_pipeline.transit.detection  Running TLS (period 0.8-0.8 d)
06:23:42  DEBUG     tess_pipeline.transit.tls  TLS search mode: narrow (osf=3, dur_step=1.10)
06:23:42  DEBUG     tess_pipeline.transit.tls  TLS kwargs: {'period_min': 0.7863039805961817, 'period_max': 0.8183980206205156, 'duration_grid_step': 1.1, 'oversampling_factor': 3}
Transit Least Squares TLS 1.32 (5 Apr 2024)
Creating model cache for 18 durations
Searching 29309 data points, 87 periods from 0.786 to 0.818 days
Using all 32 CPU threads
06:23:50  INFO      tess_pipeline.transit.tls  Optimized T0 search: running coarse pass with 100 points...
06:23:51  INFO      tess_pipeline.transit.tls  Optimized T0 search: running fine pass with 300 points around T0=3831.0347...
06:23:51  INFO      tess_pipeline.transit.tls  TLS: period=0.802889 d, epoch=3831.0317, duration=0.45 h, depth=0.000319, SDE=0.16
06:23:51  INFO      tess_pipeline.transit.detection  Running TLS (period 1.6-1.6 d)
06:23:51  DEBUG     tess_pipeline.transit.tls  TLS search mode: narrow (osf=3, dur_step=1.10)
06:23:51  DEBUG     tess_pipeline.transit.tls  TLS kwargs: {'period_min': 1.5726079611923633, 'period_max': 1.6367960412410312, 'duration_grid_step': 1.1, 'oversampling_factor': 3}
Transit Least Squares TLS 1.32 (5 Apr 2024)
Creating model cache for 23 durations
Searching 29309 data points, 69 periods from 1.573 to 1.636 days
Using all 32 CPU threads
06:23:59  INFO      tess_pipeline.transit.tls  Optimized T0 search: running coarse pass with 100 points...
06:24:00  INFO      tess_pipeline.transit.tls  Optimized T0 search: running fine pass with 300 points around T0=3831.0347...
06:24:00  INFO      tess_pipeline.transit.tls  TLS: period=1.605841 d, epoch=3831.0307, duration=0.51 h, depth=0.000349, SDE=4.94
06:24:00  INFO      tess_pipeline.transit.detection  Running TLS (period 2.4-2.5 d)
06:24:00  DEBUG     tess_pipeline.transit.tls  TLS search mode: narrow (osf=3, dur_step=1.10)
06:24:00  DEBUG     tess_pipeline.transit.tls  TLS kwargs: {'period_min': 2.358911941788545, 'period_max': 2.4551940618615467, 'duration_grid_step': 1.1, 'oversampling_factor': 3}
Transit Least Squares TLS 1.32 (5 Apr 2024)
Creating model cache for 26 durations
Searching 29309 data points, 60 periods from 2.36 to 2.455 days
Using all 32 CPU threads
06:24:08  INFO      tess_pipeline.transit.tls  Optimized T0 search: running coarse pass with 100 points...
06:24:08  INFO      tess_pipeline.transit.tls  Optimized T0 search: running fine pass with 300 points around T0=3832.5341...
06:24:09  INFO      tess_pipeline.transit.tls  TLS: period=2.407678 d, epoch=3832.5329, duration=0.60 h, depth=0.000270, SDE=3.01
06:24:09  INFO      tess_pipeline.transit.detection  Harmonic resolution: selected fraction 1.00 (refined period=0.8029 d, SDE/SNR=12.24, max_sig was 12.24)
Planet 1 derived robust period: 0.80289 days (SNR: 12.24, via fraction 1.00 of initial peak 0.80235d)
06:24:09  INFO      tess_pipeline.transit.detection  Planet 1 found: Period = 0.802889 d, epoch = 3831.0317, SDE/SNR = 12.24
06:24:09  INFO      tess_pipeline.analysis.stages.period  Detections completed. Found 2 planet candidate(s).
06:24:09  INFO      tess_pipeline.analysis.session  Saved step plot: output_bayesian_sector_longest_3000_draws_4_chains/TIC 409934330/plots/03_tls_periodogram.png
06:24:09  INFO      tess_pipeline.analysis.session  Saved step plot: output_bayesian_sector_longest_3000_draws_4_chains/TIC 409934330/plots/tls_periodogram_coarse_p0.png
06:24:10  INFO      tess_pipeline.analysis.session  Saved step plot: output_bayesian_sector_longest_3000_draws_4_chains/TIC 409934330/plots/tls_periodogram_fine_p0.png
06:24:10  INFO      tess_pipeline.analysis.session  Saved step plot: output_bayesian_sector_longest_3000_draws_4_chains/TIC 409934330/plots/tls_periodogram_coarse_p1.png
06:24:10  INFO      tess_pipeline.analysis.session  Saved step plot: output_bayesian_sector_longest_3000_draws_4_chains/TIC 409934330/plots/tls_periodogram_fine_p1.png
06:24:10  INFO      tess_pipeline.analysis.session  Saved step plot: output_bayesian_sector_longest_3000_draws_4_chains/TIC 409934330/plots/04_phase.png
✓ Completed in 46.69 s

======================================================================
Step 8: Bayesian Transit Fit
======================================================================
06:24:10  INFO      tess_pipeline.analysis.stages.inference  Running Bayesian transit fit (exoplanet + PyMC)
06:24:10  INFO      tess_pipeline.analysis.stages.inference  Second candidate probability (3.2%) is below 75% threshold. Skipping multi-planet MCMC fit and proceeding with 1-planet model.
06:24:10  INFO      tess_pipeline.inference.bayesian  Building PyMC model (N=31558 points, 1 planets)
06:24:10  DEBUG     tess_pipeline.inference.gp  Using SHO GP kernel
06:24:10  INFO      tess_pipeline.inference.bayesian  Sampling: 4 chains × 3000 draws (tune=3000, target_accept=0.95)
                                                                                
                                  Step    Grad                                  
  Progress        Draw    Dive…   size    evals   Speed          Elap…   Rema…  
 ────────────────────────────────────────────────────────────────────────────── 
  ━━━━━━━━━━━━━   6000    0       0.135   31      2.72 draws/s   0:36…   0:00…  
  ━━━━━━━━━━━━━   6000    0       0.133   31      2.81 draws/s   0:35…   0:00…  
  ━━━━━━━━━━━━━   6000    0       0.131   31      2.64 draws/s   0:37…   0:00…  
  ━━━━━━━━━━━━━   6000    0       0.120   31      2.55 draws/s   0:39…   0:00…  
                                                                                
Computing ... ━━━━━━━━━━━━━━━━━━━━━━━━━━━━━━━━━━━━━━━━ 100% 0:00:00
07:05:13  INFO      tess_pipeline.inference.bayesian  Sampling complete
07:05:42  INFO      tess_pipeline.analysis.session  Saved step plot: output_bayesian_sector_longest_3000_draws_4_chains/TIC 409934330/plots/06_bayesian_fit.png
07:05:43  INFO      tess_pipeline.analysis.session  Saved step plot: output_bayesian_sector_longest_3000_draws_4_chains/TIC 409934330/plots/07_corner.png
07:05:45  INFO      tess_pipeline.analysis.session  Saved step plot: output_bayesian_sector_longest_3000_draws_4_chains/TIC 409934330/plots/08_trace.png
07:05:45  INFO      tess_pipeline.analysis.session  Saved step plot: output_bayesian_sector_longest_3000_draws_4_chains/TIC 409934330/plots/09_posterior_predictive.png
07:05:45  INFO      tess_pipeline.analysis.session  Saved step plot: output_bayesian_sector_longest_3000_draws_4_chains/TIC 409934330/plots/05_residuals.png
✓ Completed in 2495.11 s

======================================================================
Step 9: Derive Planet Parameters
======================================================================
✓ Completed in 0.01 s

======================================================================
Step 10: Check MCMC Convergence
======================================================================
07:05:48  INFO      tess_pipeline.inference.diagnostics  Convergence OK (R̂_max=1.0006, ESS_min=7164, divergences=0)
✓ Completed in 2.30 s

======================================================================
Step 11: Generate Figures
======================================================================
07:05:48  INFO      tess_pipeline.analysis.stages.visualization  Generating diagnostic figures
✓ Completed in 14.35 s

======================================================================
Step 12: Save Results
======================================================================
07:06:02  INFO      tess_pipeline.io.export  Saving results to output_bayesian_sector_longest_3000_draws_4_chains/TIC 409934330
07:06:02  DEBUG     tess_pipeline.io.export  Saved CSV: output_bayesian_sector_longest_3000_draws_4_chains/TIC 409934330/TIC409934330_summary.csv
07:06:02  DEBUG     tess_pipeline.io.export  Saved JSON: output_bayesian_sector_longest_3000_draws_4_chains/TIC 409934330/TIC409934330_metadata.json
07:06:02  DEBUG     tess_pipeline.io.export  Saved compressed posterior sample values: output_bayesian_sector_longest_3000_draws_4_chains/TIC 409934330/data_for_plots/posterior_samples.npz
07:06:02  DEBUG     tess_pipeline.io.export  Saved light curve FITS: output_bayesian_sector_longest_3000_draws_4_chains/TIC 409934330/TIC409934330_lightcurve.fits
07:06:02  DEBUG     tess_pipeline.io.export  Saved figure: output_bayesian_sector_longest_3000_draws_4_chains/TIC 409934330/plots/01_raw.png
07:06:02  DEBUG     tess_pipeline.io.export  Saved figure: output_bayesian_sector_longest_3000_draws_4_chains/TIC 409934330/plots/02_flat.png
07:06:03  DEBUG     tess_pipeline.io.export  Saved figure: output_bayesian_sector_longest_3000_draws_4_chains/TIC 409934330/plots/03_tls_periodogram.png
07:06:03  DEBUG     tess_pipeline.io.export  Saved figure: output_bayesian_sector_longest_3000_draws_4_chains/TIC 409934330/plots/03_tls_periodogram_coarse_p0.png
07:06:03  DEBUG     tess_pipeline.io.export  Saved figure: output_bayesian_sector_longest_3000_draws_4_chains/TIC 409934330/plots/03_tls_periodogram_fine_p0.png
07:06:03  DEBUG     tess_pipeline.io.export  Saved figure: output_bayesian_sector_longest_3000_draws_4_chains/TIC 409934330/plots/03_tls_periodogram_coarse_p1.png
07:06:03  DEBUG     tess_pipeline.io.export  Saved figure: output_bayesian_sector_longest_3000_draws_4_chains/TIC 409934330/plots/03_tls_periodogram_fine_p1.png
07:06:03  DEBUG     tess_pipeline.io.export  Saved figure: output_bayesian_sector_longest_3000_draws_4_chains/TIC 409934330/plots/04_phase_p0.png
07:06:03  DEBUG     tess_pipeline.io.export  Saved figure: output_bayesian_sector_longest_3000_draws_4_chains/TIC 409934330/plots/04_phase_p1.png
07:06:04  DEBUG     tess_pipeline.io.export  Saved figure: output_bayesian_sector_longest_3000_draws_4_chains/TIC 409934330/plots/05_residuals.png
07:06:04  DEBUG     tess_pipeline.io.export  Saved figure: output_bayesian_sector_longest_3000_draws_4_chains/TIC 409934330/plots/06_bayesian_fit.png
07:06:04  DEBUG     tess_pipeline.io.export  Saved figure: output_bayesian_sector_longest_3000_draws_4_chains/TIC 409934330/plots/10_gp_acf.png
07:06:05  DEBUG     tess_pipeline.io.export  Saved figure: output_bayesian_sector_longest_3000_draws_4_chains/TIC 409934330/plots/11_transit_stack_p0.png
07:06:05  DEBUG     tess_pipeline.io.export  Saved figure: output_bayesian_sector_longest_3000_draws_4_chains/TIC 409934330/plots/04_mcmc_phase_p0.png
07:06:06  DEBUG     tess_pipeline.io.export  Saved figure: output_bayesian_sector_longest_3000_draws_4_chains/TIC 409934330/plots/07_corner.png
07:06:07  DEBUG     tess_pipeline.io.export  Saved figure: output_bayesian_sector_longest_3000_draws_4_chains/TIC 409934330/plots/08_trace.png
07:06:07  DEBUG     tess_pipeline.io.export  Saved figure: output_bayesian_sector_longest_3000_draws_4_chains/TIC 409934330/plots/09_posterior_predictive.png
07:06:07  DEBUG     tess_pipeline.io.export  Saved periodogram data: output_bayesian_sector_longest_3000_draws_4_chains/TIC 409934330/data_for_plots/periodogram_data.npz
07:06:19  DEBUG     tess_pipeline.io.export  Saved lightcurve model data: output_bayesian_sector_longest_3000_draws_4_chains/TIC 409934330/data_for_plots/lightcurve_model_data.npz
07:06:19  DEBUG     tess_pipeline.io.export  Saved recreate script: output_bayesian_sector_longest_3000_draws_4_chains/TIC 409934330/recreate_plots.py
07:06:19  INFO      tess_pipeline.io.export  Saved HTML Report: output_bayesian_sector_longest_3000_draws_4_chains/TIC 409934330/report.html
07:06:28  INFO      tess_pipeline.io.report  PDF report saved: output_bayesian_sector_longest_3000_draws_4_chains/TIC 409934330/TIC409934330_report.pdf
07:06:28  INFO      tess_pipeline.io.export  Export complete: output_bayesian_sector_longest_3000_draws_4_chains/TIC 409934330
✓ Completed in 25.91 s


================================================================================
PIPELINE SUMMARY
================================================================================
Detected Period : 2.488853 d
Epoch           : 3830.538838
Depth           : 0.003351
Duration        : 2.65 hr
SDE             : 1.51
SNR             : 178.49

Output Directory : output_bayesian_sector_longest_3000_draws_4_chains
Total Runtime    : 43.79 minutes

✓ Pipeline completed successfully.


Running pipeline for TIC 379286801...


================================================================================
TESS EXOPLANET PIPELINE
================================================================================
Target      : TIC 379286801
Mode        : science
Search      : TLS
Backend     : exoplanet/PyMC
Output      : output_bayesian_sector_longest_3000_draws_4_chains
================================================================================

======================================================================
Step 1: Resolve Target
======================================================================
07:06:28  INFO      tess_pipeline.analysis.stages.target  Resolving target: TIC 379286801
07:06:28  DEBUG     tess_pipeline.data.metadata  Resolved 'TIC 379286801' to TIC 379286801
07:06:28  INFO      tess_pipeline.catalogs.nasa_archive  Using local NASA archive CSV /mnt/home/project/cnitesh/nitesh/tess_exoplanet_pipeline/data/TOI_2026.06.28_09.42.00.csv for TIC 379286801 (matched 1 row(s))
07:06:28  INFO      tess_pipeline.data.metadata  Loaded coordinates for TIC 379286801 from local archive
07:06:28  INFO      tess_pipeline.analysis.stages.target  Resolved to TIC 379286801
✓ Completed in 0.01 s

======================================================================
Step 2: Query NASA Exoplanet Archive
======================================================================
07:06:28  INFO      tess_pipeline.analysis.stages.period  Querying NASA Exoplanet Archive for TIC 379286801
07:06:28  INFO      tess_pipeline.analysis.stages.period  Archive periods found: 1 planets (Primary: 4.451990 d)
✓ Completed in 0.01 s

======================================================================
Step 4: Characterize Host Star
======================================================================
07:06:28  INFO      tess_pipeline.analysis.stages.stellar  Querying Gaia DR3
07:06:30  WARNING   tess_pipeline.catalogs.gaia  Gaia DR3: r_star not available for this source
07:06:30  WARNING   tess_pipeline.catalogs.gaia  Gaia DR3: teff not available for this source
07:06:30  INFO      tess_pipeline.analysis.stages.stellar  Parameters ['r_star', 'teff', 'logg'] missing in Gaia DR3; checking local NASA TOI archive
07:06:30  INFO      tess_pipeline.catalogs.nasa_archive  Using local NASA archive CSV /mnt/home/project/cnitesh/nitesh/tess_exoplanet_pipeline/data/TOI_2026.06.28_09.42.00.csv for TIC 379286801 (matched 1 row(s))
07:06:30  INFO      tess_pipeline.analysis.stages.stellar  Retrieved r_star = 1.5700000 from local NASA archive
07:06:30  INFO      tess_pipeline.analysis.stages.stellar  Retrieved teff = 6708.3000000 from local NASA archive
07:06:30  INFO      tess_pipeline.analysis.stages.stellar  Retrieved logg = 4.2000000 from local NASA archive
07:06:30  INFO      tess_pipeline.analysis.stages.stellar  Running stellar characterization (gaia_only)
07:06:30  DEBUG     tess_pipeline.catalogs.stellar  Querying VizieR TIC v8.2 via vizier.cds.unistra.fr
07:06:32  INFO      tess_pipeline.catalogs.stellar  VizieR TIC v8.2 query succeeded via vizier.cds.unistra.fr
07:06:32  INFO      tess_pipeline.catalogs.stellar  VizieR (TIC8.2) query successful: Teff=6829.0, logg=4.204899787902832, feh=None, r_star=1.586, m_star=1.4700000286102295, parallax=None
07:06:32  INFO      tess_pipeline.catalogs.stellar  Querying SIMBAD TAP for TIC 379286801 measurements
07:06:32  INFO      tess_pipeline.catalogs.stellar  Querying SIMBAD TAP at coordinates RA=283.3018421904422, DEC=-54.91080823328404 for measurements
07:06:33  INFO      tess_pipeline.catalogs.stellar  SIMBAD query successful: Teff=None, logg=None, feh=None, parallax=2.849
✓ Completed in 4.87 s

======================================================================
Step 5: Download TESS Light Curves
======================================================================
07:06:33  INFO      tess_pipeline.analysis.stages.lightcurve  Downloading TESS data for TIC 379286801
07:06:33  INFO      tess_pipeline.data.download  [download] Starting download for TIC 379286801 (author=SPOC, cadence=120, sectors=longest, force_download=False)
07:06:52  INFO      tess_pipeline.data.download  [download] Found 5 available sector(s): [66, 93, 94, 103, 104]
07:06:52  INFO      tess_pipeline.data.download  [download] Selected sectors for analysis: [93, 94]
07:06:52  INFO      tess_pipeline.data.download  [download] Downloading 2 selected sector(s) from MAST
07:06:59  INFO      tess_pipeline.data.download  [fits] Step 1/4: normalizing FITS paths
07:06:59  INFO      tess_pipeline.data.download  [fits] Step 2/4: 2 FITS file(s) queued
07:06:59  INFO      tess_pipeline.data.download  [fits] Step 3/4: reading file 1/2: data/fits/tess2025154050500-s0093-0000000379286801-0290-s_lc.fits
07:06:59  INFO      tess_pipeline.data.download  [fits] Step 3/4: reading file 2/2: data/fits/tess2025180145000-s0094-0000000379286801-0291-s_lc.fits
07:06:59  INFO      tess_pipeline.data.download  [fits] Step 4/4: loaded 2 light curve(s) from local FITS in 0.1s
07:06:59  INFO      tess_pipeline.data.download  [download] Completed TIC 379286801 download in 26.5s (2 sector file(s))
07:06:59  INFO      tess_pipeline.analysis.stages.lightcurve  Loaded light curves for sector(s): [93, 94]
✓ Completed in 26.48 s

======================================================================
Step 6: Preprocess Light Curves
======================================================================
07:06:59  INFO      tess_pipeline.analysis.stages.lightcurve  Preprocessing light curves
07:06:59  INFO      tess_pipeline.data.preprocess  Saving diagnostic plots to directory: output_bayesian_sector_longest_3000_draws_4_chains/TIC 379286801/plots
07:06:59  INFO      tess_pipeline.data.preprocess  Dynamic mask width calculated: 0.197 days for P = 4.45 d
07:07:01  DEBUG     tess_pipeline.data.preprocess  Stitched 2 sectors -> 31284 cadences
07:07:01  INFO      tess_pipeline.data.preprocess  Preprocessing complete: 31284 cadences remain
07:07:02  INFO      tess_pipeline.data.preprocess  Saved final stitched visualization to output_bayesian_sector_longest_3000_draws_4_chains/TIC 379286801/plots/final_stitched_preprocessing.png
07:07:02  INFO      tess_pipeline.analysis.session  Saved step plot: output_bayesian_sector_longest_3000_draws_4_chains/TIC 379286801/plots/01_raw.png
07:07:03  INFO      tess_pipeline.analysis.session  Saved step plot: output_bayesian_sector_longest_3000_draws_4_chains/TIC 379286801/plots/02_flat.png
✓ Completed in 3.46 s

======================================================================
Step 7: Search for Transit Signals
======================================================================
07:07:03  INFO      tess_pipeline.analysis.stages.period  Archive period found for Planet 1: 4.451990 d; refining...
07:07:03  INFO      tess_pipeline.transit.detection  Running TLS (period 4.4-4.5 d)
07:07:03  DEBUG     tess_pipeline.transit.tls  TLS search mode: narrow (osf=65, dur_step=1.10)
07:07:03  DEBUG     tess_pipeline.transit.tls  TLS kwargs: {'period_min': 4.44308602, 'period_max': 4.460893980000001, 'duration_grid_step': 1.1, 'oversampling_factor': 65}
Transit Least Squares TLS 1.32 (5 Apr 2024)
Creating model cache for 29 durations
Searching 31284 data points, 106 periods from 4.443 to 4.461 days
Using all 32 CPU threads
07:07:11  INFO      tess_pipeline.transit.tls  Optimized T0 search: running coarse pass with 100 points...
07:07:11  INFO      tess_pipeline.transit.tls  Optimized T0 search: running fine pass with 300 points around T0=3831.2983...
07:07:12  INFO      tess_pipeline.transit.tls  TLS: period=4.453120 d, epoch=3831.3068, duration=1.60 h, depth=0.004724, SDE=1.48
07:07:12  INFO      tess_pipeline.analysis.stages.period  Searching for 1 additional planet(s) in residuals...
07:07:12  INFO      tess_pipeline.transit.detection  Capping period_max 100.0 → 16.9 d (3-transit requirement over 51 d baseline)
07:07:12  INFO      tess_pipeline.transit.detection  Searching for Planet 1 candidate (coarse search)...
07:07:12  INFO      tess_pipeline.transit.detection  Running TLS (period 0.5-16.9 d)
07:07:12  DEBUG     tess_pipeline.transit.tls  TLS search mode: broad (osf=None, dur_step=1.10)
07:07:12  DEBUG     tess_pipeline.transit.tls  TLS kwargs: {'period_min': 0.5, 'period_max': 16.906049810331904, 'duration_grid_step': 1.1, 'period_grid': array([ 0.5       ,  0.50354035,  0.50710577,  0.51069643,  0.51431252,
        0.51795421,  0.52162169,  0.52531514,  0.52903473,  0.53278067,
        0.53655313,  0.5403523 ,  0.54417837,  0.54803154,  0.55191198,
        0.55581991,  0.5597555 ,  0.56371896,  0.56771048,  0.57173027,
        0.57577852,  0.57985544,  0.58396122,  0.58809607,  0.5922602 ,
        0.59645382,  0.60067713,  0.60493035,  0.60921368,  0.61352733,
        0.61787154,  0.6222465 ,  0.62665244,  0.63108958,  0.63555813,
        0.64005833,  0.64459039,  0.64915454,  0.65375101,  0.65838002,
        0.66304181,  0.66773661,  0.67246466,  0.67722618,  0.68202141,
        0.6868506 ,  0.69171398,  0.6966118 ,  0.7015443 ,  0.70651172,
        0.71151432,  0.71655234,  0.72162603,  0.72673565,  0.73188145,
        0.73706368,  0.7422826 ,  0.74753848,  0.75283158,  0.75816215,
        0.76353047,  0.7689368 ,  0.77438141,  0.77986457,  0.78538656,
        0.79094765,  0.79654811,  0.80218823,  0.80786828,  0.81358855,
        0.81934933,  0.82515089,  0.83099354,  0.83687756,  0.84280323,
        0.84877087,  0.85478076,  0.86083321,  0.86692851,  0.87306697,
        0.87924889,  0.88547459,  0.89174437,  0.89805854,  0.90441743,
        0.91082133,  0.91727059,  0.9237655 ,  0.93030641,  0.93689363,
        0.94352749,  0.95020833,  0.95693647,  0.96371224,  0.970536  ,
        0.97740808,  0.98432881,  0.99129854,  0.99831763,  1.00538642,
        1.01250526,  1.0196745 ,  1.02689451,  1.03416564,  1.04148826,
        1.04886272,  1.05628941,  1.06376867,  1.0713009 ,  1.07888646,
        1.08652573,  1.09421909,  1.10196693,  1.10976962,  1.11762757,
        1.12554115,  1.13351077,  1.14153682,  1.1496197 ,  1.15775981,
        1.16595756,  1.17421336,  1.18252761,  1.19090073,  1.19933314,
        1.20782526,  1.21637751,  1.22499031,  1.2336641 ,  1.2423993 ,
        1.25119636,  1.2600557 ,  1.26897778,  1.27796303,  1.2870119 ,
        1.29612485,  1.30530232,  1.31454477,  1.32385267,  1.33322647,
        1.34266664,  1.35217366,  1.361748  ,  1.37139013,  1.38110053,
        1.39087969,  1.40072809,  1.41064622,  1.42063458,  1.43069367,
        1.44082398,  1.45102602,  1.4613003 ,  1.47164733,  1.48206762,
        1.4925617 ,  1.50313008,  1.51377329,  1.52449186,  1.53528633,
        1.54615723,  1.55710511,  1.5681305 ,  1.57923396,  1.59041604,
        1.6016773 ,  1.6130183 ,  1.62443959,  1.63594176,  1.64752537,
        1.65919101,  1.67093924,  1.68277066,  1.69468585,  1.70668541,
        1.71876994,  1.73094003,  1.7431963 ,  1.75553934,  1.76796979,
        1.78048825,  1.79309536,  1.80579173,  1.81857799,  1.8314548 ,
        1.84442278,  1.85748258,  1.87063486,  1.88388026,  1.89721945,
        1.91065309,  1.92418185,  1.9378064 ,  1.95152743,  1.96534561,
        1.97926163,  1.99327619,  2.00738998,  2.0216037 ,  2.03591807,
        2.05033379,  2.06485159,  2.07947218,  2.0941963 ,  2.10902467,
        2.12395804,  2.13899715,  2.15414275,  2.16939559,  2.18475642,
        2.20022603,  2.21580517,  2.23149462,  2.24729516,  2.26320758,
        2.27923267,  2.29537123,  2.31162407,  2.32799198,  2.34447579,
        2.36107632,  2.37779439,  2.39463084,  2.4115865 ,  2.42866222,
        2.44585885,  2.46317724,  2.48061826,  2.49818277,  2.51587165,
        2.53368578,  2.55162605,  2.56969335,  2.58788857,  2.60621263,
        2.62466644,  2.64325091,  2.66196698,  2.68081557,  2.69979762,
        2.71891407,  2.73816589,  2.75755401,  2.77707943,  2.79674309,
        2.81654599,  2.8364891 ,  2.85657343,  2.87679997,  2.89716972,
        2.91768371,  2.93834295,  2.95914847,  2.98010132,  3.00120252,
        3.02245313,  3.04385421,  3.06540683,  3.08711205,  3.10897096,
        3.13098465,  3.15315421,  3.17548075,  3.19796538,  3.22060921,
        3.24341337,  3.26637901,  3.28950726,  3.31279927,  3.3362562 ,
        3.35987923,  3.38366953,  3.40762827,  3.43175666,  3.4560559 ,
        3.48052719,  3.50517176,  3.52999083,  3.55498563,  3.58015742,
        3.60550743,  3.63103695,  3.65674723,  3.68263956,  3.70871522,
        3.73497552,  3.76142176,  3.78805525,  3.81487734,  3.84188933,
        3.8690926 ,  3.89648848,  3.92407834,  3.95186356,  3.97984552,
        4.00802561,  4.03640523,  4.06498581,  4.09376875,  4.12275549,
        4.15194749,  4.18134618,  4.21095303,  4.24076953,  4.27079714,
        4.30103737,  4.33149172,  4.36216171,  4.39304887,  4.42415473,
        4.45548084,  4.48702876,  4.51880006,  4.55079632,  4.58301915,
        4.61547013,  4.64815088,  4.68106304,  4.71420824,  4.74758813,
        4.78120438,  4.81505865,  4.84915263,  4.88348802,  4.91806653,
        4.95288988,  4.98795981,  5.02327805,  5.05884637,  5.09466654,
        5.13074035,  5.16706958,  5.20365604,  5.24050157,  5.27760798,
        5.31497714,  5.35261089,  5.39051112,  5.42867971,  5.46711856,
        5.50582958,  5.54481471,  5.58407587,  5.62361504,  5.66343416,
        5.70353524,  5.74392026,  5.78459123,  5.82555018,  5.86679915,
        5.90834019,  5.95017537,  5.99230677,  6.0347365 ,  6.07746665,
        6.12049937,  6.16383678,  6.20748106,  6.25143437,  6.29569889,
        6.34027684,  6.38517044,  6.43038191,  6.47591351,  6.52176751,
        6.56794618,  6.61445184,  6.66128678,  6.70845335,  6.75595389,
        6.80379077,  6.85196637,  6.90048308,  6.94934333,  6.99854954,
        7.04810416,  7.09800967,  7.14826854,  7.19888328,  7.24985641,
        7.30119047,  7.352888  ,  7.40495159,  7.45738383,  7.51018732,
        7.5633647 ,  7.61691861,  7.67085172,  7.72516671,  7.7798663 ,
        7.83495319,  7.89043014,  7.9462999 ,  8.00256526,  8.05922902,
        8.116294  ,  8.17376304,  8.231639  ,  8.28992476,  8.34862322,
        8.40773732,  8.46726998,  8.52722417,  8.58760288,  8.64840911,
        8.7096459 ,  8.77131628,  8.83342334,  8.89597015,  8.95895984,
        9.02239554,  9.08628041,  9.15061763,  9.21541041,  9.28066196,
        9.34637553,  9.41255441,  9.47920188,  9.54632126,  9.61391589,
        9.68198914,  9.75054439,  9.81958506,  9.88911459,  9.95913644,
       10.02965409, 10.10067106, 10.17219087, 10.2442171 , 10.31675332,
       10.38980315, 10.46337022, 10.5374582 , 10.61207077, 10.68721166,
       10.76288459, 10.83909334, 10.9158417 , 10.9931335 , 11.07097257,
       11.1493628 , 11.22830808, 11.30781236, 11.38787958, 11.46851373,
       11.54971883, 11.63149891, 11.71385806, 11.79680037, 11.88032997,
       11.96445101, 12.04916769, 12.13448422, 12.22040486, 12.30693387,
       12.39407557, 12.48183429, 12.57021441, 12.65922032, 12.74885645,
       12.83912727, 12.93003727, 13.02159098, 13.11379295, 13.20664778,
       13.30016008, 13.39433452, 13.48917577, 13.58468857, 13.68087767,
       13.77774785, 13.87530394, 13.97355079, 14.07249331, 14.1721364 ,
       14.27248504, 14.37354421, 14.47531896, 14.57781434, 14.68103546,
       14.78498746, 14.88967551, 14.99510483, 15.10128066, 15.20820829,
       15.31589304, 15.42434027, 15.53355539, 15.64354382, 15.75431105,
       15.86586259, 15.978204  , 16.09134086, 16.2052788 , 16.32002351,
       16.43558069, 16.5519561 , 16.66915552, 16.7871848 , 16.90604981]), 'n_transits_min': 2}
Transit Least Squares TLS 1.32 (5 Apr 2024)
Creating model cache for 39 durations
Searching 30546 data points, 500 periods from 0.5 to 16.906 days
Using all 32 CPU threads
07:07:21  INFO      tess_pipeline.transit.tls  Optimized T0 search: running coarse pass with 137 points...
07:07:22  INFO      tess_pipeline.transit.tls  Optimized T0 search: running fine pass with 300 points around T0=3830.4951...
07:07:22  INFO      tess_pipeline.transit.tls  TLS: period=13.113793 d, epoch=3830.4992, duration=1.93 h, depth=0.001251, SDE=5.31
07:07:22  INFO      tess_pipeline.transit.detection  Significant peak found (coarse SDE/SNR = 8.38 at 13.1138 d). Checking sub-harmonics for robustness...
07:07:22  INFO      tess_pipeline.transit.detection  Running TLS (period 4.3-4.5 d)
07:07:22  DEBUG     tess_pipeline.transit.tls  TLS search mode: narrow (osf=6, dur_step=1.10)
07:07:22  DEBUG     tess_pipeline.transit.tls  TLS kwargs: {'period_min': 4.283839030920656, 'period_max': 4.458689603611295, 'duration_grid_step': 1.1, 'oversampling_factor': 6}
Transit Least Squares TLS 1.32 (5 Apr 2024)
Creating model cache for 29 durations
Searching 30546 data points, 99 periods from 4.285 to 4.459 days
Using all 32 CPU threads
07:07:30  INFO      tess_pipeline.transit.tls  Optimized T0 search: running coarse pass with 100 points...
07:07:31  INFO      tess_pipeline.transit.tls  Optimized T0 search: running fine pass with 300 points around T0=3830.4420...
07:07:31  INFO      tess_pipeline.transit.tls  TLS: period=4.291510 d, epoch=3830.4465, duration=2.08 h, depth=0.000512, SDE=2.70
07:07:31  INFO      tess_pipeline.transit.detection  Running TLS (period 6.4-6.7 d)
07:07:31  DEBUG     tess_pipeline.transit.tls  TLS search mode: narrow (osf=9, dur_step=1.10)
07:07:31  DEBUG     tess_pipeline.transit.tls  TLS kwargs: {'period_min': 6.425758546380985, 'period_max': 6.688034405416943, 'duration_grid_step': 1.1, 'oversampling_factor': 9}
Transit Least Squares TLS 1.32 (5 Apr 2024)
Creating model cache for 29 durations
Searching 30546 data points, 129 periods from 6.428 to 6.688 days
Using all 32 CPU threads
07:07:39  INFO      tess_pipeline.transit.tls  Optimized T0 search: running coarse pass with 100 points...
07:07:40  INFO      tess_pipeline.transit.tls  Optimized T0 search: running fine pass with 300 points around T0=3830.3987...
07:07:40  INFO      tess_pipeline.transit.tls  TLS: period=6.640119 d, epoch=3830.4335, duration=2.88 h, depth=0.000604, SDE=1.74
07:07:40  INFO      tess_pipeline.transit.detection  Running TLS (period 12.9-13.4 d)
07:07:40  DEBUG     tess_pipeline.transit.tls  TLS search mode: broad (osf=1, dur_step=1.10)
07:07:40  DEBUG     tess_pipeline.transit.tls  TLS kwargs: {'period_min': 12.85151709276197, 'period_max': 13.376068810833885, 'duration_grid_step': 1.1, 'oversampling_factor': 1, 'n_transits_min': 2}
Transit Least Squares TLS 1.32 (5 Apr 2024)
Creating model cache for 29 durations
Searching 30546 data points, 12 periods from 12.858 to 13.365 days
Using all 32 CPU threads
07:07:44  INFO      tess_pipeline.transit.tls  Optimized T0 search: running coarse pass with 142 points...
07:07:45  INFO      tess_pipeline.transit.tls  Optimized T0 search: running fine pass with 300 points around T0=3830.4921...
07:07:45  INFO      tess_pipeline.transit.tls  TLS: period=13.178022 d, epoch=3830.4633, duration=1.87 h, depth=0.001312, SDE=2.08
07:07:45  INFO      tess_pipeline.transit.detection  Harmonic resolution: selected fraction 1.00 (refined period=13.1780 d, SDE/SNR=8.90, max_sig was 8.90)
Planet 1 derived robust period: 13.17802 days (SNR: 8.90, via fraction 1.00 of initial peak 13.11379d)
07:07:45  INFO      tess_pipeline.transit.detection  Planet 1 found: Period = 13.178022 d, epoch = 3830.4633, SDE/SNR = 8.90
07:07:45  INFO      tess_pipeline.analysis.stages.period  Detections completed. Found 2 planet candidate(s).
07:07:45  INFO      tess_pipeline.analysis.session  Saved step plot: output_bayesian_sector_longest_3000_draws_4_chains/TIC 379286801/plots/03_tls_periodogram.png
07:07:46  INFO      tess_pipeline.analysis.session  Saved step plot: output_bayesian_sector_longest_3000_draws_4_chains/TIC 379286801/plots/tls_periodogram_coarse_p0.png
07:07:46  INFO      tess_pipeline.analysis.session  Saved step plot: output_bayesian_sector_longest_3000_draws_4_chains/TIC 379286801/plots/tls_periodogram_fine_p0.png
07:07:46  INFO      tess_pipeline.analysis.session  Saved step plot: output_bayesian_sector_longest_3000_draws_4_chains/TIC 379286801/plots/tls_periodogram_coarse_p1.png
07:07:46  INFO      tess_pipeline.analysis.session  Saved step plot: output_bayesian_sector_longest_3000_draws_4_chains/TIC 379286801/plots/tls_periodogram_fine_p1.png
07:07:46  INFO      tess_pipeline.analysis.session  Saved step plot: output_bayesian_sector_longest_3000_draws_4_chains/TIC 379286801/plots/04_phase.png
✓ Completed in 43.60 s

======================================================================
Step 8: Bayesian Transit Fit
======================================================================
07:07:46  INFO      tess_pipeline.analysis.stages.inference  Running Bayesian transit fit (exoplanet + PyMC)
07:07:46  INFO      tess_pipeline.analysis.stages.inference  Second candidate probability (7.9%) is below 75% threshold. Skipping multi-planet MCMC fit and proceeding with 1-planet model.
07:07:46  INFO      tess_pipeline.inference.bayesian  Building PyMC model (N=31284 points, 1 planets)
07:07:46  DEBUG     tess_pipeline.inference.gp  Using SHO GP kernel
07:07:46  INFO      tess_pipeline.inference.bayesian  Sampling: 4 chains × 3000 draws (tune=3000, target_accept=0.95)
                                                                                
                                  Step    Grad                                  
  Progress        Draw    Dive…   size    evals   Speed          Elap…   Rema…  
 ────────────────────────────────────────────────────────────────────────────── 
  ━━━━━━━━━━━━━   6000    0       0.150   31      3.23 draws/s   0:30…   0:00…  
  ━━━━━━━━━━━━━   6000    0       0.166   31      3.27 draws/s   0:30…   0:00…  
  ━━━━━━━━━━━━━   6000    0       0.145   31      2.89 draws/s   0:34…   0:00…  
  ━━━━━━━━━━━━━   6000    0       0.157   31      2.99 draws/s   0:33…   0:00…  
                                                                                
Computing ... ━━━━━━━━━━━━━━━━━━━━━━━━━━━━━━━━━━━━━━━━ 100% 0:00:00
07:44:11  INFO      tess_pipeline.inference.bayesian  Sampling complete
07:44:39  INFO      tess_pipeline.analysis.session  Saved step plot: output_bayesian_sector_longest_3000_draws_4_chains/TIC 379286801/plots/06_bayesian_fit.png
07:44:41  INFO      tess_pipeline.analysis.session  Saved step plot: output_bayesian_sector_longest_3000_draws_4_chains/TIC 379286801/plots/07_corner.png
07:44:42  INFO      tess_pipeline.analysis.session  Saved step plot: output_bayesian_sector_longest_3000_draws_4_chains/TIC 379286801/plots/08_trace.png
07:44:42  INFO      tess_pipeline.analysis.session  Saved step plot: output_bayesian_sector_longest_3000_draws_4_chains/TIC 379286801/plots/09_posterior_predictive.png
07:44:43  INFO      tess_pipeline.analysis.session  Saved step plot: output_bayesian_sector_longest_3000_draws_4_chains/TIC 379286801/plots/05_residuals.png
✓ Completed in 2216.37 s

======================================================================
Step 9: Derive Planet Parameters
======================================================================
✓ Completed in 0.08 s

======================================================================
Step 10: Check MCMC Convergence
======================================================================
07:44:45  INFO      tess_pipeline.inference.diagnostics  Convergence OK (R̂_max=1.0014, ESS_min=4697, divergences=0)
✓ Completed in 2.62 s

======================================================================
Step 11: Generate Figures
======================================================================
07:44:45  INFO      tess_pipeline.analysis.stages.visualization  Generating diagnostic figures
✓ Completed in 13.17 s

======================================================================
Step 12: Save Results
======================================================================
07:44:58  INFO      tess_pipeline.io.export  Saving results to output_bayesian_sector_longest_3000_draws_4_chains/TIC 379286801
07:44:58  DEBUG     tess_pipeline.io.export  Saved CSV: output_bayesian_sector_longest_3000_draws_4_chains/TIC 379286801/TIC379286801_summary.csv
07:44:58  DEBUG     tess_pipeline.io.export  Saved JSON: output_bayesian_sector_longest_3000_draws_4_chains/TIC 379286801/TIC379286801_metadata.json
07:44:59  DEBUG     tess_pipeline.io.export  Saved compressed posterior sample values: output_bayesian_sector_longest_3000_draws_4_chains/TIC 379286801/data_for_plots/posterior_samples.npz
07:44:59  DEBUG     tess_pipeline.io.export  Saved light curve FITS: output_bayesian_sector_longest_3000_draws_4_chains/TIC 379286801/TIC379286801_lightcurve.fits
07:44:59  DEBUG     tess_pipeline.io.export  Saved figure: output_bayesian_sector_longest_3000_draws_4_chains/TIC 379286801/plots/01_raw.png
07:44:59  DEBUG     tess_pipeline.io.export  Saved figure: output_bayesian_sector_longest_3000_draws_4_chains/TIC 379286801/plots/02_flat.png
07:44:59  DEBUG     tess_pipeline.io.export  Saved figure: output_bayesian_sector_longest_3000_draws_4_chains/TIC 379286801/plots/03_tls_periodogram.png
07:44:59  DEBUG     tess_pipeline.io.export  Saved figure: output_bayesian_sector_longest_3000_draws_4_chains/TIC 379286801/plots/03_tls_periodogram_coarse_p0.png
07:45:00  DEBUG     tess_pipeline.io.export  Saved figure: output_bayesian_sector_longest_3000_draws_4_chains/TIC 379286801/plots/03_tls_periodogram_fine_p0.png
07:45:00  DEBUG     tess_pipeline.io.export  Saved figure: output_bayesian_sector_longest_3000_draws_4_chains/TIC 379286801/plots/03_tls_periodogram_coarse_p1.png
07:45:00  DEBUG     tess_pipeline.io.export  Saved figure: output_bayesian_sector_longest_3000_draws_4_chains/TIC 379286801/plots/03_tls_periodogram_fine_p1.png
07:45:00  DEBUG     tess_pipeline.io.export  Saved figure: output_bayesian_sector_longest_3000_draws_4_chains/TIC 379286801/plots/04_phase_p0.png
07:45:00  DEBUG     tess_pipeline.io.export  Saved figure: output_bayesian_sector_longest_3000_draws_4_chains/TIC 379286801/plots/04_phase_p1.png
07:45:00  DEBUG     tess_pipeline.io.export  Saved figure: output_bayesian_sector_longest_3000_draws_4_chains/TIC 379286801/plots/05_residuals.png
07:45:01  DEBUG     tess_pipeline.io.export  Saved figure: output_bayesian_sector_longest_3000_draws_4_chains/TIC 379286801/plots/06_bayesian_fit.png
07:45:01  DEBUG     tess_pipeline.io.export  Saved figure: output_bayesian_sector_longest_3000_draws_4_chains/TIC 379286801/plots/10_gp_acf.png
07:45:01  DEBUG     tess_pipeline.io.export  Saved figure: output_bayesian_sector_longest_3000_draws_4_chains/TIC 379286801/plots/11_transit_stack_p0.png
07:45:01  DEBUG     tess_pipeline.io.export  Saved figure: output_bayesian_sector_longest_3000_draws_4_chains/TIC 379286801/plots/04_mcmc_phase_p0.png
07:45:03  DEBUG     tess_pipeline.io.export  Saved figure: output_bayesian_sector_longest_3000_draws_4_chains/TIC 379286801/plots/07_corner.png
07:45:03  DEBUG     tess_pipeline.io.export  Saved figure: output_bayesian_sector_longest_3000_draws_4_chains/TIC 379286801/plots/08_trace.png
07:45:03  DEBUG     tess_pipeline.io.export  Saved figure: output_bayesian_sector_longest_3000_draws_4_chains/TIC 379286801/plots/09_posterior_predictive.png
07:45:03  DEBUG     tess_pipeline.io.export  Saved periodogram data: output_bayesian_sector_longest_3000_draws_4_chains/TIC 379286801/data_for_plots/periodogram_data.npz
07:45:15  DEBUG     tess_pipeline.io.export  Saved lightcurve model data: output_bayesian_sector_longest_3000_draws_4_chains/TIC 379286801/data_for_plots/lightcurve_model_data.npz
07:45:15  DEBUG     tess_pipeline.io.export  Saved recreate script: output_bayesian_sector_longest_3000_draws_4_chains/TIC 379286801/recreate_plots.py
07:45:15  INFO      tess_pipeline.io.export  Saved HTML Report: output_bayesian_sector_longest_3000_draws_4_chains/TIC 379286801/report.html
07:45:23  INFO      tess_pipeline.io.report  PDF report saved: output_bayesian_sector_longest_3000_draws_4_chains/TIC 379286801/TIC379286801_report.pdf
07:45:23  INFO      tess_pipeline.io.export  Export complete: output_bayesian_sector_longest_3000_draws_4_chains/TIC 379286801
✓ Completed in 24.67 s


================================================================================
PIPELINE SUMMARY
================================================================================
Detected Period : 4.453120 d
Epoch           : 3831.306766
Depth           : 0.004724
Duration        : 1.60 hr
SDE             : 1.48
SNR             : 63.57

Output Directory : output_bayesian_sector_longest_3000_draws_4_chains
Total Runtime    : 38.92 minutes

✓ Pipeline completed successfully.


Running pipeline for TIC 261369656...


================================================================================
TESS EXOPLANET PIPELINE
================================================================================
Target      : TIC 261369656
Mode        : science
Search      : TLS
Backend     : exoplanet/PyMC
Output      : output_bayesian_sector_longest_3000_draws_4_chains
================================================================================

======================================================================
Step 1: Resolve Target
======================================================================
07:45:23  INFO      tess_pipeline.analysis.stages.target  Resolving target: TIC 261369656
07:45:23  DEBUG     tess_pipeline.data.metadata  Resolved 'TIC 261369656' to TIC 261369656
07:45:23  INFO      tess_pipeline.catalogs.nasa_archive  Using local NASA archive CSV /mnt/home/project/cnitesh/nitesh/tess_exoplanet_pipeline/data/TOI_2026.06.28_09.42.00.csv for TIC 261369656 (matched 1 row(s))
07:45:23  INFO      tess_pipeline.data.metadata  Loaded coordinates for TIC 261369656 from local archive
07:45:23  INFO      tess_pipeline.analysis.stages.target  Resolved to TIC 261369656
✓ Completed in 0.01 s

======================================================================
Step 2: Query NASA Exoplanet Archive
======================================================================
07:45:23  INFO      tess_pipeline.analysis.stages.period  Querying NASA Exoplanet Archive for TIC 261369656
07:45:23  INFO      tess_pipeline.analysis.stages.period  Archive periods found: 1 planets (Primary: 10.956630 d)
✓ Completed in 0.01 s

======================================================================
Step 4: Characterize Host Star
======================================================================
07:45:23  INFO      tess_pipeline.analysis.stages.stellar  Querying Gaia DR3
07:45:25  WARNING   tess_pipeline.catalogs.gaia  Gaia DR3: r_star not available for this source
07:45:25  INFO      tess_pipeline.analysis.stages.stellar  Parameters ['r_star'] missing in Gaia DR3; checking local NASA TOI archive
07:45:25  INFO      tess_pipeline.catalogs.nasa_archive  Using local NASA archive CSV /mnt/home/project/cnitesh/nitesh/tess_exoplanet_pipeline/data/TOI_2026.06.28_09.42.00.csv for TIC 261369656 (matched 1 row(s))
07:45:25  INFO      tess_pipeline.analysis.stages.stellar  Retrieved r_star = 2.0700000 from local NASA archive
07:45:25  INFO      tess_pipeline.analysis.stages.stellar  Running stellar characterization (gaia_only)
07:45:25  DEBUG     tess_pipeline.catalogs.stellar  Querying VizieR TIC v8.2 via vizier.cds.unistra.fr
07:45:27  INFO      tess_pipeline.catalogs.stellar  VizieR TIC v8.2 query succeeded via vizier.cds.unistra.fr
07:45:27  INFO      tess_pipeline.catalogs.stellar  VizieR (TIC8.2) query successful: Teff=6456.0, logg=3.9240000247955322, feh=None, r_star=2.068, m_star=1.309999942779541, parallax=None
07:45:27  INFO      tess_pipeline.catalogs.stellar  Querying SIMBAD TAP for TIC 261369656 measurements
07:45:28  INFO      tess_pipeline.catalogs.stellar  SIMBAD query successful: Teff=6371.0, logg=3.9049999713897705, feh=None, parallax=2.3557
✓ Completed in 4.71 s

======================================================================
Step 5: Download TESS Light Curves
======================================================================
07:45:28  INFO      tess_pipeline.analysis.stages.lightcurve  Downloading TESS data for TIC 261369656
07:45:28  INFO      tess_pipeline.data.download  [download] Starting download for TIC 261369656 (author=SPOC, cadence=120, sectors=longest, force_download=False)
07:45:38  INFO      tess_pipeline.data.download  [download] Found 5 available sector(s): [27, 67, 94, 104, 105]
07:45:38  INFO      tess_pipeline.data.download  [download] Selected sectors for analysis: [104, 105]
07:45:38  INFO      tess_pipeline.data.download  [download] Downloading 2 selected sector(s) from MAST
07:45:45  INFO      tess_pipeline.data.download  [fits] Step 1/4: normalizing FITS paths
07:45:45  INFO      tess_pipeline.data.download  [fits] Step 2/4: 2 FITS file(s) queued
07:45:45  INFO      tess_pipeline.data.download  [fits] Step 3/4: reading file 1/2: data/fits/tess2026137223500-s0104-0000000261369656-0306-s_lc.fits
07:45:46  INFO      tess_pipeline.data.download  [fits] Step 3/4: reading file 2/2: data/fits/tess2026164183000-s0105-0000000261369656-0307-s_lc.fits
07:45:46  INFO      tess_pipeline.data.download  [fits] Step 4/4: loaded 2 light curve(s) from local FITS in 0.1s
07:45:46  INFO      tess_pipeline.data.download  [download] Completed TIC 261369656 download in 17.8s (2 sector file(s))
07:45:46  INFO      tess_pipeline.analysis.stages.lightcurve  Loaded light curves for sector(s): [104, 105]
✓ Completed in 17.80 s

======================================================================
Step 6: Preprocess Light Curves
======================================================================
07:45:46  INFO      tess_pipeline.analysis.stages.lightcurve  Preprocessing light curves
07:45:46  INFO      tess_pipeline.data.preprocess  Saving diagnostic plots to directory: output_bayesian_sector_longest_3000_draws_4_chains/TIC 261369656/plots
07:45:46  INFO      tess_pipeline.data.preprocess  Dynamic mask width calculated: 0.267 days for P = 10.96 d
07:45:48  DEBUG     tess_pipeline.data.preprocess  Stitched 2 sectors -> 30955 cadences
07:45:48  INFO      tess_pipeline.data.preprocess  Preprocessing complete: 30955 cadences remain
07:45:53  INFO      tess_pipeline.data.preprocess  Saved final stitched visualization to output_bayesian_sector_longest_3000_draws_4_chains/TIC 261369656/plots/final_stitched_preprocessing.png
07:45:53  INFO      tess_pipeline.analysis.session  Saved step plot: output_bayesian_sector_longest_3000_draws_4_chains/TIC 261369656/plots/01_raw.png
07:45:54  INFO      tess_pipeline.analysis.session  Saved step plot: output_bayesian_sector_longest_3000_draws_4_chains/TIC 261369656/plots/02_flat.png
✓ Completed in 7.99 s

======================================================================
Step 7: Search for Transit Signals
======================================================================
07:45:54  INFO      tess_pipeline.analysis.stages.period  Archive period found for Planet 1: 10.956630 d; refining...
07:45:54  INFO      tess_pipeline.transit.detection  Running TLS (period 10.9-11.0 d)
07:45:54  DEBUG     tess_pipeline.transit.tls  TLS search mode: narrow (osf=300, dur_step=1.10)
07:45:54  DEBUG     tess_pipeline.transit.tls  TLS kwargs: {'period_min': 10.94663, 'period_max': 10.96663, 'duration_grid_step': 1.1, 'oversampling_factor': 300}
Transit Least Squares TLS 1.32 (5 Apr 2024)
Creating model cache for 29 durations
Searching 30955 data points, 174 periods from 10.947 to 10.967 days
Using all 32 CPU threads
07:46:03  INFO      tess_pipeline.transit.tls  Optimized T0 search: running coarse pass with 165 points...
07:46:03  INFO      tess_pipeline.transit.tls  Optimized T0 search: running fine pass with 300 points around T0=4187.1391...
07:46:04  INFO      tess_pipeline.transit.tls  TLS: period=10.958606 d, epoch=4187.1398, duration=1.07 h, depth=0.003049, SDE=1.19
07:46:04  INFO      tess_pipeline.analysis.stages.period  Searching for 1 additional planet(s) in residuals...
07:46:04  INFO      tess_pipeline.transit.detection  Capping period_max 100.0 → 17.8 d (3-transit requirement over 54 d baseline)
07:46:04  INFO      tess_pipeline.transit.detection  Searching for Planet 1 candidate (coarse search)...
07:46:04  INFO      tess_pipeline.transit.detection  Running TLS (period 0.5-17.8 d)
07:46:04  DEBUG     tess_pipeline.transit.tls  TLS search mode: broad (osf=None, dur_step=1.10)
07:46:04  DEBUG     tess_pipeline.transit.tls  TLS kwargs: {'period_min': 0.5, 'period_max': 17.837194221763337, 'duration_grid_step': 1.1, 'period_grid': array([ 0.5       ,  0.50359445,  0.50721475,  0.51086107,  0.5145336 ,
        0.51823254,  0.52195807,  0.52571038,  0.52948966,  0.53329611,
        0.53712993,  0.54099131,  0.54488045,  0.54879754,  0.5527428 ,
        0.55671642,  0.5607186 ,  0.56474956,  0.56880949,  0.57289861,
        0.57701713,  0.58116525,  0.58534319,  0.58955117,  0.5937894 ,
        0.5980581 ,  0.60235749,  0.60668778,  0.6110492 ,  0.61544198,
        0.61986634,  0.6243225 ,  0.6288107 ,  0.63333116,  0.63788412,
        0.64246981,  0.64708847,  0.65174033,  0.65642563,  0.66114462,
        0.66589753,  0.6706846 ,  0.6755061 ,  0.68036225,  0.68525331,
        0.69017953,  0.69514117,  0.70013848,  0.70517171,  0.71024113,
        0.71534699,  0.72048955,  0.72566908,  0.73088585,  0.73614013,
        0.74143217,  0.74676226,  0.75213067,  0.75753767,  0.76298353,
        0.76846855,  0.77399301,  0.77955717,  0.78516134,  0.79080579,
        0.79649082,  0.80221672,  0.80798379,  0.81379231,  0.81964259,
        0.82553492,  0.83146962,  0.83744698,  0.84346731,  0.84953092,
        0.85563812,  0.86178923,  0.86798455,  0.87422441,  0.88050913,
        0.88683903,  0.89321444,  0.89963568,  0.90610308,  0.91261697,
        0.91917769,  0.92578557,  0.93244096,  0.9391442 ,  0.94589562,
        0.95269558,  0.95954442,  0.9664425 ,  0.97339017,  0.98038778,
        0.9874357 ,  0.99453428,  1.0016839 ,  1.00888492,  1.0161377 ,
        1.02344262,  1.03080006,  1.03821038,  1.04567399,  1.05319124,
        1.06076254,  1.06838826,  1.07606881,  1.08380457,  1.09159594,
        1.09944333,  1.10734713,  1.11530774,  1.12332559,  1.13140108,
        1.13953462,  1.14772663,  1.15597753,  1.16428775,  1.17265771,
        1.18108784,  1.18957857,  1.19813034,  1.20674359,  1.21541877,
        1.2241563 ,  1.23295665,  1.24182026,  1.2507476 ,  1.25973911,
        1.26879526,  1.27791651,  1.28710334,  1.29635621,  1.3056756 ,
        1.31506198,  1.32451584,  1.33403767,  1.34362794,  1.35328716,
        1.36301582,  1.37281442,  1.38268346,  1.39262344,  1.40263489,
        1.4127183 ,  1.4228742 ,  1.43310312,  1.44340557,  1.45378208,
        1.46423319,  1.47475943,  1.48536134,  1.49603947,  1.50679436,
        1.51762657,  1.52853665,  1.53952516,  1.55059267,  1.56173974,
        1.57296694,  1.58427486,  1.59566407,  1.60713515,  1.6186887 ,
        1.63032531,  1.64204557,  1.65385009,  1.66573946,  1.67771431,
        1.68977525,  1.70192289,  1.71415786,  1.72648079,  1.7388923 ,
        1.75139304,  1.76398365,  1.77666476,  1.78943705,  1.80230115,
        1.81525773,  1.82830745,  1.84145099,  1.85468901,  1.8680222 ,
        1.88145125,  1.89497683,  1.90859965,  1.9223204 ,  1.93613978,
        1.95005852,  1.96407731,  1.97819688,  1.99241796,  2.00674127,
        2.02116756,  2.03569755,  2.05033199,  2.06507164,  2.07991726,
        2.09486959,  2.10992942,  2.12509751,  2.14037465,  2.15576161,
        2.17125918,  2.18686817,  2.20258936,  2.21842358,  2.23437163,
        2.25043432,  2.26661249,  2.28290696,  2.29931857,  2.31584817,
        2.33249659,  2.3492647 ,  2.36615335,  2.38316341,  2.40029575,
        2.41755126,  2.43493082,  2.45243532,  2.47006565,  2.48782273,
        2.50570746,  2.52372077,  2.54186357,  2.5601368 ,  2.57854139,
        2.59707829,  2.61574845,  2.63455283,  2.65349239,  2.6725681 ,
        2.69178096,  2.71113192,  2.73062201,  2.7502522 ,  2.77002352,
        2.78993696,  2.80999357,  2.83019436,  2.85054037,  2.87103264,
        2.89167224,  2.91246021,  2.93339762,  2.95448555,  2.97572508,
        2.9971173 ,  3.0186633 ,  3.0403642 ,  3.0622211 ,  3.08423513,
        3.10640742,  3.1287391 ,  3.15123132,  3.17388524,  3.19670201,
        3.21968282,  3.24282882,  3.26614123,  3.28962122,  3.31327001,
        3.33708881,  3.36107884,  3.38524133,  3.40957752,  3.43408867,
        3.45877602,  3.48364085,  3.50868442,  3.53390804,  3.55931298,
        3.58490056,  3.61067209,  3.63662888,  3.66277228,  3.68910362,
        3.71562425,  3.74233554,  3.76923885,  3.79633556,  3.82362708,
        3.85111479,  3.8788001 ,  3.90668444,  3.93476924,  3.96305594,
        3.99154599,  4.02024086,  4.049142  ,  4.07825092,  4.1075691 ,
        4.13709804,  4.16683926,  4.19679429,  4.22696467,  4.25735193,
        4.28795765,  4.31878339,  4.34983073,  4.38110127,  4.41259661,
        4.44431837,  4.47626817,  4.50844766,  4.54085848,  4.5735023 ,
        4.60638079,  4.63949565,  4.67284856,  4.70644125,  4.74027543,
        4.77435284,  4.80867523,  4.84324436,  4.87806201,  4.91312995,
        4.94845   ,  4.98402396,  5.01985365,  5.05594093,  5.09228763,
        5.12889562,  5.16576679,  5.20290302,  5.24030622,  5.27797831,
        5.31592121,  5.35413689,  5.3926273 ,  5.4313944 ,  5.47044021,
        5.50976671,  5.54937592,  5.58926988,  5.62945064,  5.66992025,
        5.71068079,  5.75173436,  5.79308306,  5.83472901,  5.87667434,
        5.91892122,  5.96147181,  6.00432829,  6.04749287,  6.09096774,
        6.13475516,  6.17885736,  6.22327661,  6.26801518,  6.31307537,
        6.3584595 ,  6.40416989,  6.45020889,  6.49657885,  6.54328217,
        6.59032123,  6.63769846,  6.68541627,  6.73347712,  6.78188348,
        6.83063783,  6.87974266,  6.92920051,  6.9790139 ,  7.0291854 ,
        7.07971758,  7.13061303,  7.18187436,  7.23350421,  7.28550521,
        7.33788005,  7.3906314 ,  7.44376199,  7.49727452,  7.55117174,
        7.60545643,  7.66013137,  7.71519936,  7.77066323,  7.82652583,
        7.88279001,  7.93945868,  7.99653472,  8.05402109,  8.11192072,
        8.17023658,  8.22897167,  8.288129  ,  8.34771161,  8.40772256,
        8.46816491,  8.52904178,  8.59035629,  8.65211159,  8.71431083,
        8.77695722,  8.84005398,  8.90360432,  8.96761153,  9.03207888,
        9.09700967,  9.16240725,  9.22827497,  9.2946162 ,  9.36143436,
        9.42873286,  9.49651517,  9.56478475,  9.63354513,  9.70279981,
        9.77255236,  9.84280635,  9.9135654 ,  9.98483312, 10.05661318,
       10.12890926, 10.20172507, 10.27506435, 10.34893086, 10.42332839,
       10.49826075, 10.5737318 , 10.6497454 , 10.72630545, 10.80341589,
       10.88108067, 10.95930377, 11.03808922, 11.11744104, 11.19736332,
       11.27786015, 11.35893566, 11.44059402, 11.52283942, 11.60567607,
       11.68910822, 11.77314016, 11.8577762 , 11.94302068, 12.02887798,
       12.11535249, 12.20244866, 12.29017096, 12.37852389, 12.46751197,
       12.55713979, 12.64741193, 12.73833303, 12.82990775, 12.9221408 ,
       13.0150369 , 13.10860082, 13.20283736, 13.29775137, 13.3933477 ,
       13.48963126, 13.586607  , 13.68427989, 13.78265494, 13.88173719,
       13.98153175, 14.08204371, 14.18327825, 14.28524055, 14.38793585,
       14.49136942, 14.59554656, 14.70047263, 14.80615299, 14.91259309,
       15.01979837, 15.12777434, 15.23652654, 15.34606055, 15.45638199,
       15.56749652, 15.67940984, 15.7921277 , 15.90565588, 16.0200002 ,
       16.13516653, 16.25116078, 16.3679889 , 16.48565689, 16.60417079,
       16.72353667, 16.84376066, 16.96484893, 17.08680769, 17.2096432 ,
       17.33336177, 17.45796974, 17.5834735 , 17.7098795 , 17.83719422]), 'n_transits_min': 2}
Transit Least Squares TLS 1.32 (5 Apr 2024)
Creating model cache for 40 durations
Searching 30811 data points, 500 periods from 0.5 to 17.837 days
Using all 32 CPU threads
07:46:15  INFO      tess_pipeline.transit.tls  Optimized T0 search: running coarse pass with 190 points...
07:46:16  INFO      tess_pipeline.transit.tls  Optimized T0 search: running fine pass with 300 points around T0=4187.1491...
07:46:16  INFO      tess_pipeline.transit.tls  TLS: period=10.959304 d, epoch=4187.1845, duration=0.93 h, depth=0.000776, SDE=8.34
07:46:16  INFO      tess_pipeline.transit.detection  Significant peak found (coarse SDE/SNR = 8.34 at 10.9593 d). Checking sub-harmonics for robustness...
07:46:16  INFO      tess_pipeline.transit.detection  Running TLS (period 3.6-3.7 d)
07:46:16  DEBUG     tess_pipeline.transit.tls  TLS search mode: narrow (osf=5, dur_step=1.10)
07:46:16  DEBUG     tess_pipeline.transit.tls  TLS kwargs: {'period_min': 3.5800392328050505, 'period_max': 3.726163283123624, 'duration_grid_step': 1.1, 'oversampling_factor': 5}
Transit Least Squares TLS 1.32 (5 Apr 2024)
Creating model cache for 29 durations
Searching 30811 data points, 92 periods from 3.581 to 3.726 days
Using all 32 CPU threads
07:46:26  INFO      tess_pipeline.transit.tls  Optimized T0 search: running coarse pass with 100 points...
07:46:26  INFO      tess_pipeline.transit.tls  Optimized T0 search: running fine pass with 300 points around T0=4181.0810...
07:46:27  INFO      tess_pipeline.transit.tls  TLS: period=3.629868 d, epoch=4181.0870, duration=0.66 h, depth=0.000366, SDE=2.94
07:46:27  INFO      tess_pipeline.transit.detection  Running TLS (period 5.4-5.6 d)
07:46:27  DEBUG     tess_pipeline.transit.tls  TLS search mode: narrow (osf=7, dur_step=1.10)
07:46:27  DEBUG     tess_pipeline.transit.tls  TLS kwargs: {'period_min': 5.370058849207576, 'period_max': 5.5892449246854365, 'duration_grid_step': 1.1, 'oversampling_factor': 7}
Transit Least Squares TLS 1.32 (5 Apr 2024)
Creating model cache for 29 durations
Searching 30811 data points, 112 periods from 5.371 to 5.588 days
Using all 32 CPU threads
07:46:36  INFO      tess_pipeline.transit.tls  Optimized T0 search: running coarse pass with 100 points...
07:46:36  INFO      tess_pipeline.transit.tls  Optimized T0 search: running fine pass with 300 points around T0=4179.3757...
07:46:37  INFO      tess_pipeline.transit.tls  TLS: period=5.403871 d, epoch=4179.3856, duration=0.76 h, depth=0.000413, SDE=3.12
07:46:37  INFO      tess_pipeline.transit.detection  Running TLS (period 10.7-11.2 d)
07:46:37  DEBUG     tess_pipeline.transit.tls  TLS search mode: narrow (osf=15, dur_step=1.10)
07:46:37  DEBUG     tess_pipeline.transit.tls  TLS kwargs: {'period_min': 10.740117698415151, 'period_max': 11.178489849370873, 'duration_grid_step': 1.1, 'oversampling_factor': 15}
Transit Least Squares TLS 1.32 (5 Apr 2024)
Creating model cache for 29 durations
Searching 30811 data points, 191 periods from 10.741 to 11.177 days
Using all 32 CPU threads
07:46:46  INFO      tess_pipeline.transit.tls  Optimized T0 search: running coarse pass with 184 points...
07:46:47  INFO      tess_pipeline.transit.tls  Optimized T0 search: running fine pass with 300 points around T0=4187.1654...
07:46:47  INFO      tess_pipeline.transit.tls  TLS: period=10.958147 d, epoch=4187.1863, duration=0.96 h, depth=0.000715, SDE=4.44
07:46:47  INFO      tess_pipeline.transit.detection  Harmonic resolution: selected fraction 1.00 (refined period=10.9581 d, SDE/SNR=5.06, max_sig was 5.06)
Planet 1 derived robust period: 10.95815 days (SNR: 5.06, via fraction 1.00 of initial peak 10.95930d)
07:46:47  INFO      tess_pipeline.transit.detection  Planet 1 found: Period = 10.958147 d, epoch = 4187.1863, SDE/SNR = 5.06
07:46:47  INFO      tess_pipeline.analysis.stages.period  Detections completed. Found 2 planet candidate(s).
07:46:48  INFO      tess_pipeline.analysis.session  Saved step plot: output_bayesian_sector_longest_3000_draws_4_chains/TIC 261369656/plots/03_tls_periodogram.png
07:46:48  INFO      tess_pipeline.analysis.session  Saved step plot: output_bayesian_sector_longest_3000_draws_4_chains/TIC 261369656/plots/tls_periodogram_coarse_p0.png
07:46:48  INFO      tess_pipeline.analysis.session  Saved step plot: output_bayesian_sector_longest_3000_draws_4_chains/TIC 261369656/plots/tls_periodogram_fine_p0.png
07:46:48  INFO      tess_pipeline.analysis.session  Saved step plot: output_bayesian_sector_longest_3000_draws_4_chains/TIC 261369656/plots/tls_periodogram_coarse_p1.png
07:46:48  INFO      tess_pipeline.analysis.session  Saved step plot: output_bayesian_sector_longest_3000_draws_4_chains/TIC 261369656/plots/tls_periodogram_fine_p1.png
07:46:48  INFO      tess_pipeline.analysis.session  Saved step plot: output_bayesian_sector_longest_3000_draws_4_chains/TIC 261369656/plots/04_phase.png
✓ Completed in 54.85 s

======================================================================
Step 8: Bayesian Transit Fit
======================================================================
07:46:48  INFO      tess_pipeline.analysis.stages.inference  Running Bayesian transit fit (exoplanet + PyMC)
07:46:48  INFO      tess_pipeline.analysis.stages.inference  Second candidate probability (21.7%) is below 75% threshold. Skipping multi-planet MCMC fit and proceeding with 1-planet model.
07:46:48  INFO      tess_pipeline.inference.bayesian  Building PyMC model (N=30955 points, 1 planets)
07:46:49  DEBUG     tess_pipeline.inference.gp  Using SHO GP kernel
07:46:49  INFO      tess_pipeline.inference.bayesian  Sampling: 4 chains × 3000 draws (tune=3000, target_accept=0.95)
                                                                                
                                  Step    Grad                                  
  Progress        Draw    Dive…   size    evals   Speed          Elap…   Rema…  
 ────────────────────────────────────────────────────────────────────────────── 
  ━━━━━━━━━━━━━   6000    0       0.057   31      1.44 draws/s   1:09…   0:00…  
  ━━━━━━━━━━━━━   6000    0       0.056   63      1.55 draws/s   1:04…   0:00…  
  ━━━━━━━━━━━━━   6000    0       0.054   63      1.44 draws/s   1:09…   0:00…  
  ━━━━━━━━━━━━━   6000    0       0.069   127     1.52 draws/s   1:06…   0:00…  
                                                                                
Computing ... ━━━━━━━━━━━━━━━━━━━━━━━━━━━━━━━━━━━━━━━━ 100% 0:00:00
08:58:03  INFO      tess_pipeline.inference.bayesian  Sampling complete
08:58:30  INFO      tess_pipeline.analysis.session  Saved step plot: output_bayesian_sector_longest_3000_draws_4_chains/TIC 261369656/plots/06_bayesian_fit.png
08:58:33  INFO      tess_pipeline.analysis.session  Saved step plot: output_bayesian_sector_longest_3000_draws_4_chains/TIC 261369656/plots/07_corner.png
08:58:34  INFO      tess_pipeline.analysis.session  Saved step plot: output_bayesian_sector_longest_3000_draws_4_chains/TIC 261369656/plots/08_trace.png
08:58:34  INFO      tess_pipeline.analysis.session  Saved step plot: output_bayesian_sector_longest_3000_draws_4_chains/TIC 261369656/plots/09_posterior_predictive.png
08:58:34  INFO      tess_pipeline.analysis.session  Saved step plot: output_bayesian_sector_longest_3000_draws_4_chains/TIC 261369656/plots/05_residuals.png
✓ Completed in 4305.99 s

======================================================================
Step 9: Derive Planet Parameters
======================================================================
✓ Completed in 0.10 s

======================================================================
Step 10: Check MCMC Convergence
======================================================================
08:58:37  INFO      tess_pipeline.inference.diagnostics  Convergence OK (R̂_max=1.0019, ESS_min=4889, divergences=0)
✓ Completed in 2.63 s

======================================================================
Step 11: Generate Figures
======================================================================
08:58:37  INFO      tess_pipeline.analysis.stages.visualization  Generating diagnostic figures
✓ Completed in 13.70 s

======================================================================
Step 12: Save Results
======================================================================
08:58:51  INFO      tess_pipeline.io.export  Saving results to output_bayesian_sector_longest_3000_draws_4_chains/TIC 261369656
08:58:51  DEBUG     tess_pipeline.io.export  Saved CSV: output_bayesian_sector_longest_3000_draws_4_chains/TIC 261369656/TIC261369656_summary.csv
08:58:51  DEBUG     tess_pipeline.io.export  Saved JSON: output_bayesian_sector_longest_3000_draws_4_chains/TIC 261369656/TIC261369656_metadata.json
08:58:51  DEBUG     tess_pipeline.io.export  Saved compressed posterior sample values: output_bayesian_sector_longest_3000_draws_4_chains/TIC 261369656/data_for_plots/posterior_samples.npz
08:58:51  DEBUG     tess_pipeline.io.export  Saved light curve FITS: output_bayesian_sector_longest_3000_draws_4_chains/TIC 261369656/TIC261369656_lightcurve.fits
08:58:51  DEBUG     tess_pipeline.io.export  Saved figure: output_bayesian_sector_longest_3000_draws_4_chains/TIC 261369656/plots/01_raw.png
08:58:51  DEBUG     tess_pipeline.io.export  Saved figure: output_bayesian_sector_longest_3000_draws_4_chains/TIC 261369656/plots/02_flat.png
08:58:52  DEBUG     tess_pipeline.io.export  Saved figure: output_bayesian_sector_longest_3000_draws_4_chains/TIC 261369656/plots/03_tls_periodogram.png
08:58:52  DEBUG     tess_pipeline.io.export  Saved figure: output_bayesian_sector_longest_3000_draws_4_chains/TIC 261369656/plots/03_tls_periodogram_coarse_p0.png
08:58:52  DEBUG     tess_pipeline.io.export  Saved figure: output_bayesian_sector_longest_3000_draws_4_chains/TIC 261369656/plots/03_tls_periodogram_fine_p0.png
08:58:52  DEBUG     tess_pipeline.io.export  Saved figure: output_bayesian_sector_longest_3000_draws_4_chains/TIC 261369656/plots/03_tls_periodogram_coarse_p1.png
08:58:52  DEBUG     tess_pipeline.io.export  Saved figure: output_bayesian_sector_longest_3000_draws_4_chains/TIC 261369656/plots/03_tls_periodogram_fine_p1.png
08:58:52  DEBUG     tess_pipeline.io.export  Saved figure: output_bayesian_sector_longest_3000_draws_4_chains/TIC 261369656/plots/04_phase_p0.png
08:58:52  DEBUG     tess_pipeline.io.export  Saved figure: output_bayesian_sector_longest_3000_draws_4_chains/TIC 261369656/plots/04_phase_p1.png
08:58:53  DEBUG     tess_pipeline.io.export  Saved figure: output_bayesian_sector_longest_3000_draws_4_chains/TIC 261369656/plots/05_residuals.png
08:58:53  DEBUG     tess_pipeline.io.export  Saved figure: output_bayesian_sector_longest_3000_draws_4_chains/TIC 261369656/plots/06_bayesian_fit.png
08:58:53  DEBUG     tess_pipeline.io.export  Saved figure: output_bayesian_sector_longest_3000_draws_4_chains/TIC 261369656/plots/10_gp_acf.png
08:58:54  DEBUG     tess_pipeline.io.export  Saved figure: output_bayesian_sector_longest_3000_draws_4_chains/TIC 261369656/plots/11_transit_stack_p0.png
08:58:54  DEBUG     tess_pipeline.io.export  Saved figure: output_bayesian_sector_longest_3000_draws_4_chains/TIC 261369656/plots/04_mcmc_phase_p0.png
08:58:55  DEBUG     tess_pipeline.io.export  Saved figure: output_bayesian_sector_longest_3000_draws_4_chains/TIC 261369656/plots/07_corner.png
08:58:56  DEBUG     tess_pipeline.io.export  Saved figure: output_bayesian_sector_longest_3000_draws_4_chains/TIC 261369656/plots/08_trace.png
08:58:56  DEBUG     tess_pipeline.io.export  Saved figure: output_bayesian_sector_longest_3000_draws_4_chains/TIC 261369656/plots/09_posterior_predictive.png
08:58:56  DEBUG     tess_pipeline.io.export  Saved periodogram data: output_bayesian_sector_longest_3000_draws_4_chains/TIC 261369656/data_for_plots/periodogram_data.npz
08:59:08  DEBUG     tess_pipeline.io.export  Saved lightcurve model data: output_bayesian_sector_longest_3000_draws_4_chains/TIC 261369656/data_for_plots/lightcurve_model_data.npz
08:59:08  DEBUG     tess_pipeline.io.export  Saved recreate script: output_bayesian_sector_longest_3000_draws_4_chains/TIC 261369656/recreate_plots.py
08:59:08  INFO      tess_pipeline.io.export  Saved HTML Report: output_bayesian_sector_longest_3000_draws_4_chains/TIC 261369656/report.html
08:59:16  INFO      tess_pipeline.io.report  PDF report saved: output_bayesian_sector_longest_3000_draws_4_chains/TIC 261369656/TIC261369656_report.pdf
08:59:16  INFO      tess_pipeline.io.export  Export complete: output_bayesian_sector_longest_3000_draws_4_chains/TIC 261369656
✓ Completed in 25.25 s


================================================================================
PIPELINE SUMMARY
================================================================================
Detected Period : 10.958606 d
Epoch           : 4187.139772
Depth           : 0.003049
Duration        : 1.07 hr
SDE             : 1.19
SNR             : 23.59

Output Directory : output_bayesian_sector_longest_3000_draws_4_chains
Total Runtime    : 73.88 minutes

✓ Pipeline completed successfully.


Running pipeline for TIC 469782185...


================================================================================
TESS EXOPLANET PIPELINE
================================================================================
Target      : TIC 469782185
Mode        : science
Search      : TLS
Backend     : exoplanet/PyMC
Output      : output_bayesian_sector_longest_3000_draws_4_chains
================================================================================

======================================================================
Step 1: Resolve Target
======================================================================
08:59:16  INFO      tess_pipeline.analysis.stages.target  Resolving target: TIC 469782185
08:59:16  DEBUG     tess_pipeline.data.metadata  Resolved 'TIC 469782185' to TIC 469782185
08:59:16  INFO      tess_pipeline.catalogs.nasa_archive  Using local NASA archive CSV /mnt/home/project/cnitesh/nitesh/tess_exoplanet_pipeline/data/TOI_2026.06.28_09.42.00.csv for TIC 469782185 (matched 1 row(s))
08:59:16  INFO      tess_pipeline.data.metadata  Loaded coordinates for TIC 469782185 from local archive
08:59:16  INFO      tess_pipeline.analysis.stages.target  Resolved to TIC 469782185
✓ Completed in 0.02 s

======================================================================
Step 2: Query NASA Exoplanet Archive
======================================================================
08:59:16  INFO      tess_pipeline.analysis.stages.period  Querying NASA Exoplanet Archive for TIC 469782185
08:59:16  INFO      tess_pipeline.analysis.stages.period  Archive periods found: 1 planets (Primary: 1.209280 d)
✓ Completed in 0.01 s

======================================================================
Step 4: Characterize Host Star
======================================================================
08:59:16  INFO      tess_pipeline.analysis.stages.stellar  Querying Gaia DR3
08:59:19  WARNING   tess_pipeline.catalogs.gaia  Gaia DR3: r_star not available for this source
08:59:19  INFO      tess_pipeline.analysis.stages.stellar  Parameters ['r_star'] missing in Gaia DR3; checking local NASA TOI archive
08:59:19  INFO      tess_pipeline.catalogs.nasa_archive  Using local NASA archive CSV /mnt/home/project/cnitesh/nitesh/tess_exoplanet_pipeline/data/TOI_2026.06.28_09.42.00.csv for TIC 469782185 (matched 1 row(s))
08:59:19  INFO      tess_pipeline.analysis.stages.stellar  Retrieved r_star = 1.2700000 from local NASA archive
08:59:19  INFO      tess_pipeline.analysis.stages.stellar  Running stellar characterization (gaia_only)
08:59:19  DEBUG     tess_pipeline.catalogs.stellar  Querying VizieR TIC v8.2 via vizier.cds.unistra.fr
08:59:20  INFO      tess_pipeline.catalogs.stellar  VizieR TIC v8.2 query succeeded via vizier.cds.unistra.fr
08:59:20  INFO      tess_pipeline.catalogs.stellar  VizieR (TIC8.2) query successful: Teff=5471.0, logg=4.23199987411499, feh=None, r_star=1.242, m_star=0.9599999785423279, parallax=None
08:59:20  INFO      tess_pipeline.catalogs.stellar  Querying SIMBAD TAP for TIC 469782185 measurements
08:59:21  INFO      tess_pipeline.catalogs.stellar  Querying SIMBAD TAP at coordinates RA=292.39150145293, DEC=-37.304008641076145 for measurements
08:59:21  INFO      tess_pipeline.catalogs.stellar  SIMBAD query successful: Teff=None, logg=None, feh=None, parallax=6.0709
✓ Completed in 5.16 s

======================================================================
Step 5: Download TESS Light Curves
======================================================================
08:59:21  INFO      tess_pipeline.analysis.stages.lightcurve  Downloading TESS data for TIC 469782185
08:59:21  INFO      tess_pipeline.data.download  [download] Starting download for TIC 469782185 (author=SPOC, cadence=120, sectors=longest, force_download=False)
08:59:33  INFO      tess_pipeline.data.download  [download] Found 2 available sector(s): [67, 94]
08:59:33  INFO      tess_pipeline.data.download  [download] Selected sectors for analysis: [67]
08:59:33  INFO      tess_pipeline.data.download  [download] Downloading 1 selected sector(s) from MAST
08:59:36  INFO      tess_pipeline.data.download  [fits] Step 1/4: normalizing FITS paths
08:59:36  INFO      tess_pipeline.data.download  [fits] Step 2/4: 1 FITS file(s) queued
08:59:36  INFO      tess_pipeline.data.download  [fits] Step 3/4: reading file 1/1: data/fits/tess2023181235917-s0067-0000000469782185-0261-s_lc.fits
08:59:37  INFO      tess_pipeline.data.download  [fits] Step 4/4: loaded 1 light curve(s) from local FITS in 0.1s
08:59:37  INFO      tess_pipeline.data.download  [download] Completed TIC 469782185 download in 15.2s (1 sector file(s))
08:59:37  INFO      tess_pipeline.analysis.stages.lightcurve  Loaded light curves for sector(s): [67]
✓ Completed in 15.19 s

======================================================================
Step 6: Preprocess Light Curves
======================================================================
08:59:37  INFO      tess_pipeline.analysis.stages.lightcurve  Preprocessing light curves
08:59:37  INFO      tess_pipeline.data.preprocess  Saving diagnostic plots to directory: output_bayesian_sector_longest_3000_draws_4_chains/TIC 469782185/plots
08:59:37  INFO      tess_pipeline.data.preprocess  Dynamic mask width calculated: 0.128 days for P = 1.21 d
08:59:38  DEBUG     tess_pipeline.data.preprocess  Stitched 1 sectors -> 14014 cadences
08:59:38  INFO      tess_pipeline.data.preprocess  Preprocessing complete: 14014 cadences remain
08:59:38  INFO      tess_pipeline.data.preprocess  Saved final stitched visualization to output_bayesian_sector_longest_3000_draws_4_chains/TIC 469782185/plots/final_stitched_preprocessing.png
08:59:39  INFO      tess_pipeline.analysis.session  Saved step plot: output_bayesian_sector_longest_3000_draws_4_chains/TIC 469782185/plots/01_raw.png
08:59:39  INFO      tess_pipeline.analysis.session  Saved step plot: output_bayesian_sector_longest_3000_draws_4_chains/TIC 469782185/plots/02_flat.png
✓ Completed in 2.33 s

======================================================================
Step 7: Search for Transit Signals
======================================================================
08:59:39  INFO      tess_pipeline.analysis.stages.period  Archive period found for Planet 1: 1.209280 d; refining...
08:59:39  INFO      tess_pipeline.transit.detection  Running TLS (period 1.2-1.2 d)
08:59:39  DEBUG     tess_pipeline.transit.tls  TLS search mode: narrow (osf=37, dur_step=1.10)
08:59:39  DEBUG     tess_pipeline.transit.tls  TLS kwargs: {'period_min': 1.20686144, 'period_max': 1.2116985599999999, 'duration_grid_step': 1.1, 'oversampling_factor': 37}
Transit Least Squares TLS 1.32 (5 Apr 2024)
Creating model cache for 21 durations
Searching 14014 data points, 44 periods from 1.207 to 1.212 days
Using all 32 CPU threads
08:59:47  INFO      tess_pipeline.transit.tls  Optimized T0 search: running coarse pass with 100 points...
08:59:47  INFO      tess_pipeline.transit.tls  Optimized T0 search: running fine pass with 300 points around T0=3127.3440...
08:59:48  INFO      tess_pipeline.transit.tls  TLS: period=1.209359 d, epoch=3127.3473, duration=1.24 h, depth=0.011105, SDE=1.39
08:59:48  INFO      tess_pipeline.analysis.stages.period  Searching for 1 additional planet(s) in residuals...
08:59:48  INFO      tess_pipeline.transit.detection  Capping period_max 100.0 → 8.1 d (3-transit requirement over 24 d baseline)
08:59:48  INFO      tess_pipeline.transit.detection  Searching for Planet 1 candidate (coarse search)...
08:59:48  INFO      tess_pipeline.transit.detection  Running TLS (period 0.5-8.1 d)
08:59:48  DEBUG     tess_pipeline.transit.tls  TLS search mode: broad (osf=None, dur_step=1.10)
08:59:48  DEBUG     tess_pipeline.transit.tls  TLS kwargs: {'period_min': 0.5, 'period_max': 8.067557022257157, 'duration_grid_step': 1.1, 'period_grid': array([0.5       , 0.50279435, 0.50560432, 0.50842999, 0.51127145,
       0.5141288 , 0.51700211, 0.51989148, 0.522797  , 0.52571875,
       0.52865684, 0.53161134, 0.53458236, 0.53756998, 0.5405743 ,
       0.54359541, 0.5466334 , 0.54968837, 0.55276041, 0.55584962,
       0.5589561 , 0.56207994, 0.56522124, 0.56838009, 0.5715566 ,
       0.57475085, 0.57796297, 0.58119303, 0.58444114, 0.58770741,
       0.59099193, 0.59429481, 0.59761614, 0.60095604, 0.6043146 ,
       0.60769194, 0.61108815, 0.61450333, 0.61793761, 0.62139108,
       0.62486385, 0.62835602, 0.63186772, 0.63539904, 0.63895009,
       0.64252099, 0.64611185, 0.64972278, 0.65335388, 0.65700528,
       0.66067709, 0.66436942, 0.66808238, 0.67181609, 0.67557067,
       0.67934623, 0.6831429 , 0.68696078, 0.69079999, 0.69466067,
       0.69854292, 0.70244687, 0.70637263, 0.71032034, 0.71429011,
       0.71828206, 0.72229632, 0.72633302, 0.73039228, 0.73447422,
       0.73857898, 0.74270668, 0.74685744, 0.75103141, 0.7552287 ,
       0.75944944, 0.76369378, 0.76796184, 0.77225374, 0.77656964,
       0.78090965, 0.78527393, 0.78966259, 0.79407577, 0.79851363,
       0.80297628, 0.80746387, 0.81197655, 0.81651444, 0.8210777 ,
       0.82566646, 0.83028086, 0.83492105, 0.83958717, 0.84427938,
       0.8489978 , 0.85374259, 0.85851391, 0.86331188, 0.86813668,
       0.87298843, 0.8778673 , 0.88277344, 0.887707  , 0.89266813,
       0.89765698, 0.90267372, 0.90771849, 0.91279146, 0.91789278,
       0.92302261, 0.9281811 , 0.93336843, 0.93858475, 0.94383022,
       0.949105  , 0.95440927, 0.95974317, 0.96510689, 0.97050058,
       0.97592442, 0.98137857, 0.9868632 , 0.99237849, 0.99792459,
       1.0035017 , 1.00910997, 1.01474958, 1.02042071, 1.02612354,
       1.03185824, 1.03762498, 1.04342396, 1.04925534, 1.05511932,
       1.06101606, 1.06694576, 1.07290861, 1.07890477, 1.08493445,
       1.09099782, 1.09709508, 1.10322642, 1.10939202, 1.11559208,
       1.12182679, 1.12809635, 1.13440094, 1.14074077, 1.14711602,
       1.15352691, 1.15997363, 1.16645638, 1.17297535, 1.17953076,
       1.1861228 , 1.19275169, 1.19941762, 1.20612081, 1.21286146,
       1.21963978, 1.22645598, 1.23331028, 1.24020288, 1.247134  ,
       1.25410386, 1.26111267, 1.26816065, 1.27524802, 1.282375  ,
       1.28954181, 1.29674868, 1.30399582, 1.31128346, 1.31861183,
       1.32598116, 1.33339167, 1.3408436 , 1.34833717, 1.35587262,
       1.36345019, 1.37107011, 1.37873261, 1.38643793, 1.39418632,
       1.40197801, 1.40981324, 1.41769227, 1.42561533, 1.43358266,
       1.44159453, 1.44965117, 1.45775284, 1.46589978, 1.47409226,
       1.48233052, 1.49061482, 1.49894542, 1.50732258, 1.51574655,
       1.52421761, 1.532736  , 1.54130201, 1.54991588, 1.5585779 ,
       1.56728832, 1.57604743, 1.58485549, 1.59371277, 1.60261956,
       1.61157612, 1.62058273, 1.62963969, 1.63874725, 1.64790572,
       1.65711537, 1.6663765 , 1.67568938, 1.6850543 , 1.69447157,
       1.70394146, 1.71346428, 1.72304032, 1.73266988, 1.74235325,
       1.75209074, 1.76188265, 1.77172929, 1.78163096, 1.79158796,
       1.80160061, 1.81166921, 1.82179409, 1.83197555, 1.84221392,
       1.8525095 , 1.86286262, 1.8732736 , 1.88374277, 1.89427044,
       1.90485696, 1.91550263, 1.9262078 , 1.9369728 , 1.94779796,
       1.95868362, 1.96963012, 1.98063779, 1.99170699, 2.00283804,
       2.0140313 , 2.02528712, 2.03660585, 2.04798783, 2.05943342,
       2.07094298, 2.08251686, 2.09415542, 2.10585903, 2.11762805,
       2.12946284, 2.14136377, 2.15333121, 2.16536553, 2.17746711,
       2.18963632, 2.20187355, 2.21417916, 2.22655355, 2.23899709,
       2.25151017, 2.26409319, 2.27674653, 2.28947058, 2.30226575,
       2.31513243, 2.32807101, 2.3410819 , 2.35416551, 2.36732223,
       2.38055249, 2.39385669, 2.40723524, 2.42068855, 2.43421706,
       2.44782117, 2.46150131, 2.4752579 , 2.48909138, 2.50300217,
       2.5169907 , 2.53105741, 2.54520273, 2.55942711, 2.57373098,
       2.58811479, 2.60257899, 2.61712403, 2.63175035, 2.64645841,
       2.66124868, 2.6761216 , 2.69107765, 2.70611727, 2.72124095,
       2.73644916, 2.75174235, 2.76712102, 2.78258563, 2.79813667,
       2.81377462, 2.82949996, 2.84531319, 2.86121479, 2.87720527,
       2.89328511, 2.90945481, 2.92571489, 2.94206583, 2.95850816,
       2.97504237, 2.991669  , 3.00838854, 3.02520152, 3.04210847,
       3.0591099 , 3.07620635, 3.09339835, 3.11068643, 3.12807113,
       3.14555298, 3.16313253, 3.18081034, 3.19858693, 3.21646288,
       3.23443873, 3.25251504, 3.27069237, 3.28897129, 3.30735237,
       3.32583618, 3.34442328, 3.36311426, 3.3819097 , 3.40081018,
       3.41981629, 3.43892862, 3.45814777, 3.47747432, 3.49690888,
       3.51645206, 3.53610446, 3.55586669, 3.57573937, 3.5957231 ,
       3.61581853, 3.63602625, 3.65634692, 3.67678115, 3.69732958,
       3.71799285, 3.7387716 , 3.75966647, 3.78067812, 3.8018072 ,
       3.82305437, 3.84442027, 3.86590559, 3.88751098, 3.90923712,
       3.93108467, 3.95305433, 3.97514677, 3.99736267, 4.01970274,
       4.04216765, 4.06475812, 4.08747484, 4.11031851, 4.13328985,
       4.15638957, 4.17961839, 4.20297703, 4.22646621, 4.25008667,
       4.27383913, 4.29772434, 4.32174303, 4.34589596, 4.37018388,
       4.39460753, 4.41916767, 4.44386508, 4.46870051, 4.49367474,
       4.51878855, 4.54404271, 4.569438  , 4.59497522, 4.62065517,
       4.64647863, 4.67244641, 4.69855931, 4.72481815, 4.75122375,
       4.77777692, 4.80447848, 4.83132928, 4.85833013, 4.88548189,
       4.91278538, 4.94024147, 4.967851  , 4.99561484, 5.02353383,
       5.05160886, 5.07984079, 5.1082305 , 5.13677888, 5.1654868 ,
       5.19435516, 5.22338486, 5.25257679, 5.28193187, 5.31145101,
       5.34113512, 5.37098513, 5.40100196, 5.43118654, 5.46153982,
       5.49206273, 5.52275623, 5.55362126, 5.58465879, 5.61586978,
       5.64725519, 5.67881601, 5.71055322, 5.74246779, 5.77456073,
       5.80683302, 5.83928567, 5.87191969, 5.9047361 , 5.9377359 ,
       5.97092013, 6.00428982, 6.037846  , 6.07158971, 6.10552201,
       6.13964395, 6.17395658, 6.20846098, 6.24315821, 6.27804935,
       6.31313549, 6.34841772, 6.38389713, 6.41957482, 6.4554519 ,
       6.49152949, 6.52780871, 6.56429068, 6.60097654, 6.63786742,
       6.67496448, 6.71226886, 6.74978172, 6.78750423, 6.82543756,
       6.86358289, 6.9019414 , 6.94051429, 6.97930275, 7.01830799,
       7.05753121, 7.09697364, 7.1366365 , 7.17652103, 7.21662846,
       7.25696004, 7.29751702, 7.33830066, 7.37931223, 7.42055299,
       7.46202425, 7.50372727, 7.54566336, 7.58783381, 7.63023994,
       7.67288307, 7.71576452, 7.75888562, 7.80224771, 7.84585214,
       7.88970026, 7.93379344, 7.97813304, 8.02272044, 8.06755702]), 'n_transits_min': 2}
Transit Least Squares TLS 1.32 (5 Apr 2024)
Creating model cache for 34 durations
Searching 13118 data points, 500 periods from 0.5 to 8.068 days
Using all 32 CPU threads
08:59:56  INFO      tess_pipeline.transit.tls  Optimized T0 search: running coarse pass with 100 points...
08:59:56  INFO      tess_pipeline.transit.tls  Optimized T0 search: running fine pass with 300 points around T0=3127.1226...
08:59:57  INFO      tess_pipeline.transit.tls  TLS: period=1.958684 d, epoch=3127.1080, duration=0.29 h, depth=0.000299, SDE=5.18
08:59:57  INFO      tess_pipeline.transit.detection  Significant peak found (coarse SDE/SNR = 5.18 at 1.9587 d). Checking sub-harmonics for robustness...
08:59:57  INFO      tess_pipeline.transit.detection  Running TLS (period 0.6-0.7 d)
08:59:57  DEBUG     tess_pipeline.transit.tls  TLS search mode: narrow (osf=3, dur_step=1.10)
08:59:57  DEBUG     tess_pipeline.transit.tls  TLS kwargs: {'period_min': 0.6398366503367052, 'period_max': 0.6659524319831014, 'duration_grid_step': 1.1, 'oversampling_factor': 3}
Transit Least Squares TLS 1.32 (5 Apr 2024)
Creating model cache for 17 durations
Searching 13118 data points, 44 periods from 0.64 to 0.665 days
Using all 32 CPU threads
09:00:05  INFO      tess_pipeline.transit.tls  Optimized T0 search: running coarse pass with 100 points...
09:00:05  INFO      tess_pipeline.transit.tls  Optimized T0 search: running fine pass with 300 points around T0=3126.9579...
09:00:06  INFO      tess_pipeline.transit.tls  TLS: period=0.653395 d, epoch=3126.9592, duration=0.40 h, depth=0.000112, SDE=2.61
09:00:06  INFO      tess_pipeline.transit.detection  Running TLS (period 1.0-1.0 d)
09:00:06  DEBUG     tess_pipeline.transit.tls  TLS search mode: narrow (osf=3, dur_step=1.10)
09:00:06  DEBUG     tess_pipeline.transit.tls  TLS kwargs: {'period_min': 0.959754975505058, 'period_max': 0.9989286479746521, 'duration_grid_step': 1.1, 'oversampling_factor': 3}
Transit Least Squares TLS 1.32 (5 Apr 2024)
Creating model cache for 20 durations
Searching 13118 data points, 39 periods from 0.96 to 0.999 days
Using all 32 CPU threads
09:00:14  INFO      tess_pipeline.transit.tls  Optimized T0 search: running coarse pass with 100 points...
09:00:14  INFO      tess_pipeline.transit.tls  Optimized T0 search: running fine pass with 300 points around T0=3127.0529...
09:00:14  INFO      tess_pipeline.transit.tls  TLS: period=0.978393 d, epoch=3127.0505, duration=0.41 h, depth=0.000132, SDE=3.00
09:00:14  INFO      tess_pipeline.transit.detection  Running TLS (period 1.9-2.0 d)
09:00:14  DEBUG     tess_pipeline.transit.tls  TLS search mode: narrow (osf=6, dur_step=1.10)
09:00:14  DEBUG     tess_pipeline.transit.tls  TLS kwargs: {'period_min': 1.919509951010116, 'period_max': 1.9978572959493042, 'duration_grid_step': 1.1, 'oversampling_factor': 6}
Transit Least Squares TLS 1.32 (5 Apr 2024)
Creating model cache for 25 durations
Searching 13118 data points, 62 periods from 1.92 to 1.998 days
Using all 32 CPU threads
09:00:22  INFO      tess_pipeline.transit.tls  Optimized T0 search: running coarse pass with 100 points...
09:00:22  INFO      tess_pipeline.transit.tls  Optimized T0 search: running fine pass with 300 points around T0=3127.1226...
09:00:23  INFO      tess_pipeline.transit.tls  TLS: period=1.959017 d, epoch=3127.1146, duration=0.54 h, depth=0.000327, SDE=3.93
09:00:23  INFO      tess_pipeline.transit.detection  Running TLS (period 3.8-4.0 d)
09:00:23  DEBUG     tess_pipeline.transit.tls  TLS search mode: narrow (osf=12, dur_step=1.10)
09:00:23  DEBUG     tess_pipeline.transit.tls  TLS kwargs: {'period_min': 3.839019902020232, 'period_max': 3.9957145918986083, 'duration_grid_step': 1.1, 'oversampling_factor': 12}
Transit Least Squares TLS 1.32 (5 Apr 2024)
Creating model cache for 29 durations
Searching 13118 data points, 98 periods from 3.839 to 3.995 days
Using all 32 CPU threads
09:00:31  INFO      tess_pipeline.transit.tls  Optimized T0 search: running coarse pass with 100 points...
09:00:31  INFO      tess_pipeline.transit.tls  Optimized T0 search: running fine pass with 300 points around T0=3127.1924...
09:00:32  INFO      tess_pipeline.transit.tls  TLS: period=3.851581 d, epoch=3127.1784, duration=0.58 h, depth=0.000418, SDE=3.26
09:00:32  INFO      tess_pipeline.transit.detection  Running TLS (period 5.8-6.0 d)
09:00:32  DEBUG     tess_pipeline.transit.tls  TLS search mode: narrow (osf=18, dur_step=1.10)
09:00:32  DEBUG     tess_pipeline.transit.tls  TLS kwargs: {'period_min': 5.758529853030347, 'period_max': 5.993571887847913, 'duration_grid_step': 1.1, 'oversampling_factor': 18}
Transit Least Squares TLS 1.32 (5 Apr 2024)
Creating model cache for 29 durations
Searching 13118 data points, 128 periods from 5.76 to 5.993 days
Using all 32 CPU threads
09:00:40  INFO      tess_pipeline.transit.tls  Optimized T0 search: running coarse pass with 154 points...
09:00:40  INFO      tess_pipeline.transit.tls  Optimized T0 search: running fine pass with 300 points around T0=3127.1083...
09:00:41  INFO      tess_pipeline.transit.tls  TLS: period=5.872050 d, epoch=3127.1178, duration=0.62 h, depth=0.000486, SDE=3.51
09:00:41  INFO      tess_pipeline.transit.detection  Harmonic resolution: selected fraction 1.00 (refined period=1.9590 d, SDE/SNR=3.93, max_sig was 3.93)
Planet 1 derived robust period: 1.95902 days (SNR: 3.93, via fraction 1.00 of initial peak 1.95868d)
09:00:41  INFO      tess_pipeline.transit.detection  Planet 1 found: Period = 1.959017 d, epoch = 3127.1146, SDE/SNR = 3.93
09:00:41  INFO      tess_pipeline.analysis.stages.period  Detections completed. Found 2 planet candidate(s).
09:00:41  INFO      tess_pipeline.analysis.session  Saved step plot: output_bayesian_sector_longest_3000_draws_4_chains/TIC 469782185/plots/03_tls_periodogram.png
09:00:41  INFO      tess_pipeline.analysis.session  Saved step plot: output_bayesian_sector_longest_3000_draws_4_chains/TIC 469782185/plots/tls_periodogram_coarse_p0.png
09:00:41  INFO      tess_pipeline.analysis.session  Saved step plot: output_bayesian_sector_longest_3000_draws_4_chains/TIC 469782185/plots/tls_periodogram_fine_p0.png
09:00:41  INFO      tess_pipeline.analysis.session  Saved step plot: output_bayesian_sector_longest_3000_draws_4_chains/TIC 469782185/plots/tls_periodogram_coarse_p1.png
09:00:42  INFO      tess_pipeline.analysis.session  Saved step plot: output_bayesian_sector_longest_3000_draws_4_chains/TIC 469782185/plots/tls_periodogram_fine_p1.png
09:00:42  INFO      tess_pipeline.analysis.session  Saved step plot: output_bayesian_sector_longest_3000_draws_4_chains/TIC 469782185/plots/04_phase.png
✓ Completed in 62.89 s

======================================================================
Step 8: Bayesian Transit Fit
======================================================================
09:00:42  INFO      tess_pipeline.analysis.stages.inference  Running Bayesian transit fit (exoplanet + PyMC)
09:00:42  INFO      tess_pipeline.analysis.stages.inference  Second candidate probability (17.7%) is below 75% threshold. Skipping multi-planet MCMC fit and proceeding with 1-planet model.
09:00:42  INFO      tess_pipeline.inference.bayesian  Building PyMC model (N=14014 points, 1 planets)
09:00:42  DEBUG     tess_pipeline.inference.gp  Using SHO GP kernel
09:00:42  INFO      tess_pipeline.inference.bayesian  Sampling: 4 chains × 3000 draws (tune=3000, target_accept=0.95)
                                                                                
                                  Step    Grad                                  
  Progress        Draw    Dive…   size    evals   Speed          Elap…   Rema…  
 ────────────────────────────────────────────────────────────────────────────── 
  ━━━━━━━━━━━━━   6000    0       0.010   511     1.86 s/draw    3:05…   0:00…  
  ━━━━━━━━━━━━━   6000    0       0.008   511     2.00 s/draw    3:19…   0:00…  
  ━━━━━━━━━━━━━   6000    13      0.008   255     1.88 s/draw    3:08…   0:00…  
  ━━━━━━━━━━━━━   6000    0       0.008   511     1.91 s/draw    3:10…   0:00…  
                                                                                
Computing ... ━━━━━━━━━━━━━━━━━━━━━━━━━━━━━━━━━━━━━━━━ 100% 0:00:00
12:21:59  INFO      tess_pipeline.inference.bayesian  Sampling complete
12:22:11  INFO      tess_pipeline.analysis.session  Saved step plot: output_bayesian_sector_longest_3000_draws_4_chains/TIC 469782185/plots/06_bayesian_fit.png
12:22:14  INFO      tess_pipeline.analysis.session  Saved step plot: output_bayesian_sector_longest_3000_draws_4_chains/TIC 469782185/plots/07_corner.png
12:22:15  INFO      tess_pipeline.analysis.session  Saved step plot: output_bayesian_sector_longest_3000_draws_4_chains/TIC 469782185/plots/08_trace.png
12:22:15  INFO      tess_pipeline.analysis.session  Saved step plot: output_bayesian_sector_longest_3000_draws_4_chains/TIC 469782185/plots/09_posterior_predictive.png
12:22:16  INFO      tess_pipeline.analysis.session  Saved step plot: output_bayesian_sector_longest_3000_draws_4_chains/TIC 469782185/plots/05_residuals.png
✓ Completed in 12093.89 s

======================================================================
Step 9: Derive Planet Parameters
======================================================================
✓ Completed in 0.10 s

======================================================================
Step 10: Check MCMC Convergence
======================================================================
12:22:18  WARNING   tess_pipeline.inference.diagnostics  Convergence issues detected (see ConvergenceWarning)
✓ Completed in 2.60 s

======================================================================
Step 11: Generate Figures
======================================================================
12:22:18  INFO      tess_pipeline.analysis.stages.visualization  Generating diagnostic figures
✓ Completed in 7.21 s

======================================================================
Step 12: Save Results
======================================================================
12:22:26  INFO      tess_pipeline.io.export  Saving results to output_bayesian_sector_longest_3000_draws_4_chains/TIC 469782185
12:22:26  DEBUG     tess_pipeline.io.export  Saved CSV: output_bayesian_sector_longest_3000_draws_4_chains/TIC 469782185/TIC469782185_summary.csv
12:22:26  DEBUG     tess_pipeline.io.export  Saved JSON: output_bayesian_sector_longest_3000_draws_4_chains/TIC 469782185/TIC469782185_metadata.json
12:22:26  DEBUG     tess_pipeline.io.export  Saved compressed posterior sample values: output_bayesian_sector_longest_3000_draws_4_chains/TIC 469782185/data_for_plots/posterior_samples.npz
12:22:26  DEBUG     tess_pipeline.io.export  Saved light curve FITS: output_bayesian_sector_longest_3000_draws_4_chains/TIC 469782185/TIC469782185_lightcurve.fits
12:22:26  DEBUG     tess_pipeline.io.export  Saved figure: output_bayesian_sector_longest_3000_draws_4_chains/TIC 469782185/plots/01_raw.png
12:22:26  DEBUG     tess_pipeline.io.export  Saved figure: output_bayesian_sector_longest_3000_draws_4_chains/TIC 469782185/plots/02_flat.png
12:22:26  DEBUG     tess_pipeline.io.export  Saved figure: output_bayesian_sector_longest_3000_draws_4_chains/TIC 469782185/plots/03_tls_periodogram.png
12:22:26  DEBUG     tess_pipeline.io.export  Saved figure: output_bayesian_sector_longest_3000_draws_4_chains/TIC 469782185/plots/03_tls_periodogram_coarse_p0.png
12:22:27  DEBUG     tess_pipeline.io.export  Saved figure: output_bayesian_sector_longest_3000_draws_4_chains/TIC 469782185/plots/03_tls_periodogram_fine_p0.png
12:22:27  DEBUG     tess_pipeline.io.export  Saved figure: output_bayesian_sector_longest_3000_draws_4_chains/TIC 469782185/plots/03_tls_periodogram_coarse_p1.png
12:22:27  DEBUG     tess_pipeline.io.export  Saved figure: output_bayesian_sector_longest_3000_draws_4_chains/TIC 469782185/plots/03_tls_periodogram_fine_p1.png
12:22:27  DEBUG     tess_pipeline.io.export  Saved figure: output_bayesian_sector_longest_3000_draws_4_chains/TIC 469782185/plots/04_phase_p0.png
12:22:27  DEBUG     tess_pipeline.io.export  Saved figure: output_bayesian_sector_longest_3000_draws_4_chains/TIC 469782185/plots/04_phase_p1.png
12:22:27  DEBUG     tess_pipeline.io.export  Saved figure: output_bayesian_sector_longest_3000_draws_4_chains/TIC 469782185/plots/05_residuals.png
12:22:28  DEBUG     tess_pipeline.io.export  Saved figure: output_bayesian_sector_longest_3000_draws_4_chains/TIC 469782185/plots/06_bayesian_fit.png
12:22:28  DEBUG     tess_pipeline.io.export  Saved figure: output_bayesian_sector_longest_3000_draws_4_chains/TIC 469782185/plots/10_gp_acf.png
12:22:28  DEBUG     tess_pipeline.io.export  Saved figure: output_bayesian_sector_longest_3000_draws_4_chains/TIC 469782185/plots/11_transit_stack_p0.png
12:22:28  DEBUG     tess_pipeline.io.export  Saved figure: output_bayesian_sector_longest_3000_draws_4_chains/TIC 469782185/plots/04_mcmc_phase_p0.png
12:22:29  DEBUG     tess_pipeline.io.export  Saved figure: output_bayesian_sector_longest_3000_draws_4_chains/TIC 469782185/plots/07_corner.png
12:22:30  DEBUG     tess_pipeline.io.export  Saved figure: output_bayesian_sector_longest_3000_draws_4_chains/TIC 469782185/plots/08_trace.png
12:22:30  DEBUG     tess_pipeline.io.export  Saved figure: output_bayesian_sector_longest_3000_draws_4_chains/TIC 469782185/plots/09_posterior_predictive.png
12:22:30  DEBUG     tess_pipeline.io.export  Saved periodogram data: output_bayesian_sector_longest_3000_draws_4_chains/TIC 469782185/data_for_plots/periodogram_data.npz
12:22:35  DEBUG     tess_pipeline.io.export  Saved lightcurve model data: output_bayesian_sector_longest_3000_draws_4_chains/TIC 469782185/data_for_plots/lightcurve_model_data.npz
12:22:35  DEBUG     tess_pipeline.io.export  Saved recreate script: output_bayesian_sector_longest_3000_draws_4_chains/TIC 469782185/recreate_plots.py
12:22:35  INFO      tess_pipeline.io.export  Saved HTML Report: output_bayesian_sector_longest_3000_draws_4_chains/TIC 469782185/report.html
12:22:44  INFO      tess_pipeline.io.report  PDF report saved: output_bayesian_sector_longest_3000_draws_4_chains/TIC 469782185/TIC469782185_report.pdf
12:22:44  INFO      tess_pipeline.io.export  Export complete: output_bayesian_sector_longest_3000_draws_4_chains/TIC 469782185
✓ Completed in 18.28 s


================================================================================
PIPELINE SUMMARY
================================================================================
Detected Period : 1.209359 d
Epoch           : 3127.347300
Depth           : 0.011105
Duration        : 1.24 hr
SDE             : 1.39
SNR             : 221.53

Output Directory : output_bayesian_sector_longest_3000_draws_4_chains
Total Runtime    : 203.46 minutes

✓ Pipeline completed successfully.


Running pipeline for TIC 128790976...


================================================================================
TESS EXOPLANET PIPELINE
================================================================================
Target      : TIC 128790976
Mode        : science
Search      : TLS
Backend     : exoplanet/PyMC
Output      : output_bayesian_sector_longest_3000_draws_4_chains
================================================================================

======================================================================
Step 1: Resolve Target
======================================================================
12:22:44  INFO      tess_pipeline.analysis.stages.target  Resolving target: TIC 128790976
12:22:44  DEBUG     tess_pipeline.data.metadata  Resolved 'TIC 128790976' to TIC 128790976
12:22:44  INFO      tess_pipeline.catalogs.nasa_archive  Using local NASA archive CSV /mnt/home/project/cnitesh/nitesh/tess_exoplanet_pipeline/data/TOI_2026.06.28_09.42.00.csv for TIC 128790976 (matched 1 row(s))
12:22:44  INFO      tess_pipeline.data.metadata  Loaded coordinates for TIC 128790976 from local archive
12:22:44  INFO      tess_pipeline.analysis.stages.target  Resolved to TIC 128790976
✓ Completed in 0.02 s

======================================================================
Step 2: Query NASA Exoplanet Archive
======================================================================
12:22:44  INFO      tess_pipeline.analysis.stages.period  Querying NASA Exoplanet Archive for TIC 128790976
12:22:44  INFO      tess_pipeline.analysis.stages.period  Archive periods found: 1 planets (Primary: 3.518771 d)
✓ Completed in 0.01 s

======================================================================
Step 4: Characterize Host Star
======================================================================
12:22:44  INFO      tess_pipeline.analysis.stages.stellar  Querying Gaia DR3
12:22:48  WARNING   tess_pipeline.catalogs.gaia  Gaia DR3: r_star not available for this source
12:22:48  INFO      tess_pipeline.analysis.stages.stellar  Parameters ['r_star'] missing in Gaia DR3; checking local NASA TOI archive
12:22:48  INFO      tess_pipeline.catalogs.nasa_archive  Using local NASA archive CSV /mnt/home/project/cnitesh/nitesh/tess_exoplanet_pipeline/data/TOI_2026.06.28_09.42.00.csv for TIC 128790976 (matched 1 row(s))
12:22:48  INFO      tess_pipeline.analysis.stages.stellar  Retrieved r_star = 1.4900000 from local NASA archive
12:22:48  INFO      tess_pipeline.analysis.stages.stellar  Running stellar characterization (gaia_only)
12:22:48  DEBUG     tess_pipeline.catalogs.stellar  Querying VizieR TIC v8.2 via vizier.cds.unistra.fr
12:22:50  INFO      tess_pipeline.catalogs.stellar  VizieR TIC v8.2 query succeeded via vizier.cds.unistra.fr
12:22:50  INFO      tess_pipeline.catalogs.stellar  VizieR (TIC8.2) query successful: Teff=6690.0, logg=4.241099834442139, feh=None, r_star=1.495, m_star=1.4199999570846558, parallax=None
12:22:50  INFO      tess_pipeline.catalogs.stellar  Querying SIMBAD TAP for TIC 128790976 measurements
12:22:51  INFO      tess_pipeline.catalogs.stellar  SIMBAD query successful: Teff=6690.0, logg=None, feh=None, parallax=12.4731
✓ Completed in 6.79 s

======================================================================
Step 5: Download TESS Light Curves
======================================================================
12:22:51  INFO      tess_pipeline.analysis.stages.lightcurve  Downloading TESS data for TIC 128790976
12:22:51  INFO      tess_pipeline.data.download  [download] Starting download for TIC 128790976 (author=SPOC, cadence=120, sectors=longest, force_download=False)
12:22:59  INFO      tess_pipeline.data.download  [download] Found 5 available sector(s): [13, 27, 67, 94, 105]
12:22:59  INFO      tess_pipeline.data.download  [download] Selected sectors for analysis: [13]
12:22:59  INFO      tess_pipeline.data.download  [download] Downloading 1 selected sector(s) from MAST
12:23:03  INFO      tess_pipeline.data.download  [fits] Step 1/4: normalizing FITS paths
12:23:03  INFO      tess_pipeline.data.download  [fits] Step 2/4: 1 FITS file(s) queued
12:23:03  INFO      tess_pipeline.data.download  [fits] Step 3/4: reading file 1/1: data/fits/tess2019169103026-s0013-0000000128790976-0146-s_lc.fits
12:23:03  INFO      tess_pipeline.data.download  [fits] Step 4/4: loaded 1 light curve(s) from local FITS in 0.1s
12:23:03  INFO      tess_pipeline.data.download  [download] Completed TIC 128790976 download in 12.2s (1 sector file(s))
12:23:03  INFO      tess_pipeline.analysis.stages.lightcurve  Loaded light curves for sector(s): [13]
✓ Completed in 12.23 s

======================================================================
Step 6: Preprocess Light Curves
======================================================================
12:23:03  INFO      tess_pipeline.analysis.stages.lightcurve  Preprocessing light curves
12:23:03  INFO      tess_pipeline.data.preprocess  Saving diagnostic plots to directory: output_bayesian_sector_longest_3000_draws_4_chains/TIC 128790976/plots
12:23:03  INFO      tess_pipeline.data.preprocess  Dynamic mask width calculated: 0.183 days for P = 3.52 d
12:23:04  DEBUG     tess_pipeline.data.preprocess  Stitched 1 sectors -> 17208 cadences
12:23:04  INFO      tess_pipeline.data.preprocess  Preprocessing complete: 17208 cadences remain
12:23:05  INFO      tess_pipeline.data.preprocess  Saved final stitched visualization to output_bayesian_sector_longest_3000_draws_4_chains/TIC 128790976/plots/final_stitched_preprocessing.png
12:23:05  INFO      tess_pipeline.analysis.session  Saved step plot: output_bayesian_sector_longest_3000_draws_4_chains/TIC 128790976/plots/01_raw.png
12:23:05  INFO      tess_pipeline.analysis.session  Saved step plot: output_bayesian_sector_longest_3000_draws_4_chains/TIC 128790976/plots/02_flat.png
✓ Completed in 2.35 s

======================================================================
Step 7: Search for Transit Signals
======================================================================
12:23:05  INFO      tess_pipeline.analysis.stages.period  Archive period found for Planet 1: 3.518771 d; refining...
12:23:05  INFO      tess_pipeline.transit.detection  Running TLS (period 3.5-3.5 d)
12:23:05  DEBUG     tess_pipeline.transit.tls  TLS search mode: narrow (osf=104, dur_step=1.10)
12:23:05  DEBUG     tess_pipeline.transit.tls  TLS kwargs: {'period_min': 3.5117331586000002, 'period_max': 3.5258082414, 'duration_grid_step': 1.1, 'oversampling_factor': 104}
Transit Least Squares TLS 1.32 (5 Apr 2024)
Creating model cache for 29 durations
Searching 17208 data points, 92 periods from 3.512 to 3.526 days
Using all 32 CPU threads
12:23:14  INFO      tess_pipeline.transit.tls  Optimized T0 search: running coarse pass with 100 points...
12:23:14  INFO      tess_pipeline.transit.tls  Optimized T0 search: running fine pass with 300 points around T0=1657.4180...
12:23:15  INFO      tess_pipeline.transit.tls  TLS: period=3.519483 d, epoch=1657.4341, duration=1.87 h, depth=0.004786, SDE=1.34
12:23:15  INFO      tess_pipeline.analysis.stages.period  Searching for 1 additional planet(s) in residuals...
12:23:15  INFO      tess_pipeline.transit.detection  Capping period_max 100.0 → 8.4 d (3-transit requirement over 25 d baseline)
12:23:15  INFO      tess_pipeline.transit.detection  Searching for Planet 1 candidate (coarse search)...
12:23:15  INFO      tess_pipeline.transit.detection  Running TLS (period 0.5-8.4 d)
12:23:15  DEBUG     tess_pipeline.transit.tls  TLS search mode: broad (osf=None, dur_step=1.10)
12:23:15  DEBUG     tess_pipeline.transit.tls  TLS kwargs: {'period_min': 0.5, 'period_max': 8.445044472256845, 'duration_grid_step': 1.1, 'period_grid': array([0.5       , 0.50284043, 0.50569699, 0.50856979, 0.5114589 ,
       0.51436443, 0.51728646, 0.52022509, 0.52318042, 0.52615253,
       0.52914153, 0.53214751, 0.53517056, 0.53821079, 0.54126829,
       0.54434316, 0.54743549, 0.5505454 , 0.55367297, 0.55681831,
       0.55998151, 0.56316269, 0.56636194, 0.56957936, 0.57281506,
       0.57606914, 0.57934171, 0.58263287, 0.58594272, 0.58927138,
       0.59261895, 0.59598553, 0.59937124, 0.60277618, 0.60620047,
       0.60964421, 0.61310751, 0.61659049, 0.62009325, 0.62361591,
       0.62715859, 0.63072139, 0.63430443, 0.63790782, 0.64153169,
       0.64517614, 0.64884129, 0.65252727, 0.65623418, 0.65996216,
       0.66371131, 0.66748176, 0.67127363, 0.67508704, 0.67892211,
       0.68277897, 0.68665774, 0.69055855, 0.69448151, 0.69842677,
       0.70239443, 0.70638463, 0.7103975 , 0.71443317, 0.71849177,
       0.72257342, 0.72667825, 0.73080641, 0.73495802, 0.73913321,
       0.74333212, 0.74755489, 0.75180164, 0.75607252, 0.76036766,
       0.7646872 , 0.76903128, 0.77340004, 0.77779362, 0.78221215,
       0.78665579, 0.79112467, 0.79561894, 0.80013874, 0.80468421,
       0.80925551, 0.81385278, 0.81847616, 0.82312581, 0.82780187,
       0.83250449, 0.83723383, 0.84199004, 0.84677327, 0.85158367,
       0.85642139, 0.8612866 , 0.86617945, 0.87110009, 0.87604869,
       0.8810254 , 0.88603038, 0.89106379, 0.8961258 , 0.90121656,
       0.90633625, 0.91148502, 0.91666303, 0.92187047, 0.92710748,
       0.93237425, 0.93767094, 0.94299771, 0.94835475, 0.95374222,
       0.95916029, 0.96460915, 0.97008896, 0.97559989, 0.98114214,
       0.98671587, 0.99232126, 0.9979585 , 1.00362776, 1.00932923,
       1.01506309, 1.02082952, 1.0266287 , 1.03246084, 1.0383261 ,
       1.04422469, 1.05015678, 1.05612257, 1.06212225, 1.06815602,
       1.07422406, 1.08032658, 1.08646376, 1.09263581, 1.09884292,
       1.10508529, 1.11136312, 1.11767662, 1.12402598, 1.13041142,
       1.13683312, 1.14329131, 1.14978619, 1.15631796, 1.16288684,
       1.16949304, 1.17613676, 1.18281823, 1.18953765, 1.19629525,
       1.20309123, 1.20992582, 1.21679924, 1.22371171, 1.23066344,
       1.23765466, 1.24468561, 1.25175649, 1.25886754, 1.26601899,
       1.27321106, 1.280444  , 1.28771802, 1.29503336, 1.30239026,
       1.30978896, 1.31722969, 1.32471268, 1.33223819, 1.33980644,
       1.3474177 , 1.35507219, 1.36277016, 1.37051186, 1.37829755,
       1.38612746, 1.39400186, 1.40192098, 1.4098851 , 1.41789446,
       1.42594932, 1.43404993, 1.44219657, 1.45038948, 1.45862894,
       1.46691521, 1.47524854, 1.48362922, 1.49205751, 1.50053368,
       1.509058  , 1.51763074, 1.52625219, 1.53492261, 1.54364229,
       1.55241151, 1.56123054, 1.57009967, 1.57901918, 1.58798937,
       1.59701051, 1.6060829 , 1.61520683, 1.62438259, 1.63361048,
       1.64289079, 1.65222382, 1.66160987, 1.67104924, 1.68054224,
       1.69008916, 1.69969032, 1.70934602, 1.71905657, 1.72882229,
       1.73864348, 1.74852047, 1.75845357, 1.7684431 , 1.77848937,
       1.78859272, 1.79875346, 1.80897193, 1.81924844, 1.82958333,
       1.83997694, 1.85042959, 1.86094162, 1.87151336, 1.88214517,
       1.89283737, 1.90359031, 1.91440434, 1.9252798 , 1.93621704,
       1.94721642, 1.95827828, 1.96940298, 1.98059088, 1.99184234,
       2.00315771, 2.01453737, 2.02598167, 2.03749099, 2.04906569,
       2.06070614, 2.07241272, 2.0841858 , 2.09602577, 2.10793299,
       2.11990786, 2.13195076, 2.14406207, 2.15624219, 2.16849149,
       2.18081039, 2.19319926, 2.20565852, 2.21818855, 2.23078977,
       2.24346257, 2.25620737, 2.26902456, 2.28191457, 2.2948778 ,
       2.30791468, 2.32102562, 2.33421104, 2.34747136, 2.36080701,
       2.37421842, 2.38770602, 2.40127024, 2.41491152, 2.42863029,
       2.442427  , 2.45630208, 2.47025599, 2.48428916, 2.49840206,
       2.51259513, 2.52686883, 2.54122361, 2.55565994, 2.57017829,
       2.58477911, 2.59946287, 2.61423005, 2.62908112, 2.64401656,
       2.65903685, 2.67414246, 2.68933389, 2.70461161, 2.71997613,
       2.73542793, 2.75096751, 2.76659537, 2.782312  , 2.79811793,
       2.81401364, 2.82999965, 2.84607648, 2.86224464, 2.87850465,
       2.89485703, 2.9113023 , 2.927841  , 2.94447365, 2.96120079,
       2.97802295, 2.99494068, 3.01195451, 3.029065  , 3.04627269,
       3.06357814, 3.08098189, 3.09848452, 3.11608657, 3.13378862,
       3.15159123, 3.16949497, 3.18750043, 3.20560816, 3.22381877,
       3.24213283, 3.26055093, 3.27907366, 3.29770161, 3.31643539,
       3.33527559, 3.35422282, 3.37327769, 3.3924408 , 3.41171278,
       3.43109424, 3.4505858 , 3.47018809, 3.48990174, 3.50972738,
       3.52966564, 3.54971718, 3.56988262, 3.59016262, 3.61055782,
       3.63106889, 3.65169648, 3.67244125, 3.69330387, 3.71428501,
       3.73538534, 3.75660554, 3.77794628, 3.79940826, 3.82099216,
       3.84269868, 3.86452851, 3.88648235, 3.90856091, 3.93076489,
       3.95309501, 3.97555199, 3.99813653, 4.02084938, 4.04369126,
       4.0666629 , 4.08976504, 4.11299842, 4.13636378, 4.15986188,
       4.18349347, 4.2072593 , 4.23116015, 4.25519677, 4.27936994,
       4.30368044, 4.32812904, 4.35271653, 4.3774437 , 4.40231134,
       4.42732025, 4.45247123, 4.47776509, 4.50320264, 4.5287847 ,
       4.55451208, 4.58038562, 4.60640615, 4.63257449, 4.65889149,
       4.685358  , 4.71197485, 4.73874292, 4.76566305, 4.79273611,
       4.81996296, 4.84734449, 4.87488157, 4.90257508, 4.93042592,
       4.95843497, 4.98660314, 5.01493133, 5.04342045, 5.07207141,
       5.10088513, 5.12986254, 5.15900456, 5.18831214, 5.21778621,
       5.24742771, 5.27723761, 5.30721685, 5.3373664 , 5.36768723,
       5.3981803 , 5.4288466 , 5.45968711, 5.49070282, 5.52189473,
       5.55326383, 5.58481114, 5.61653766, 5.64844442, 5.68053244,
       5.71280274, 5.74525636, 5.77789435, 5.81071776, 5.84372762,
       5.87692501, 5.910311  , 5.94388664, 5.97765302, 6.01161122,
       6.04576234, 6.08010746, 6.11464769, 6.14938414, 6.18431792,
       6.21945016, 6.25478198, 6.29031451, 6.3260489 , 6.36198629,
       6.39812784, 6.4344747 , 6.47102804, 6.50778903, 6.54475887,
       6.58193872, 6.61932978, 6.65693326, 6.69475036, 6.73278229,
       6.77103027, 6.80949554, 6.84817932, 6.88708286, 6.92620741,
       6.96555421, 7.00512454, 7.04491967, 7.08494086, 7.12518941,
       7.1656666 , 7.20637374, 7.24731214, 7.28848309, 7.32988794,
       7.37152799, 7.4134046 , 7.45551911, 7.49787286, 7.54046722,
       7.58330355, 7.62638322, 7.66970763, 7.71327815, 7.7570962 ,
       7.80116317, 7.84548047, 7.89004954, 7.9348718 , 7.97994868,
       8.02528164, 8.07087214, 8.11672162, 8.16283157, 8.20920346,
       8.25583879, 8.30273904, 8.34990573, 8.39734037, 8.44504447]), 'n_transits_min': 2}
Transit Least Squares TLS 1.32 (5 Apr 2024)
Creating model cache for 35 durations
Searching 16635 data points, 500 periods from 0.5 to 8.445 days
Using all 32 CPU threads
12:23:24  INFO      tess_pipeline.transit.tls  Optimized T0 search: running coarse pass with 100 points...
12:23:24  INFO      tess_pipeline.transit.tls  Optimized T0 search: running fine pass with 300 points around T0=1657.0808...
12:23:25  INFO      tess_pipeline.transit.tls  TLS: period=5.337366 d, epoch=1657.0717, duration=2.86 h, depth=0.000311, SDE=0.33
12:23:25  INFO      tess_pipeline.transit.detection  Significant peak found (coarse SDE/SNR = 16.66 at 5.3374 d). Checking sub-harmonics for robustness...
12:23:25  INFO      tess_pipeline.transit.detection  Running TLS (period 1.7-1.8 d)
12:23:25  DEBUG     tess_pipeline.transit.tls  TLS search mode: narrow (osf=5, dur_step=1.10)
12:23:25  DEBUG     tess_pipeline.transit.tls  TLS kwargs: {'period_min': 1.7435396908723506, 'period_max': 1.814704576214079, 'duration_grid_step': 1.1, 'oversampling_factor': 5}
Transit Least Squares TLS 1.32 (5 Apr 2024)
Creating model cache for 24 durations
Searching 16635 data points, 55 periods from 1.744 to 1.814 days
Using all 32 CPU threads
12:23:33  INFO      tess_pipeline.transit.tls  Optimized T0 search: running coarse pass with 100 points...
12:23:34  INFO      tess_pipeline.transit.tls  Optimized T0 search: running fine pass with 300 points around T0=1657.0814...
12:23:34  INFO      tess_pipeline.transit.tls  TLS: period=1.798164 d, epoch=1657.0752, duration=2.00 h, depth=0.000099, SDE=2.28
12:23:34  INFO      tess_pipeline.transit.detection  Running TLS (period 2.6-2.7 d)
12:23:34  DEBUG     tess_pipeline.transit.tls  TLS search mode: narrow (osf=7, dur_step=1.10)
12:23:34  DEBUG     tess_pipeline.transit.tls  TLS kwargs: {'period_min': 2.615309536308526, 'period_max': 2.7220568643211185, 'duration_grid_step': 1.1, 'oversampling_factor': 7}
Transit Least Squares TLS 1.32 (5 Apr 2024)
Creating model cache for 27 durations
Searching 16635 data points, 68 periods from 2.616 to 2.722 days
Using all 32 CPU threads
12:23:43  INFO      tess_pipeline.transit.tls  Optimized T0 search: running coarse pass with 100 points...
12:23:43  INFO      tess_pipeline.transit.tls  Optimized T0 search: running fine pass with 300 points around T0=1657.0269...
12:23:43  INFO      tess_pipeline.transit.tls  TLS: period=2.672299 d, epoch=1657.0393, duration=3.68 h, depth=0.000133, SDE=2.43
12:23:43  INFO      tess_pipeline.transit.detection  Running TLS (period 5.2-5.4 d)
12:23:43  DEBUG     tess_pipeline.transit.tls  TLS search mode: narrow (osf=15, dur_step=1.10)
12:23:43  DEBUG     tess_pipeline.transit.tls  TLS kwargs: {'period_min': 5.230619072617052, 'period_max': 5.444113728642237, 'duration_grid_step': 1.1, 'oversampling_factor': 15}
Transit Least Squares TLS 1.32 (5 Apr 2024)
Creating model cache for 29 durations
Searching 16635 data points, 115 periods from 5.232 to 5.444 days
Using all 32 CPU threads
12:23:52  INFO      tess_pipeline.transit.tls  Optimized T0 search: running coarse pass with 100 points...
12:23:52  INFO      tess_pipeline.transit.tls  Optimized T0 search: running fine pass with 300 points around T0=1657.0269...
12:23:53  INFO      tess_pipeline.transit.tls  TLS: period=5.344040 d, epoch=1657.0553, duration=2.62 h, depth=0.000339, SDE=2.20
12:23:53  INFO      tess_pipeline.transit.detection  Harmonic resolution: selected fraction 1.00 (refined period=5.3440 d, SDE/SNR=17.09, max_sig was 17.09)
Planet 1 derived robust period: 5.34404 days (SNR: 17.09, via fraction 1.00 of initial peak 5.33737d)
12:23:53  INFO      tess_pipeline.transit.detection  Planet 1 found: Period = 5.344040 d, epoch = 1657.0553, SDE/SNR = 17.09
12:23:53  INFO      tess_pipeline.analysis.stages.period  Detections completed. Found 2 planet candidate(s).
12:23:53  INFO      tess_pipeline.analysis.session  Saved step plot: output_bayesian_sector_longest_3000_draws_4_chains/TIC 128790976/plots/03_tls_periodogram.png
12:23:53  INFO      tess_pipeline.analysis.session  Saved step plot: output_bayesian_sector_longest_3000_draws_4_chains/TIC 128790976/plots/tls_periodogram_coarse_p0.png
12:23:53  INFO      tess_pipeline.analysis.session  Saved step plot: output_bayesian_sector_longest_3000_draws_4_chains/TIC 128790976/plots/tls_periodogram_fine_p0.png
12:23:53  INFO      tess_pipeline.analysis.session  Saved step plot: output_bayesian_sector_longest_3000_draws_4_chains/TIC 128790976/plots/tls_periodogram_coarse_p1.png
12:23:54  INFO      tess_pipeline.analysis.session  Saved step plot: output_bayesian_sector_longest_3000_draws_4_chains/TIC 128790976/plots/tls_periodogram_fine_p1.png
12:23:54  INFO      tess_pipeline.analysis.session  Saved step plot: output_bayesian_sector_longest_3000_draws_4_chains/TIC 128790976/plots/04_phase.png
✓ Completed in 48.49 s

======================================================================
Step 8: Bayesian Transit Fit
======================================================================
12:23:54  INFO      tess_pipeline.analysis.stages.inference  Running Bayesian transit fit (exoplanet + PyMC)
12:23:54  INFO      tess_pipeline.analysis.stages.inference  Second candidate probability (8.3%) is below 75% threshold. Skipping multi-planet MCMC fit and proceeding with 1-planet model.
12:23:54  INFO      tess_pipeline.inference.bayesian  Building PyMC model (N=17208 points, 1 planets)
12:23:54  DEBUG     tess_pipeline.inference.gp  Using SHO GP kernel
12:23:54  INFO      tess_pipeline.inference.bayesian  Sampling: 4 chains × 3000 draws (tune=3000, target_accept=0.95)
                                                                                
                                  Step    Grad                                  
  Progress        Draw    Dive…   size    evals   Speed          Elap…   Rema…  
 ────────────────────────────────────────────────────────────────────────────── 
  ━━━━━━━━━━━━━   6000    0       0.019   255     1.25 s/draw    2:05…   0:00…  
  ━━━━━━━━━━━━━   6000    139     0.013   255     1.22 s/draw    2:01…   0:00…  
  ━━━━━━━━━━━━━   6000    0       0.017   255     1.18 s/draw    1:58…   0:00…  
  ━━━━━━━━━━━━━   6000    0       0.019   255     1.24 s/draw    2:03…   0:00…  
                                                                                
Computing ... ━━━━━━━━━━━━━━━━━━━━━━━━━━━━━━━━━━━━━━━━ 100% 0:00:00
14:30:34  INFO      tess_pipeline.inference.bayesian  Sampling complete
14:30:50  INFO      tess_pipeline.analysis.session  Saved step plot: output_bayesian_sector_longest_3000_draws_4_chains/TIC 128790976/plots/06_bayesian_fit.png
14:30:53  INFO      tess_pipeline.analysis.session  Saved step plot: output_bayesian_sector_longest_3000_draws_4_chains/TIC 128790976/plots/07_corner.png
14:30:54  INFO      tess_pipeline.analysis.session  Saved step plot: output_bayesian_sector_longest_3000_draws_4_chains/TIC 128790976/plots/08_trace.png
14:30:54  INFO      tess_pipeline.analysis.session  Saved step plot: output_bayesian_sector_longest_3000_draws_4_chains/TIC 128790976/plots/09_posterior_predictive.png
14:30:54  INFO      tess_pipeline.analysis.session  Saved step plot: output_bayesian_sector_longest_3000_draws_4_chains/TIC 128790976/plots/05_residuals.png
✓ Completed in 7620.72 s

======================================================================
Step 9: Derive Planet Parameters
======================================================================
✓ Completed in 0.11 s

======================================================================
Step 10: Check MCMC Convergence
======================================================================
14:30:57  WARNING   tess_pipeline.inference.diagnostics  Convergence issues detected (see ConvergenceWarning)
✓ Completed in 2.69 s

======================================================================
Step 11: Generate Figures
======================================================================
14:30:57  INFO      tess_pipeline.analysis.stages.visualization  Generating diagnostic figures
✓ Completed in 8.46 s

======================================================================
Step 12: Save Results
======================================================================
14:31:06  INFO      tess_pipeline.io.export  Saving results to output_bayesian_sector_longest_3000_draws_4_chains/TIC 128790976
14:31:06  DEBUG     tess_pipeline.io.export  Saved CSV: output_bayesian_sector_longest_3000_draws_4_chains/TIC 128790976/TIC128790976_summary.csv
14:31:06  DEBUG     tess_pipeline.io.export  Saved JSON: output_bayesian_sector_longest_3000_draws_4_chains/TIC 128790976/TIC128790976_metadata.json
14:31:06  DEBUG     tess_pipeline.io.export  Saved compressed posterior sample values: output_bayesian_sector_longest_3000_draws_4_chains/TIC 128790976/data_for_plots/posterior_samples.npz
14:31:06  DEBUG     tess_pipeline.io.export  Saved light curve FITS: output_bayesian_sector_longest_3000_draws_4_chains/TIC 128790976/TIC128790976_lightcurve.fits
14:31:06  DEBUG     tess_pipeline.io.export  Saved figure: output_bayesian_sector_longest_3000_draws_4_chains/TIC 128790976/plots/01_raw.png
14:31:06  DEBUG     tess_pipeline.io.export  Saved figure: output_bayesian_sector_longest_3000_draws_4_chains/TIC 128790976/plots/02_flat.png
14:31:07  DEBUG     tess_pipeline.io.export  Saved figure: output_bayesian_sector_longest_3000_draws_4_chains/TIC 128790976/plots/03_tls_periodogram.png
14:31:07  DEBUG     tess_pipeline.io.export  Saved figure: output_bayesian_sector_longest_3000_draws_4_chains/TIC 128790976/plots/03_tls_periodogram_coarse_p0.png
14:31:07  DEBUG     tess_pipeline.io.export  Saved figure: output_bayesian_sector_longest_3000_draws_4_chains/TIC 128790976/plots/03_tls_periodogram_fine_p0.png
14:31:07  DEBUG     tess_pipeline.io.export  Saved figure: output_bayesian_sector_longest_3000_draws_4_chains/TIC 128790976/plots/03_tls_periodogram_coarse_p1.png
14:31:07  DEBUG     tess_pipeline.io.export  Saved figure: output_bayesian_sector_longest_3000_draws_4_chains/TIC 128790976/plots/03_tls_periodogram_fine_p1.png
14:31:07  DEBUG     tess_pipeline.io.export  Saved figure: output_bayesian_sector_longest_3000_draws_4_chains/TIC 128790976/plots/04_phase_p0.png
14:31:07  DEBUG     tess_pipeline.io.export  Saved figure: output_bayesian_sector_longest_3000_draws_4_chains/TIC 128790976/plots/04_phase_p1.png
14:31:08  DEBUG     tess_pipeline.io.export  Saved figure: output_bayesian_sector_longest_3000_draws_4_chains/TIC 128790976/plots/05_residuals.png
14:31:08  DEBUG     tess_pipeline.io.export  Saved figure: output_bayesian_sector_longest_3000_draws_4_chains/TIC 128790976/plots/06_bayesian_fit.png
14:31:08  DEBUG     tess_pipeline.io.export  Saved figure: output_bayesian_sector_longest_3000_draws_4_chains/TIC 128790976/plots/10_gp_acf.png
14:31:08  DEBUG     tess_pipeline.io.export  Saved figure: output_bayesian_sector_longest_3000_draws_4_chains/TIC 128790976/plots/11_transit_stack_p0.png
14:31:09  DEBUG     tess_pipeline.io.export  Saved figure: output_bayesian_sector_longest_3000_draws_4_chains/TIC 128790976/plots/04_mcmc_phase_p0.png
14:31:10  DEBUG     tess_pipeline.io.export  Saved figure: output_bayesian_sector_longest_3000_draws_4_chains/TIC 128790976/plots/07_corner.png
14:31:11  DEBUG     tess_pipeline.io.export  Saved figure: output_bayesian_sector_longest_3000_draws_4_chains/TIC 128790976/plots/08_trace.png
14:31:11  DEBUG     tess_pipeline.io.export  Saved figure: output_bayesian_sector_longest_3000_draws_4_chains/TIC 128790976/plots/09_posterior_predictive.png
14:31:11  DEBUG     tess_pipeline.io.export  Saved periodogram data: output_bayesian_sector_longest_3000_draws_4_chains/TIC 128790976/data_for_plots/periodogram_data.npz
14:31:17  DEBUG     tess_pipeline.io.export  Saved lightcurve model data: output_bayesian_sector_longest_3000_draws_4_chains/TIC 128790976/data_for_plots/lightcurve_model_data.npz
14:31:17  DEBUG     tess_pipeline.io.export  Saved recreate script: output_bayesian_sector_longest_3000_draws_4_chains/TIC 128790976/recreate_plots.py
14:31:17  INFO      tess_pipeline.io.export  Saved HTML Report: output_bayesian_sector_longest_3000_draws_4_chains/TIC 128790976/report.html
14:31:25  INFO      tess_pipeline.io.report  PDF report saved: output_bayesian_sector_longest_3000_draws_4_chains/TIC 128790976/TIC128790976_report.pdf
14:31:25  INFO      tess_pipeline.io.export  Export complete: output_bayesian_sector_longest_3000_draws_4_chains/TIC 128790976
✓ Completed in 19.53 s


================================================================================
PIPELINE SUMMARY
================================================================================
Detected Period : 3.519483 d
Epoch           : 1657.434090
Depth           : 0.004786
Duration        : 1.87 hr
SDE             : 1.34
SNR             : 184.53

Output Directory : output_bayesian_sector_longest_3000_draws_4_chains
Total Runtime    : 128.69 minutes

✓ Pipeline completed successfully.


Running pipeline for TIC 117789567...


================================================================================
TESS EXOPLANET PIPELINE
================================================================================
Target      : TIC 117789567
Mode        : science
Search      : TLS
Backend     : exoplanet/PyMC
Output      : output_bayesian_sector_longest_3000_draws_4_chains
================================================================================

======================================================================
Step 1: Resolve Target
======================================================================
14:31:25  INFO      tess_pipeline.analysis.stages.target  Resolving target: TIC 117789567
14:31:25  DEBUG     tess_pipeline.data.metadata  Resolved 'TIC 117789567' to TIC 117789567
14:31:25  INFO      tess_pipeline.catalogs.nasa_archive  Using local NASA archive CSV /mnt/home/project/cnitesh/nitesh/tess_exoplanet_pipeline/data/TOI_2026.06.28_09.42.00.csv for TIC 117789567 (matched 1 row(s))
14:31:25  INFO      tess_pipeline.data.metadata  Loaded coordinates for TIC 117789567 from local archive
14:31:25  INFO      tess_pipeline.analysis.stages.target  Resolved to TIC 117789567
✓ Completed in 0.02 s

======================================================================
Step 2: Query NASA Exoplanet Archive
======================================================================
14:31:25  INFO      tess_pipeline.analysis.stages.period  Querying NASA Exoplanet Archive for TIC 117789567
14:31:25  INFO      tess_pipeline.analysis.stages.period  Archive periods found: 1 planets (Primary: 2.320242 d)
✓ Completed in 0.01 s

======================================================================
Step 4: Characterize Host Star
======================================================================
14:31:25  INFO      tess_pipeline.analysis.stages.stellar  Querying Gaia DR3
14:31:28  WARNING   tess_pipeline.catalogs.gaia  Gaia DR3: r_star not available for this source
14:31:28  INFO      tess_pipeline.analysis.stages.stellar  Parameters ['r_star'] missing in Gaia DR3; checking local NASA TOI archive
14:31:28  INFO      tess_pipeline.catalogs.nasa_archive  Using local NASA archive CSV /mnt/home/project/cnitesh/nitesh/tess_exoplanet_pipeline/data/TOI_2026.06.28_09.42.00.csv for TIC 117789567 (matched 1 row(s))
14:31:28  INFO      tess_pipeline.analysis.stages.stellar  Parameters ['r_star'] still missing; querying MAST TESS Input Catalog (TIC)
14:42:21  WARNING   tess_pipeline.analysis.stages.stellar  MAST TIC catalog query failed: Timeout limit of 600 exceeded.
14:42:21  INFO      tess_pipeline.analysis.stages.stellar  Running stellar characterization (gaia_only)
14:42:21  DEBUG     tess_pipeline.catalogs.stellar  Querying VizieR TIC v8.2 via vizier.cds.unistra.fr
14:42:22  INFO      tess_pipeline.catalogs.stellar  VizieR TIC v8.2 query succeeded via vizier.cds.unistra.fr
14:42:22  INFO      tess_pipeline.catalogs.stellar  VizieR (TIC8.2) query successful: Teff=13079.0, logg=None, feh=None, r_star=None, m_star=None, parallax=None
14:42:22  INFO      tess_pipeline.catalogs.stellar  Querying SIMBAD TAP for TIC 117789567 measurements
14:42:23  INFO      tess_pipeline.catalogs.stellar  Querying SIMBAD TAP at coordinates RA=300.7740161821284, DEC=26.892025008599113 for measurements
14:42:23  INFO      tess_pipeline.catalogs.stellar  SIMBAD query successful: Teff=None, logg=None, feh=None, parallax=1.5857
14:42:23  WARNING   tess_pipeline.catalogs.stellar  Estimated missing r_star from Teff-only scaling: R_star=5.1345 +/- 1.5403 R_sun
✓ Completed in 658.04 s

======================================================================
Step 5: Download TESS Light Curves
======================================================================
14:42:23  INFO      tess_pipeline.analysis.stages.lightcurve  Downloading TESS data for TIC 117789567
14:42:23  INFO      tess_pipeline.data.download  [download] Starting download for TIC 117789567 (author=SPOC, cadence=120, sectors=longest, force_download=False)
14:42:28  INFO      tess_pipeline.data.download  [download] Found 4 available sector(s): [41, 54, 55, 81]
14:42:28  INFO      tess_pipeline.data.download  [download] Selected sectors for analysis: [54, 55]
14:42:28  INFO      tess_pipeline.data.download  [download] Downloading 2 selected sector(s) from MAST
14:42:35  INFO      tess_pipeline.data.download  [fits] Step 1/4: normalizing FITS paths
14:42:35  INFO      tess_pipeline.data.download  [fits] Step 2/4: 2 FITS file(s) queued
14:42:35  INFO      tess_pipeline.data.download  [fits] Step 3/4: reading file 1/2: data/fits/tess2022190063128-s0054-0000000117789567-0227-s_lc.fits
14:42:35  INFO      tess_pipeline.data.download  [fits] Step 3/4: reading file 2/2: data/fits/tess2022217014003-s0055-0000000117789567-0242-s_lc.fits
14:42:36  INFO      tess_pipeline.data.download  [fits] Step 4/4: loaded 2 light curve(s) from local FITS in 0.1s
14:42:36  INFO      tess_pipeline.data.download  [download] Completed TIC 117789567 download in 12.3s (2 sector file(s))
14:42:36  INFO      tess_pipeline.analysis.stages.lightcurve  Loaded light curves for sector(s): [54, 55]
✓ Completed in 12.25 s

======================================================================
Step 6: Preprocess Light Curves
======================================================================
14:42:36  INFO      tess_pipeline.analysis.stages.lightcurve  Preprocessing light curves
14:42:36  INFO      tess_pipeline.data.preprocess  Saving diagnostic plots to directory: output_bayesian_sector_longest_3000_draws_4_chains/TIC 117789567/plots
14:42:36  INFO      tess_pipeline.data.preprocess  Dynamic mask width calculated: 0.159 days for P = 2.32 d
14:42:38  DEBUG     tess_pipeline.data.preprocess  Stitched 2 sectors -> 34098 cadences
14:42:38  INFO      tess_pipeline.data.preprocess  Preprocessing complete: 34098 cadences remain
14:42:39  INFO      tess_pipeline.data.preprocess  Saved final stitched visualization to output_bayesian_sector_longest_3000_draws_4_chains/TIC 117789567/plots/final_stitched_preprocessing.png
14:42:39  INFO      tess_pipeline.analysis.session  Saved step plot: output_bayesian_sector_longest_3000_draws_4_chains/TIC 117789567/plots/01_raw.png
14:42:39  INFO      tess_pipeline.analysis.session  Saved step plot: output_bayesian_sector_longest_3000_draws_4_chains/TIC 117789567/plots/02_flat.png
✓ Completed in 3.44 s

======================================================================
Step 7: Search for Transit Signals
======================================================================
14:42:39  INFO      tess_pipeline.analysis.stages.period  Archive period found for Planet 1: 2.320242 d; refining...
14:42:39  INFO      tess_pipeline.transit.detection  Running TLS (period 2.3-2.3 d)
14:42:39  DEBUG     tess_pipeline.transit.tls  TLS search mode: narrow (osf=32, dur_step=1.10)
14:42:39  DEBUG     tess_pipeline.transit.tls  TLS kwargs: {'period_min': 2.3156013164, 'period_max': 2.3248822835999996, 'duration_grid_step': 1.1, 'oversampling_factor': 32}
Transit Least Squares TLS 1.32 (5 Apr 2024)
Creating model cache for 26 durations
Searching 34098 data points, 70 periods from 2.316 to 2.325 days
Using all 32 CPU threads
14:43:09  INFO      tess_pipeline.transit.tls  Optimized T0 search: running coarse pass with 100 points...
14:43:09  INFO      tess_pipeline.transit.tls  Optimized T0 search: running fine pass with 300 points around T0=2770.3239...
14:43:11  INFO      tess_pipeline.transit.tls  TLS: period=2.320706 d, epoch=2770.3246, duration=3.84 h, depth=0.005463, SDE=1.09
14:43:11  INFO      tess_pipeline.analysis.stages.period  Searching for 1 additional planet(s) in residuals...
14:43:11  INFO      tess_pipeline.transit.detection  Capping period_max 100.0 → 18.1 d (3-transit requirement over 54 d baseline)
14:43:11  INFO      tess_pipeline.transit.detection  Searching for Planet 1 candidate (coarse search)...
14:43:11  INFO      tess_pipeline.transit.detection  Running TLS (period 0.5-18.1 d)
14:43:11  DEBUG     tess_pipeline.transit.tls  TLS search mode: broad (osf=None, dur_step=1.10)
14:43:11  DEBUG     tess_pipeline.transit.tls  TLS kwargs: {'period_min': 0.5, 'period_max': 18.105963221311413, 'duration_grid_step': 1.1, 'period_grid': array([ 0.5       ,  0.50360955,  0.50724515,  0.51090701,  0.51459529,
        0.51831021,  0.52205194,  0.52582068,  0.52961663,  0.53343998,
        0.53729094,  0.54116969,  0.54507645,  0.54901141,  0.55297478,
        0.55696675,  0.56098755,  0.56503737,  0.56911643,  0.57322494,
        0.5773631 ,  0.58153114,  0.58572927,  0.58995771,  0.59421667,
        0.59850638,  0.60282705,  0.60717892,  0.6115622 ,  0.61597713,
        0.62042393,  0.62490283,  0.62941406,  0.63395786,  0.63853447,
        0.64314411,  0.64778703,  0.65246346,  0.65717366,  0.66191786,
        0.66669631,  0.67150925,  0.67635694,  0.68123963,  0.68615756,
        0.691111  ,  0.6961002 ,  0.70112541,  0.70618691,  0.71128494,
        0.71641977,  0.72159167,  0.72680091,  0.73204776,  0.73733248,
        0.74265536,  0.74801666,  0.75341666,  0.75885565,  0.7643339 ,
        0.7698517 ,  0.77540934,  0.78100709,  0.78664526,  0.79232412,
        0.79804399,  0.80380514,  0.80960789,  0.81545253,  0.82133936,
        0.82726869,  0.83324082,  0.83925606,  0.84531473,  0.85141714,
        0.85756361,  0.86375444,  0.86998997,  0.87627051,  0.88259639,
        0.88896794,  0.89538548,  0.90184936,  0.90835989,  0.91491743,
        0.92152231,  0.92817487,  0.93487545,  0.94162441,  0.94842208,
        0.95526883,  0.96216501,  0.96911097,  0.97610708,  0.98315369,
        0.99025117,  0.99739989,  1.00460022,  1.01185252,  1.01915718,
        1.02651458,  1.03392508,  1.04138909,  1.04890698,  1.05647914,
        1.06410596,  1.07178784,  1.07952518,  1.08731838,  1.09516784,
        1.10307396,  1.11103716,  1.11905784,  1.12713643,  1.13527333,
        1.14346898,  1.15172379,  1.1600382 ,  1.16841263,  1.17684751,
        1.18534328,  1.19390039,  1.20251927,  1.21120038,  1.21994415,
        1.22875104,  1.23762152,  1.24655602,  1.25555503,  1.264619  ,
        1.27374841,  1.28294372,  1.29220542,  1.30153397,  1.31092987,
        1.3203936 ,  1.32992565,  1.33952651,  1.34919668,  1.35893666,
        1.36874696,  1.37862807,  1.38858052,  1.39860482,  1.40870148,
        1.41887103,  1.429114  ,  1.43943091,  1.4498223 ,  1.46028871,
        1.47083067,  1.48144874,  1.49214346,  1.50291539,  1.51376508,
        1.5246931 ,  1.5357    ,  1.54678637,  1.55795277,  1.56919978,
        1.58052799,  1.59193797,  1.60343032,  1.61500564,  1.62666452,
        1.63840757,  1.65023539,  1.6621486 ,  1.67414781,  1.68623365,
        1.69840673,  1.71066769,  1.72301717,  1.73545579,  1.74798421,
        1.76060308,  1.77331304,  1.78611476,  1.7990089 ,  1.81199612,
        1.82507709,  1.8382525 ,  1.85152302,  1.86488934,  1.87835216,
        1.89191216,  1.90557006,  1.91932655,  1.93318236,  1.94713819,
        1.96119476,  1.97535282,  1.98961308,  2.00397629,  2.01844319,
        2.03301452,  2.04769105,  2.06247353,  2.07736272,  2.0923594 ,
        2.10746435,  2.12267834,  2.13800216,  2.1534366 ,  2.16898247,
        2.18464056,  2.20041169,  2.21629667,  2.23229633,  2.2484115 ,
        2.26464299,  2.28099167,  2.29745837,  2.31404394,  2.33074925,
        2.34757515,  2.36452252,  2.38159224,  2.39878518,  2.41610224,
        2.43354432,  2.45111231,  2.46880713,  2.48662968,  2.5045809 ,
        2.52266171,  2.54087305,  2.55921586,  2.57769108,  2.59629968,
        2.61504262,  2.63392086,  2.65293539,  2.67208719,  2.69137724,
        2.71080656,  2.73037613,  2.75008698,  2.76994012,  2.78993658,
        2.81007741,  2.83036363,  2.85079629,  2.87137647,  2.89210521,
        2.9129836 ,  2.9340127 ,  2.95519362,  2.97652745,  2.99801529,
        3.01965825,  3.04145746,  3.06341403,  3.08552911,  3.10780384,
        3.13023938,  3.15283688,  3.17559751,  3.19852245,  3.2216129 ,
        3.24487003,  3.26829506,  3.2918892 ,  3.31565366,  3.33958968,
        3.3636985 ,  3.38798137,  3.41243953,  3.43707426,  3.46188683,
        3.48687853,  3.51205064,  3.53740447,  3.56294133,  3.58866255,
        3.61456945,  3.64066338,  3.66694568,  3.69341771,  3.72008085,
        3.74693647,  3.77398596,  3.80123073,  3.82867218,  3.85631174,
        3.88415082,  3.91219088,  3.94043336,  3.96887973,  3.99753146,
        4.02639002,  4.05545692,  4.08473365,  4.11422174,  4.1439227 ,
        4.17383808,  4.20396942,  4.23431828,  4.26488623,  4.29567485,
        4.32668574,  4.35792051,  4.38938075,  4.42106812,  4.45298423,
        4.48513075,  4.51750935,  4.55012168,  4.58296945,  4.61605435,
        4.64937809,  4.68294239,  4.71674901,  4.75079967,  4.78509615,
        4.81964022,  4.85443367,  4.88947829,  4.92477591,  4.96032834,
        4.99613743,  5.03220503,  5.068533  ,  5.10512323,  5.1419776 ,
        5.17909803,  5.21648644,  5.25414476,  5.29207494,  5.33027894,
        5.36875873,  5.40751632,  5.4465537 ,  5.4858729 ,  5.52547594,
        5.56536488,  5.60554179,  5.64600873,  5.68676782,  5.72782114,
        5.76917083,  5.81081903,  5.8527679 ,  5.89501959,  5.9375763 ,
        5.98044024,  6.02361361,  6.06709866,  6.11089763,  6.15501279,
        6.19944642,  6.24420082,  6.28927831,  6.33468121,  6.38041189,
        6.42647269,  6.47286602,  6.51959426,  6.56665984,  6.61406519,
        6.66181277,  6.70990503,  6.75834448,  6.80713362,  6.85627498,
        6.90577109,  6.95562451,  7.00583784,  7.05641366,  7.10735458,
        7.15866326,  7.21034234,  7.2623945 ,  7.31482242,  7.36762883,
        7.42081645,  7.47438804,  7.52834637,  7.58269423,  7.63743443,
        7.6925698 ,  7.7481032 ,  7.80403751,  7.86037561,  7.91712041,
        7.97427487,  8.03184193,  8.08982457,  8.14822579,  8.20704862,
        8.26629609,  8.32597128,  8.38607727,  8.44661717,  8.50759411,
        8.56901125,  8.63087177,  8.69317886,  8.75593576,  8.8191457 ,
        8.88281196,  8.94693784,  9.01152665,  9.07658172,  9.14210644,
        9.20810419,  9.27457838,  9.34153246,  9.40896988,  9.47689414,
        9.54530875,  9.61421725,  9.68362321,  9.75353022,  9.8239419 ,
        9.89486188,  9.96629384, 10.03824147, 10.11070851, 10.18369869,
       10.25721579, 10.33126362, 10.405846  , 10.48096681, 10.55662992,
       10.63283924, 10.70959873, 10.78691236, 10.86478412, 10.94321804,
       11.02221819, 11.10178864, 11.18193352, 11.26265698, 11.34396318,
       11.42585635, 11.5083407 , 11.59142052, 11.67510011, 11.75938378,
       11.8442759 , 11.92978087, 12.01590311, 12.10264707, 12.19001724,
       12.27801815, 12.36665435, 12.45593042, 12.54585098, 12.63642069,
       12.72764422, 12.81952631, 12.91207171, 13.0052852 , 13.0991716 ,
       13.19373579, 13.28898263, 13.38491708, 13.48154409, 13.57886865,
       13.67689581, 13.77563064, 13.87507824, 13.97524377, 14.0761324 ,
       14.17774936, 14.2800999 , 14.38318931, 14.48702294, 14.59160615,
       14.69694437, 14.80304302, 14.90990762, 15.01754367, 15.12595677,
       15.23515251, 15.34513654, 15.45591456, 15.5674923 , 15.67987552,
       15.79307005, 15.90708175, 16.0219165 , 16.13758026, 16.25407901,
       16.37141877, 16.48960562, 16.60864567, 16.72854508, 16.84931006,
       16.97094685, 17.09346175, 17.2168611 , 17.34115128, 17.46633872,
       17.5924299 , 17.71943135, 17.84734963, 17.97619136, 18.10596322]), 'n_transits_min': 2}
Transit Least Squares TLS 1.32 (5 Apr 2024)
Creating model cache for 40 durations
Searching 30293 data points, 500 periods from 0.5 to 18.106 days
Using all 32 CPU threads
14:43:42  INFO      tess_pipeline.transit.tls  Optimized T0 search: running coarse pass with 100 points...
14:43:42  INFO      tess_pipeline.transit.tls  Optimized T0 search: running fine pass with 300 points around T0=2779.4513...
14:43:43  INFO      tess_pipeline.transit.tls  TLS: period=11.759384 d, epoch=2779.4879, duration=3.92 h, depth=0.003638, SDE=7.96
14:43:43  INFO      tess_pipeline.transit.detection  Significant peak found (coarse SDE/SNR = 77.19 at 11.7594 d). Checking sub-harmonics for robustness...
14:43:43  INFO      tess_pipeline.transit.detection  Running TLS (period 3.8-4.0 d)
14:43:43  DEBUG     tess_pipeline.transit.tls  TLS search mode: narrow (osf=5, dur_step=1.10)
14:43:43  DEBUG     tess_pipeline.transit.tls  TLS kwargs: {'period_min': 3.841398700669645, 'period_max': 3.998190484370447, 'duration_grid_step': 1.1, 'oversampling_factor': 5}
Transit Least Squares TLS 1.32 (5 Apr 2024)
Creating model cache for 29 durations
Searching 30293 data points, 91 periods from 3.842 to 3.997 days
Using all 32 CPU threads
14:44:12  INFO      tess_pipeline.transit.tls  Optimized T0 search: running coarse pass with 100 points...
14:44:12  INFO      tess_pipeline.transit.tls  Optimized T0 search: running fine pass with 300 points around T0=2771.5390...
14:44:14  INFO      tess_pipeline.transit.tls  TLS: period=3.935679 d, epoch=2771.5370, duration=3.71 h, depth=0.000941, SDE=1.92
14:44:14  INFO      tess_pipeline.transit.detection  Running TLS (period 5.8-6.0 d)
14:44:14  DEBUG     tess_pipeline.transit.tls  TLS search mode: narrow (osf=8, dur_step=1.10)
14:44:14  DEBUG     tess_pipeline.transit.tls  TLS kwargs: {'period_min': 5.762098051004468, 'period_max': 5.9972857265556705, 'duration_grid_step': 1.1, 'oversampling_factor': 8}
Transit Least Squares TLS 1.32 (5 Apr 2024)
Creating model cache for 29 durations
Searching 30293 data points, 127 periods from 5.764 to 5.996 days
Using all 32 CPU threads
14:44:43  INFO      tess_pipeline.transit.tls  Optimized T0 search: running coarse pass with 100 points...
14:44:43  INFO      tess_pipeline.transit.tls  Optimized T0 search: running fine pass with 300 points around T0=2773.5239...
14:44:44  INFO      tess_pipeline.transit.tls  TLS: period=5.898992 d, epoch=2773.5206, duration=3.64 h, depth=0.001532, SDE=1.70
14:44:44  INFO      tess_pipeline.transit.detection  Running TLS (period 11.5-12.0 d)
14:44:44  DEBUG     tess_pipeline.transit.tls  TLS search mode: narrow (osf=16, dur_step=1.10)
14:44:44  DEBUG     tess_pipeline.transit.tls  TLS kwargs: {'period_min': 11.524196102008936, 'period_max': 11.994571453111341, 'duration_grid_step': 1.1, 'oversampling_factor': 16}
Transit Least Squares TLS 1.32 (5 Apr 2024)
Creating model cache for 29 durations
Searching 30293 data points, 203 periods from 11.525 to 11.995 days
Using all 32 CPU threads
14:45:14  INFO      tess_pipeline.transit.tls  Optimized T0 search: running coarse pass with 100 points...
14:45:14  INFO      tess_pipeline.transit.tls  Optimized T0 search: running fine pass with 300 points around T0=2779.4772...
14:45:15  INFO      tess_pipeline.transit.tls  TLS: period=11.791402 d, epoch=2779.4421, duration=3.52 h, depth=0.004027, SDE=1.39
14:45:15  INFO      tess_pipeline.transit.detection  Harmonic resolution: selected fraction 1.00 (refined period=11.7914 d, SDE/SNR=76.58, max_sig was 76.58)
Planet 1 derived robust period: 11.79140 days (SNR: 76.58, via fraction 1.00 of initial peak 11.75938d)
14:45:15  INFO      tess_pipeline.transit.detection  Planet 1 found: Period = 11.791402 d, epoch = 2779.4421, SDE/SNR = 76.58
14:45:15  INFO      tess_pipeline.analysis.stages.period  Detections completed. Found 2 planet candidate(s).
14:45:15  INFO      tess_pipeline.analysis.session  Saved step plot: output_bayesian_sector_longest_3000_draws_4_chains/TIC 117789567/plots/03_tls_periodogram.png
14:45:15  INFO      tess_pipeline.analysis.session  Saved step plot: output_bayesian_sector_longest_3000_draws_4_chains/TIC 117789567/plots/tls_periodogram_coarse_p0.png
14:45:16  INFO      tess_pipeline.analysis.session  Saved step plot: output_bayesian_sector_longest_3000_draws_4_chains/TIC 117789567/plots/tls_periodogram_fine_p0.png
14:45:16  INFO      tess_pipeline.analysis.session  Saved step plot: output_bayesian_sector_longest_3000_draws_4_chains/TIC 117789567/plots/tls_periodogram_coarse_p1.png
14:45:16  INFO      tess_pipeline.analysis.session  Saved step plot: output_bayesian_sector_longest_3000_draws_4_chains/TIC 117789567/plots/tls_periodogram_fine_p1.png
14:45:16  INFO      tess_pipeline.analysis.session  Saved step plot: output_bayesian_sector_longest_3000_draws_4_chains/TIC 117789567/plots/04_phase.png
✓ Completed in 157.16 s

======================================================================
Step 8: Bayesian Transit Fit
======================================================================
14:45:16  INFO      tess_pipeline.analysis.stages.inference  Running Bayesian transit fit (exoplanet + PyMC)
14:45:16  INFO      tess_pipeline.analysis.stages.inference  Second candidate probability (5.7%) is below 75% threshold. Skipping multi-planet MCMC fit and proceeding with 1-planet model.
14:45:16  INFO      tess_pipeline.inference.bayesian  Building PyMC model (N=34098 points, 1 planets)
14:45:16  DEBUG     tess_pipeline.inference.gp  Using SHO GP kernel
14:45:20  INFO      tess_pipeline.inference.bayesian  Sampling: 4 chains × 3000 draws (tune=3000, target_accept=0.95)
                                                                                
                                  Step    Grad                                  
  Progress        Draw    Dive…   size    evals   Speed          Elap…   Rema…  
 ────────────────────────────────────────────────────────────────────────────── 
  ━━━━━━━━━━━━━   6000    0       0.196   15      3.34 draws/s   0:29…   0:00…  
  ━━━━━━━━━━━━━   6000    0       0.223   15      2.45 draws/s   0:40…   0:00…  
  ━━━━━━━━━━━━━   6000    0       0.186   15      2.72 draws/s   0:36…   0:00…  
  ━━━━━━━━━━━━━   6000    0       0.216   15      3.06 draws/s   0:32…   0:00…  
                                                                                
Computing ... ━━━━━━━━━━━━━━━━━━━━━━━━━━━━━━━━━━━━━━━━ 100% 0:00:00
15:28:18  INFO      tess_pipeline.inference.bayesian  Sampling complete
15:28:46  INFO      tess_pipeline.analysis.session  Saved step plot: output_bayesian_sector_longest_3000_draws_4_chains/TIC 117789567/plots/06_bayesian_fit.png
15:28:48  INFO      tess_pipeline.analysis.session  Saved step plot: output_bayesian_sector_longest_3000_draws_4_chains/TIC 117789567/plots/07_corner.png
15:28:49  INFO      tess_pipeline.analysis.session  Saved step plot: output_bayesian_sector_longest_3000_draws_4_chains/TIC 117789567/plots/08_trace.png
15:28:49  INFO      tess_pipeline.analysis.session  Saved step plot: output_bayesian_sector_longest_3000_draws_4_chains/TIC 117789567/plots/09_posterior_predictive.png
15:28:49  INFO      tess_pipeline.analysis.session  Saved step plot: output_bayesian_sector_longest_3000_draws_4_chains/TIC 117789567/plots/05_residuals.png
✓ Completed in 2613.26 s

======================================================================
Step 9: Derive Planet Parameters
======================================================================
✓ Completed in 0.01 s

======================================================================
Step 10: Check MCMC Convergence
======================================================================
15:28:57  WARNING   tess_pipeline.inference.diagnostics  Convergence issues detected (see ConvergenceWarning)
✓ Completed in 7.76 s

======================================================================
Step 11: Generate Figures
======================================================================
15:28:57  INFO      tess_pipeline.analysis.stages.visualization  Generating diagnostic figures
✓ Completed in 15.28 s

======================================================================
Step 12: Save Results
======================================================================
15:29:12  INFO      tess_pipeline.io.export  Saving results to output_bayesian_sector_longest_3000_draws_4_chains/TIC 117789567
15:29:12  DEBUG     tess_pipeline.io.export  Saved CSV: output_bayesian_sector_longest_3000_draws_4_chains/TIC 117789567/TIC117789567_summary.csv
15:29:12  DEBUG     tess_pipeline.io.export  Saved JSON: output_bayesian_sector_longest_3000_draws_4_chains/TIC 117789567/TIC117789567_metadata.json
15:29:13  DEBUG     tess_pipeline.io.export  Saved compressed posterior sample values: output_bayesian_sector_longest_3000_draws_4_chains/TIC 117789567/data_for_plots/posterior_samples.npz
15:29:13  DEBUG     tess_pipeline.io.export  Saved light curve FITS: output_bayesian_sector_longest_3000_draws_4_chains/TIC 117789567/TIC117789567_lightcurve.fits
15:29:13  DEBUG     tess_pipeline.io.export  Saved figure: output_bayesian_sector_longest_3000_draws_4_chains/TIC 117789567/plots/01_raw.png
15:29:13  DEBUG     tess_pipeline.io.export  Saved figure: output_bayesian_sector_longest_3000_draws_4_chains/TIC 117789567/plots/02_flat.png
15:29:13  DEBUG     tess_pipeline.io.export  Saved figure: output_bayesian_sector_longest_3000_draws_4_chains/TIC 117789567/plots/03_tls_periodogram.png
15:29:13  DEBUG     tess_pipeline.io.export  Saved figure: output_bayesian_sector_longest_3000_draws_4_chains/TIC 117789567/plots/03_tls_periodogram_coarse_p0.png
15:29:13  DEBUG     tess_pipeline.io.export  Saved figure: output_bayesian_sector_longest_3000_draws_4_chains/TIC 117789567/plots/03_tls_periodogram_fine_p0.png
15:29:13  DEBUG     tess_pipeline.io.export  Saved figure: output_bayesian_sector_longest_3000_draws_4_chains/TIC 117789567/plots/03_tls_periodogram_coarse_p1.png
15:29:14  DEBUG     tess_pipeline.io.export  Saved figure: output_bayesian_sector_longest_3000_draws_4_chains/TIC 117789567/plots/03_tls_periodogram_fine_p1.png
15:29:14  DEBUG     tess_pipeline.io.export  Saved figure: output_bayesian_sector_longest_3000_draws_4_chains/TIC 117789567/plots/04_phase_p0.png
15:29:14  DEBUG     tess_pipeline.io.export  Saved figure: output_bayesian_sector_longest_3000_draws_4_chains/TIC 117789567/plots/04_phase_p1.png
15:29:14  DEBUG     tess_pipeline.io.export  Saved figure: output_bayesian_sector_longest_3000_draws_4_chains/TIC 117789567/plots/05_residuals.png
15:29:15  DEBUG     tess_pipeline.io.export  Saved figure: output_bayesian_sector_longest_3000_draws_4_chains/TIC 117789567/plots/06_bayesian_fit.png
15:29:15  DEBUG     tess_pipeline.io.export  Saved figure: output_bayesian_sector_longest_3000_draws_4_chains/TIC 117789567/plots/10_gp_acf.png
15:29:15  DEBUG     tess_pipeline.io.export  Saved figure: output_bayesian_sector_longest_3000_draws_4_chains/TIC 117789567/plots/11_transit_stack_p0.png
15:29:15  DEBUG     tess_pipeline.io.export  Saved figure: output_bayesian_sector_longest_3000_draws_4_chains/TIC 117789567/plots/04_mcmc_phase_p0.png
15:29:16  DEBUG     tess_pipeline.io.export  Saved figure: output_bayesian_sector_longest_3000_draws_4_chains/TIC 117789567/plots/07_corner.png
15:29:17  DEBUG     tess_pipeline.io.export  Saved figure: output_bayesian_sector_longest_3000_draws_4_chains/TIC 117789567/plots/08_trace.png
15:29:17  DEBUG     tess_pipeline.io.export  Saved figure: output_bayesian_sector_longest_3000_draws_4_chains/TIC 117789567/plots/09_posterior_predictive.png
15:29:17  DEBUG     tess_pipeline.io.export  Saved periodogram data: output_bayesian_sector_longest_3000_draws_4_chains/TIC 117789567/data_for_plots/periodogram_data.npz
15:29:30  DEBUG     tess_pipeline.io.export  Saved lightcurve model data: output_bayesian_sector_longest_3000_draws_4_chains/TIC 117789567/data_for_plots/lightcurve_model_data.npz
15:29:30  DEBUG     tess_pipeline.io.export  Saved recreate script: output_bayesian_sector_longest_3000_draws_4_chains/TIC 117789567/recreate_plots.py
15:29:30  INFO      tess_pipeline.io.export  Saved HTML Report: output_bayesian_sector_longest_3000_draws_4_chains/TIC 117789567/report.html
15:29:39  INFO      tess_pipeline.io.report  PDF report saved: output_bayesian_sector_longest_3000_draws_4_chains/TIC 117789567/TIC117789567_report.pdf
15:29:39  INFO      tess_pipeline.io.export  Export complete: output_bayesian_sector_longest_3000_draws_4_chains/TIC 117789567
✓ Completed in 26.22 s


================================================================================
PIPELINE SUMMARY
================================================================================
Detected Period : 2.320706 d
Epoch           : 2770.324559
Depth           : 0.005463
Duration        : 3.84 hr
SDE             : 1.09
SNR             : 239.80

Output Directory : output_bayesian_sector_longest_3000_draws_4_chains
Total Runtime    : 58.22 minutes

✓ Pipeline completed successfully.


Running pipeline for TIC 154840461...


================================================================================
TESS EXOPLANET PIPELINE
================================================================================
Target      : TIC 154840461
Mode        : science
Search      : TLS
Backend     : exoplanet/PyMC
Output      : output_bayesian_sector_longest_3000_draws_4_chains
================================================================================

======================================================================
Step 1: Resolve Target
======================================================================
15:29:39  INFO      tess_pipeline.analysis.stages.target  Resolving target: TIC 154840461
15:29:39  DEBUG     tess_pipeline.data.metadata  Resolved 'TIC 154840461' to TIC 154840461
15:29:39  INFO      tess_pipeline.catalogs.nasa_archive  Using local NASA archive CSV /mnt/home/project/cnitesh/nitesh/tess_exoplanet_pipeline/data/TOI_2026.06.28_09.42.00.csv for TIC 154840461 (matched 1 row(s))
15:29:39  INFO      tess_pipeline.data.metadata  Loaded coordinates for TIC 154840461 from local archive
15:29:39  INFO      tess_pipeline.analysis.stages.target  Resolved to TIC 154840461
✓ Completed in 0.01 s

======================================================================
Step 2: Query NASA Exoplanet Archive
======================================================================
15:29:39  INFO      tess_pipeline.analysis.stages.period  Querying NASA Exoplanet Archive for TIC 154840461
15:29:39  INFO      tess_pipeline.analysis.stages.period  Archive periods found: 1 planets (Primary: 6.036076 d)
✓ Completed in 0.01 s

======================================================================
Step 4: Characterize Host Star
======================================================================
15:29:39  INFO      tess_pipeline.analysis.stages.stellar  Querying Gaia DR3
15:29:43  WARNING   tess_pipeline.catalogs.gaia  Gaia DR3: r_star not available for this source
15:29:43  INFO      tess_pipeline.analysis.stages.stellar  Parameters ['r_star'] missing in Gaia DR3; checking local NASA TOI archive
15:29:43  INFO      tess_pipeline.catalogs.nasa_archive  Using local NASA archive CSV /mnt/home/project/cnitesh/nitesh/tess_exoplanet_pipeline/data/TOI_2026.06.28_09.42.00.csv for TIC 154840461 (matched 1 row(s))
15:29:43  INFO      tess_pipeline.analysis.stages.stellar  Retrieved r_star = 1.6900000 from local NASA archive
15:29:43  INFO      tess_pipeline.analysis.stages.stellar  Running stellar characterization (gaia_only)
15:29:43  DEBUG     tess_pipeline.catalogs.stellar  Querying VizieR TIC v8.2 via vizier.cds.unistra.fr
15:29:44  INFO      tess_pipeline.catalogs.stellar  VizieR TIC v8.2 query succeeded via vizier.cds.unistra.fr
15:29:44  INFO      tess_pipeline.catalogs.stellar  VizieR (TIC8.2) query successful: Teff=7401.0, logg=4.210700035095215, feh=None, r_star=1.688, m_star=1.6890000104904175, parallax=None
15:29:44  INFO      tess_pipeline.catalogs.stellar  Querying SIMBAD TAP for TIC 154840461 measurements
15:29:45  INFO      tess_pipeline.catalogs.stellar  Querying SIMBAD TAP at coordinates RA=182.69153573538702, DEC=85.70507618580773 for measurements
15:29:45  INFO      tess_pipeline.catalogs.stellar  SIMBAD query successful: Teff=None, logg=None, feh=None, parallax=6.8628
✓ Completed in 6.55 s

======================================================================
Step 5: Download TESS Light Curves
======================================================================
15:29:45  INFO      tess_pipeline.analysis.stages.lightcurve  Downloading TESS data for TIC 154840461
15:29:45  INFO      tess_pipeline.data.download  [download] Starting download for TIC 154840461 (author=SPOC, cadence=120, sectors=longest, force_download=False)
15:29:53  INFO      tess_pipeline.data.download  [download] Found 13 available sector(s): [14, 19, 20, 26, 40, 47, 53, 59, 60, 73, 74, 79, 86]
15:29:53  INFO      tess_pipeline.data.download  [download] Selected sectors for analysis: [19, 20]
15:29:53  INFO      tess_pipeline.data.download  [download] Downloading 2 selected sector(s) from MAST
15:30:00  INFO      tess_pipeline.data.download  [fits] Step 1/4: normalizing FITS paths
15:30:00  INFO      tess_pipeline.data.download  [fits] Step 2/4: 2 FITS file(s) queued
15:30:00  INFO      tess_pipeline.data.download  [fits] Step 3/4: reading file 1/2: data/fits/tess2019331140908-s0019-0000000154840461-0164-s_lc.fits
15:30:00  INFO      tess_pipeline.data.download  [fits] Step 3/4: reading file 2/2: data/fits/tess2019357164649-s0020-0000000154840461-0165-s_lc.fits
15:30:00  INFO      tess_pipeline.data.download  [fits] Step 4/4: loaded 2 light curve(s) from local FITS in 0.2s
15:30:00  INFO      tess_pipeline.data.download  [download] Completed TIC 154840461 download in 15.2s (2 sector file(s))
15:30:00  INFO      tess_pipeline.analysis.stages.lightcurve  Loaded light curves for sector(s): [19, 20]
✓ Completed in 15.22 s

======================================================================
Step 6: Preprocess Light Curves
======================================================================
15:30:00  INFO      tess_pipeline.analysis.stages.lightcurve  Preprocessing light curves
15:30:01  INFO      tess_pipeline.data.preprocess  Saving diagnostic plots to directory: output_bayesian_sector_longest_3000_draws_4_chains/TIC 154840461/plots
15:30:01  INFO      tess_pipeline.data.preprocess  Dynamic mask width calculated: 0.218 days for P = 6.04 d
15:30:03  DEBUG     tess_pipeline.data.preprocess  Stitched 2 sectors -> 34307 cadences
15:30:03  INFO      tess_pipeline.data.preprocess  Preprocessing complete: 34307 cadences remain
15:30:04  INFO      tess_pipeline.data.preprocess  Saved final stitched visualization to output_bayesian_sector_longest_3000_draws_4_chains/TIC 154840461/plots/final_stitched_preprocessing.png
15:30:04  INFO      tess_pipeline.analysis.session  Saved step plot: output_bayesian_sector_longest_3000_draws_4_chains/TIC 154840461/plots/01_raw.png
15:30:04  INFO      tess_pipeline.analysis.session  Saved step plot: output_bayesian_sector_longest_3000_draws_4_chains/TIC 154840461/plots/02_flat.png
✓ Completed in 3.75 s

======================================================================
Step 7: Search for Transit Signals
======================================================================
15:30:04  INFO      tess_pipeline.analysis.stages.period  Archive period found for Planet 1: 6.036076 d; refining...
15:30:04  INFO      tess_pipeline.transit.detection  Running TLS (period 6.0-6.0 d)
15:30:04  DEBUG     tess_pipeline.transit.tls  TLS search mode: narrow (osf=103, dur_step=1.10)
15:30:04  DEBUG     tess_pipeline.transit.tls  TLS kwargs: {'period_min': 6.0260758, 'period_max': 6.0460758, 'duration_grid_step': 1.1, 'oversampling_factor': 103}
Transit Least Squares TLS 1.32 (5 Apr 2024)
Creating model cache for 29 durations
Searching 34307 data points, 131 periods from 6.026 to 6.046 days
Using all 32 CPU threads
15:30:14  INFO      tess_pipeline.transit.tls  Optimized T0 search: running coarse pass with 100 points...
15:30:15  INFO      tess_pipeline.transit.tls  Optimized T0 search: running fine pass with 300 points around T0=1818.4030...
15:30:16  INFO      tess_pipeline.transit.tls  TLS: period=6.035599 d, epoch=1818.3741, duration=0.98 h, depth=0.001494, SDE=1.69
15:30:16  INFO      tess_pipeline.analysis.stages.period  Searching for 1 additional planet(s) in residuals...
15:30:16  INFO      tess_pipeline.transit.detection  Capping period_max 100.0 → 17.6 d (3-transit requirement over 53 d baseline)
15:30:16  INFO      tess_pipeline.transit.detection  Searching for Planet 1 candidate (coarse search)...
15:30:16  INFO      tess_pipeline.transit.detection  Running TLS (period 0.5-17.6 d)
15:30:16  DEBUG     tess_pipeline.transit.tls  TLS search mode: broad (osf=None, dur_step=1.10)
15:30:16  DEBUG     tess_pipeline.transit.tls  TLS kwargs: {'period_min': 0.5, 'period_max': 17.579254552007644, 'duration_grid_step': 1.1, 'period_grid': array([ 0.5       ,  0.50357975,  0.50718514,  0.51081633,  0.51447353,
        0.51815691,  0.52186666,  0.52560296,  0.52936602,  0.53315602,
        0.53697316,  0.54081762,  0.54468961,  0.54858932,  0.55251695,
        0.5564727 ,  0.56045677,  0.56446937,  0.56851069,  0.57258095,
        0.57668035,  0.5808091 ,  0.58496741,  0.58915548,  0.59337355,
        0.59762181,  0.60190049,  0.6062098 ,  0.61054997,  0.6149212 ,
        0.61932374,  0.62375779,  0.62822359,  0.63272136,  0.63725134,
        0.64181375,  0.64640882,  0.65103679,  0.65569789,  0.66039236,
        0.66512045,  0.66988239,  0.67467841,  0.67950878,  0.68437373,
        0.68927351,  0.69420837,  0.69917856,  0.70418434,  0.70922595,
        0.71430366,  0.71941772,  0.7245684 ,  0.72975595,  0.73498065,
        0.74024275,  0.74554252,  0.75088024,  0.75625618,  0.7616706 ,
        0.76712379,  0.77261602,  0.77814757,  0.78371872,  0.78932976,
        0.79498098,  0.80067265,  0.80640507,  0.81217854,  0.81799334,
        0.82384977,  0.82974813,  0.83568872,  0.84167184,  0.84769779,
        0.85376689,  0.85987945,  0.86603576,  0.87223615,  0.87848093,
        0.88477043,  0.89110495,  0.89748482,  0.90391037,  0.91038193,
        0.91689981,  0.92346437,  0.93007592,  0.9367348 ,  0.94344137,
        0.95019594,  0.95699888,  0.96385052,  0.97075122,  0.97770132,
        0.98470118,  0.99175116,  0.99885161,  1.0060029 ,  1.01320538,
        1.02045944,  1.02776542,  1.03512372,  1.0425347 ,  1.04999873,
        1.05751621,  1.06508751,  1.07271301,  1.08039311,  1.08812819,
        1.09591866,  1.1037649 ,  1.11166731,  1.1196263 ,  1.12764228,
        1.13571564,  1.14384681,  1.15203619,  1.1602842 ,  1.16859127,
        1.17695781,  1.18538425,  1.19387102,  1.20241855,  1.21102727,
        1.21969763,  1.22843007,  1.23722503,  1.24608295,  1.25500429,
        1.26398951,  1.27303905,  1.28215338,  1.29133297,  1.30057828,
        1.30988979,  1.31926795,  1.32871326,  1.3382262 ,  1.34780724,
        1.35745688,  1.3671756 ,  1.37696391,  1.38682229,  1.39675126,
        1.40675131,  1.41682296,  1.42696672,  1.4371831 ,  1.44747263,
        1.45783582,  1.46827321,  1.47878532,  1.4893727 ,  1.50003588,
        1.5107754 ,  1.52159181,  1.53248566,  1.5434575 ,  1.5545079 ,
        1.56563741,  1.57684661,  1.58813606,  1.59950633,  1.61095801,
        1.62249168,  1.63410792,  1.64580733,  1.6575905 ,  1.66945804,
        1.68141054,  1.69344861,  1.70557287,  1.71778394,  1.73008243,
        1.74246897,  1.75494419,  1.76750873,  1.78016322,  1.79290832,
        1.80574466,  1.8186729 ,  1.83169371,  1.84480774,  1.85801565,
        1.87131813,  1.88471585,  1.89820949,  1.91179974,  1.92548729,
        1.93927283,  1.95315707,  1.96714072,  1.98122448,  1.99540907,
        2.00969522,  2.02408366,  2.0385751 ,  2.0531703 ,  2.06786999,
        2.08267492,  2.09758585,  2.11260354,  2.12772874,  2.14296223,
        2.15830479,  2.17375719,  2.18932023,  2.20499468,  2.22078136,
        2.23668107,  2.25269461,  2.26882279,  2.28506645,  2.3014264 ,
        2.31790349,  2.33449854,  2.3512124 ,  2.36804593,  2.38499997,
        2.4020754 ,  2.41927308,  2.43659389,  2.4540387 ,  2.47160842,
        2.48930392,  2.50712611,  2.5250759 ,  2.54315421,  2.56136194,
        2.57970004,  2.59816942,  2.61677104,  2.63550584,  2.65437476,
        2.67337878,  2.69251886,  2.71179598,  2.7312111 ,  2.75076523,
        2.77045936,  2.79029449,  2.81027163,  2.83039179,  2.85065601,
        2.87106531,  2.89162072,  2.91232331,  2.93317411,  2.9541742 ,
        2.97532464,  2.9966265 ,  3.01808087,  3.03968885,  3.06145153,
        3.08337002,  3.10544544,  3.1276789 ,  3.15007154,  3.17262451,
        3.19533894,  3.218216  ,  3.24125685,  3.26446266,  3.2878346 ,
        3.31137389,  3.3350817 ,  3.35895924,  3.38300774,  3.40722842,
        3.4316225 ,  3.45619123,  3.48093586,  3.50585766,  3.53095787,
        3.5562378 ,  3.58169872,  3.60734192,  3.63316872,  3.65918042,
        3.68537835,  3.71176385,  3.73833826,  3.76510293,  3.79205922,
        3.8192085 ,  3.84655215,  3.87409158,  3.90182817,  3.92976335,
        3.95789852,  3.98623513,  4.01477462,  4.04351843,  4.07246804,
        4.10162491,  4.13099053,  4.16056639,  4.19035401,  4.22035488,
        4.25057055,  4.28100255,  4.31165243,  4.34252174,  4.37361206,
        4.40492498,  4.43646208,  4.46822497,  4.50021526,  4.5324346 ,
        4.5648846 ,  4.59756693,  4.63048326,  4.66363524,  4.69702458,
        4.73065297,  4.76452212,  4.79863376,  4.83298962,  4.86759145,
        4.90244102,  4.93754009,  4.97289045,  5.00849391,  5.04435226,
        5.08046735,  5.116841  ,  5.15347507,  5.19037142,  5.22753193,
        5.26495849,  5.30265301,  5.3406174 ,  5.3788536 ,  5.41736355,
        5.45614921,  5.49521256,  5.53455558,  5.57418028,  5.61408868,
        5.6542828 ,  5.69476468,  5.7355364 ,  5.77660003,  5.81795765,
        5.85961137,  5.90156331,  5.9438156 ,  5.9863704 ,  6.02922988,
        6.0723962 ,  6.11587158,  6.15965821,  6.20375834,  6.2481742 ,
        6.29290806,  6.3379622 ,  6.38333889,  6.42904046,  6.47506924,
        6.52142755,  6.56811777,  6.61514227,  6.66250344,  6.71020369,
        6.75824546,  6.80663118,  6.85536331,  6.90444435,  6.95387678,
        7.00366312,  7.05380591,  7.1043077 ,  7.15517105,  7.20639856,
        7.25799284,  7.3099565 ,  7.3622922 ,  7.4150026 ,  7.46809038,
        7.52155824,  7.5754089 ,  7.62964511,  7.68426962,  7.73928522,
        7.7946947 ,  7.85050088,  7.90670662,  7.96331475,  8.02032818,
        8.07774979,  8.13558251,  8.19382929,  8.25249308,  8.31157688,
        8.37108369,  8.43101653,  8.49137847,  8.55217257,  8.61340193,
        8.67506966,  8.7371789 ,  8.79973281,  8.86273457,  8.9261874 ,
        8.99009452,  9.05445918,  9.11928466,  9.18457426,  9.2503313 ,
        9.31655913,  9.38326112,  9.45044066,  9.51810118,  9.58624611,
        9.65487892,  9.72400312,  9.7936222 ,  9.86373973,  9.93435926,
       10.0054844 , 10.07711875, 10.14926597, 10.22192973, 10.29511373,
       10.36882169, 10.44305736, 10.51782452, 10.59312698, 10.66896857,
       10.74535315, 10.8222846 , 10.89976684, 10.97780382, 11.05639951,
       11.1355579 , 11.21528302, 11.29557894, 11.37644974, 11.45789953,
       11.53993247, 11.62255272, 11.70576449, 11.78957201, 11.87397956,
       11.95899142, 12.04461193, 12.13084544, 12.21769633, 12.30516904,
       12.39326801, 12.48199772, 12.57136269, 12.66136748, 12.75201665,
       12.84331483, 12.93526666, 13.02787681, 13.12115001, 13.21509101,
       13.30970457, 13.40499552, 13.5009687 , 13.59762901, 13.69498135,
       13.7930307 , 13.89178202, 13.99124036, 14.09141077, 14.19229835,
       14.29390824, 14.3962456 , 14.49931565, 14.60312363, 14.70767483,
       14.81297456, 14.91902818, 15.0258411 , 15.13341874, 15.24176659,
       15.35089015, 15.46079499, 15.57148669, 15.68297089, 15.79525326,
       15.90833951, 16.02223541, 16.13694675, 16.25247936, 16.36883914,
       16.48603199, 16.60406388, 16.72294082, 16.84266887, 16.96325411,
       17.08470268, 17.20702076, 17.33021458, 17.4542904 , 17.57925455]), 'n_transits_min': 2}
Transit Least Squares TLS 1.32 (5 Apr 2024)
Creating model cache for 40 durations
Searching 33932 data points, 500 periods from 0.5 to 17.579 days
Using all 32 CPU threads
15:30:28  INFO      tess_pipeline.transit.tls  Optimized T0 search: running coarse pass with 100 points...
15:30:29  INFO      tess_pipeline.transit.tls  Optimized T0 search: running fine pass with 300 points around T0=1821.3368...
15:30:30  INFO      tess_pipeline.transit.tls  TLS: period=9.119285 d, epoch=1821.3218, duration=2.04 h, depth=0.000166, SDE=4.96
15:30:30  INFO      tess_pipeline.transit.detection  Significant peak found (coarse SDE/SNR = 4.96 at 9.1193 d). Checking sub-harmonics for robustness...
15:30:30  INFO      tess_pipeline.transit.detection  Running TLS (period 3.0-3.1 d)
15:30:30  DEBUG     tess_pipeline.transit.tls  TLS search mode: narrow (osf=4, dur_step=1.10)
15:30:30  DEBUG     tess_pipeline.transit.tls  TLS kwargs: {'period_min': 2.978966323080237, 'period_max': 3.100556785246777, 'duration_grid_step': 1.1, 'oversampling_factor': 4}
Transit Least Squares TLS 1.32 (5 Apr 2024)
Creating model cache for 28 durations
Searching 33932 data points, 77 periods from 2.98 to 3.1 days
Using all 32 CPU threads
15:30:40  INFO      tess_pipeline.transit.tls  Optimized T0 search: running coarse pass with 100 points...
15:30:40  INFO      tess_pipeline.transit.tls  Optimized T0 search: running fine pass with 300 points around T0=1816.5119...
15:30:41  INFO      tess_pipeline.transit.tls  TLS: period=3.009511 d, epoch=1816.5120, duration=0.69 h, depth=0.000120, SDE=4.26
15:30:41  INFO      tess_pipeline.transit.detection  Running TLS (period 4.5-4.7 d)
15:30:41  DEBUG     tess_pipeline.transit.tls  TLS search mode: narrow (osf=6, dur_step=1.10)
15:30:41  DEBUG     tess_pipeline.transit.tls  TLS kwargs: {'period_min': 4.468449484620356, 'period_max': 4.6508351778701655, 'duration_grid_step': 1.1, 'oversampling_factor': 6}
Transit Least Squares TLS 1.32 (5 Apr 2024)
Creating model cache for 29 durations
Searching 33932 data points, 101 periods from 4.469 to 4.649 days
Using all 32 CPU threads
15:30:52  INFO      tess_pipeline.transit.tls  Optimized T0 search: running coarse pass with 100 points...
15:30:52  INFO      tess_pipeline.transit.tls  Optimized T0 search: running fine pass with 300 points around T0=1817.0493...
15:30:53  INFO      tess_pipeline.transit.tls  TLS: period=4.539757 d, epoch=1817.0594, duration=0.95 h, depth=0.000132, SDE=4.20
15:30:53  INFO      tess_pipeline.transit.detection  Running TLS (period 8.9-9.3 d)
15:30:53  DEBUG     tess_pipeline.transit.tls  TLS search mode: narrow (osf=12, dur_step=1.10)
15:30:53  DEBUG     tess_pipeline.transit.tls  TLS kwargs: {'period_min': 8.936898969240712, 'period_max': 9.301670355740331, 'duration_grid_step': 1.1, 'oversampling_factor': 12}
Transit Least Squares TLS 1.32 (5 Apr 2024)
Creating model cache for 29 durations
Searching 33932 data points, 160 periods from 8.938 to 9.3 days
Using all 32 CPU threads
15:31:04  INFO      tess_pipeline.transit.tls  Optimized T0 search: running coarse pass with 100 points...
15:31:04  INFO      tess_pipeline.transit.tls  Optimized T0 search: running fine pass with 300 points around T0=1821.3397...
15:31:05  INFO      tess_pipeline.transit.tls  TLS: period=9.124377 d, epoch=1821.3065, duration=2.58 h, depth=0.000149, SDE=3.21
15:31:05  INFO      tess_pipeline.transit.detection  Harmonic resolution: selected fraction 1.00 (refined period=9.1244 d, SDE/SNR=5.62, max_sig was 5.62)
Planet 1 derived robust period: 9.12438 days (SNR: 5.62, via fraction 1.00 of initial peak 9.11928d)
15:31:05  INFO      tess_pipeline.transit.detection  Planet 1 found: Period = 9.124377 d, epoch = 1821.3065, SDE/SNR = 5.62
15:31:05  INFO      tess_pipeline.analysis.stages.period  Detections completed. Found 2 planet candidate(s).
15:31:06  INFO      tess_pipeline.analysis.session  Saved step plot: output_bayesian_sector_longest_3000_draws_4_chains/TIC 154840461/plots/03_tls_periodogram.png
15:31:06  INFO      tess_pipeline.analysis.session  Saved step plot: output_bayesian_sector_longest_3000_draws_4_chains/TIC 154840461/plots/tls_periodogram_coarse_p0.png
15:31:06  INFO      tess_pipeline.analysis.session  Saved step plot: output_bayesian_sector_longest_3000_draws_4_chains/TIC 154840461/plots/tls_periodogram_fine_p0.png
15:31:06  INFO      tess_pipeline.analysis.session  Saved step plot: output_bayesian_sector_longest_3000_draws_4_chains/TIC 154840461/plots/tls_periodogram_coarse_p1.png
15:31:06  INFO      tess_pipeline.analysis.session  Saved step plot: output_bayesian_sector_longest_3000_draws_4_chains/TIC 154840461/plots/tls_periodogram_fine_p1.png
15:31:07  INFO      tess_pipeline.analysis.session  Saved step plot: output_bayesian_sector_longest_3000_draws_4_chains/TIC 154840461/plots/04_phase.png
✓ Completed in 62.44 s

======================================================================
Step 8: Bayesian Transit Fit
======================================================================
15:31:07  INFO      tess_pipeline.analysis.stages.inference  Running Bayesian transit fit (exoplanet + PyMC)
15:31:07  INFO      tess_pipeline.analysis.stages.inference  Second candidate probability (13.1%) is below 75% threshold. Skipping multi-planet MCMC fit and proceeding with 1-planet model.
15:31:07  INFO      tess_pipeline.inference.bayesian  Building PyMC model (N=34307 points, 1 planets)
15:31:07  DEBUG     tess_pipeline.inference.gp  Using SHO GP kernel
15:31:07  INFO      tess_pipeline.inference.bayesian  Sampling: 4 chains × 3000 draws (tune=3000, target_accept=0.95)
                                                                                
                                  Step    Grad                                  
  Progress        Draw    Dive…   size    evals   Speed          Elap…   Rema…  
 ────────────────────────────────────────────────────────────────────────────── 
  ━━━━━━━━━━━━━   6000    0       0.041   95      1.15 s/draw    1:54…   0:00…  
  ━━━━━━━━━━━━━   6000    0       0.043   63      1.13 s/draw    1:53…   0:00…  
  ━━━━━━━━━━━━━   6000    0       0.038   127     1.08 s/draw    1:48…   0:00…  
  ━━━━━━━━━━━━━   6000    0       0.030   127     1.15 s/draw    1:55…   0:00…  
                                                                                
Computing ... ━━━━━━━━━━━━━━━━━━━━━━━━━━━━━━━━━━━━━━━━ 100% 0:00:00
17:28:14  INFO      tess_pipeline.inference.bayesian  Sampling complete
17:28:46  INFO      tess_pipeline.analysis.session  Saved step plot: output_bayesian_sector_longest_3000_draws_4_chains/TIC 154840461/plots/06_bayesian_fit.png
17:28:50  INFO      tess_pipeline.analysis.session  Saved step plot: output_bayesian_sector_longest_3000_draws_4_chains/TIC 154840461/plots/07_corner.png
17:28:51  INFO      tess_pipeline.analysis.session  Saved step plot: output_bayesian_sector_longest_3000_draws_4_chains/TIC 154840461/plots/08_trace.png
17:28:51  INFO      tess_pipeline.analysis.session  Saved step plot: output_bayesian_sector_longest_3000_draws_4_chains/TIC 154840461/plots/09_posterior_predictive.png
17:28:52  INFO      tess_pipeline.analysis.session  Saved step plot: output_bayesian_sector_longest_3000_draws_4_chains/TIC 154840461/plots/05_residuals.png
✓ Completed in 7064.97 s

======================================================================
Step 9: Derive Planet Parameters
======================================================================
✓ Completed in 0.07 s

======================================================================
Step 10: Check MCMC Convergence
======================================================================
17:28:54  INFO      tess_pipeline.inference.diagnostics  Convergence OK (R̂_max=1.0009, ESS_min=5005, divergences=0)
✓ Completed in 2.58 s

======================================================================
Step 11: Generate Figures
======================================================================
17:28:54  INFO      tess_pipeline.analysis.stages.visualization  Generating diagnostic figures
✓ Completed in 15.23 s

======================================================================
Step 12: Save Results
======================================================================
17:29:09  INFO      tess_pipeline.io.export  Saving results to output_bayesian_sector_longest_3000_draws_4_chains/TIC 154840461
17:29:10  DEBUG     tess_pipeline.io.export  Saved CSV: output_bayesian_sector_longest_3000_draws_4_chains/TIC 154840461/TIC154840461_summary.csv
17:29:10  DEBUG     tess_pipeline.io.export  Saved JSON: output_bayesian_sector_longest_3000_draws_4_chains/TIC 154840461/TIC154840461_metadata.json
17:29:10  DEBUG     tess_pipeline.io.export  Saved compressed posterior sample values: output_bayesian_sector_longest_3000_draws_4_chains/TIC 154840461/data_for_plots/posterior_samples.npz
17:29:11  DEBUG     tess_pipeline.io.export  Saved light curve FITS: output_bayesian_sector_longest_3000_draws_4_chains/TIC 154840461/TIC154840461_lightcurve.fits
17:29:11  DEBUG     tess_pipeline.io.export  Saved figure: output_bayesian_sector_longest_3000_draws_4_chains/TIC 154840461/plots/01_raw.png
17:29:11  DEBUG     tess_pipeline.io.export  Saved figure: output_bayesian_sector_longest_3000_draws_4_chains/TIC 154840461/plots/02_flat.png
17:29:11  DEBUG     tess_pipeline.io.export  Saved figure: output_bayesian_sector_longest_3000_draws_4_chains/TIC 154840461/plots/03_tls_periodogram.png
17:29:11  DEBUG     tess_pipeline.io.export  Saved figure: output_bayesian_sector_longest_3000_draws_4_chains/TIC 154840461/plots/03_tls_periodogram_coarse_p0.png
17:29:11  DEBUG     tess_pipeline.io.export  Saved figure: output_bayesian_sector_longest_3000_draws_4_chains/TIC 154840461/plots/03_tls_periodogram_fine_p0.png
17:29:12  DEBUG     tess_pipeline.io.export  Saved figure: output_bayesian_sector_longest_3000_draws_4_chains/TIC 154840461/plots/03_tls_periodogram_coarse_p1.png
17:29:12  DEBUG     tess_pipeline.io.export  Saved figure: output_bayesian_sector_longest_3000_draws_4_chains/TIC 154840461/plots/03_tls_periodogram_fine_p1.png
17:29:12  DEBUG     tess_pipeline.io.export  Saved figure: output_bayesian_sector_longest_3000_draws_4_chains/TIC 154840461/plots/04_phase_p0.png
17:29:12  DEBUG     tess_pipeline.io.export  Saved figure: output_bayesian_sector_longest_3000_draws_4_chains/TIC 154840461/plots/04_phase_p1.png
17:29:12  DEBUG     tess_pipeline.io.export  Saved figure: output_bayesian_sector_longest_3000_draws_4_chains/TIC 154840461/plots/05_residuals.png
17:29:13  DEBUG     tess_pipeline.io.export  Saved figure: output_bayesian_sector_longest_3000_draws_4_chains/TIC 154840461/plots/06_bayesian_fit.png
17:29:13  DEBUG     tess_pipeline.io.export  Saved figure: output_bayesian_sector_longest_3000_draws_4_chains/TIC 154840461/plots/10_gp_acf.png
17:29:13  DEBUG     tess_pipeline.io.export  Saved figure: output_bayesian_sector_longest_3000_draws_4_chains/TIC 154840461/plots/11_transit_stack_p0.png
17:29:13  DEBUG     tess_pipeline.io.export  Saved figure: output_bayesian_sector_longest_3000_draws_4_chains/TIC 154840461/plots/04_mcmc_phase_p0.png
17:29:15  DEBUG     tess_pipeline.io.export  Saved figure: output_bayesian_sector_longest_3000_draws_4_chains/TIC 154840461/plots/07_corner.png
17:29:15  DEBUG     tess_pipeline.io.export  Saved figure: output_bayesian_sector_longest_3000_draws_4_chains/TIC 154840461/plots/08_trace.png
17:29:16  DEBUG     tess_pipeline.io.export  Saved figure: output_bayesian_sector_longest_3000_draws_4_chains/TIC 154840461/plots/09_posterior_predictive.png
17:29:16  DEBUG     tess_pipeline.io.export  Saved periodogram data: output_bayesian_sector_longest_3000_draws_4_chains/TIC 154840461/data_for_plots/periodogram_data.npz
17:29:29  DEBUG     tess_pipeline.io.export  Saved lightcurve model data: output_bayesian_sector_longest_3000_draws_4_chains/TIC 154840461/data_for_plots/lightcurve_model_data.npz
17:29:29  DEBUG     tess_pipeline.io.export  Saved recreate script: output_bayesian_sector_longest_3000_draws_4_chains/TIC 154840461/recreate_plots.py
17:29:29  INFO      tess_pipeline.io.export  Saved HTML Report: output_bayesian_sector_longest_3000_draws_4_chains/TIC 154840461/report.html
17:29:37  INFO      tess_pipeline.io.report  PDF report saved: output_bayesian_sector_longest_3000_draws_4_chains/TIC 154840461/TIC154840461_report.pdf
17:29:37  INFO      tess_pipeline.io.export  Export complete: output_bayesian_sector_longest_3000_draws_4_chains/TIC 154840461
✓ Completed in 27.84 s


================================================================================
PIPELINE SUMMARY
================================================================================
Detected Period : 6.035599 d
Epoch           : 1818.374123
Depth           : 0.001494
Duration        : 0.98 hr
SDE             : 1.69
SNR             : 41.12

Output Directory : output_bayesian_sector_longest_3000_draws_4_chains
Total Runtime    : 119.98 minutes

✓ Pipeline completed successfully.


Running pipeline for TIC 148914726...


================================================================================
TESS EXOPLANET PIPELINE
================================================================================
Target      : TIC 148914726
Mode        : science
Search      : TLS
Backend     : exoplanet/PyMC
Output      : output_bayesian_sector_longest_3000_draws_4_chains
================================================================================

======================================================================
Step 1: Resolve Target
======================================================================
17:29:37  INFO      tess_pipeline.analysis.stages.target  Resolving target: TIC 148914726
17:29:37  DEBUG     tess_pipeline.data.metadata  Resolved 'TIC 148914726' to TIC 148914726
17:29:37  INFO      tess_pipeline.catalogs.nasa_archive  Using local NASA archive CSV /mnt/home/project/cnitesh/nitesh/tess_exoplanet_pipeline/data/TOI_2026.06.28_09.42.00.csv for TIC 148914726 (matched 1 row(s))
17:29:37  INFO      tess_pipeline.data.metadata  Loaded coordinates for TIC 148914726 from local archive
17:29:37  INFO      tess_pipeline.analysis.stages.target  Resolved to TIC 148914726
✓ Completed in 0.02 s

======================================================================
Step 2: Query NASA Exoplanet Archive
======================================================================
17:29:37  INFO      tess_pipeline.analysis.stages.period  Querying NASA Exoplanet Archive for TIC 148914726
17:29:37  INFO      tess_pipeline.analysis.stages.period  Archive periods found: 1 planets (Primary: 1.261532 d)
✓ Completed in 0.01 s

======================================================================
Step 4: Characterize Host Star
======================================================================
17:29:37  INFO      tess_pipeline.analysis.stages.stellar  Querying Gaia DR3
17:29:43  WARNING   tess_pipeline.catalogs.gaia  Gaia DR3: r_star not available for this source
17:29:43  INFO      tess_pipeline.analysis.stages.stellar  Parameters ['r_star'] missing in Gaia DR3; checking local NASA TOI archive
17:29:43  INFO      tess_pipeline.catalogs.nasa_archive  Using local NASA archive CSV /mnt/home/project/cnitesh/nitesh/tess_exoplanet_pipeline/data/TOI_2026.06.28_09.42.00.csv for TIC 148914726 (matched 1 row(s))
17:29:43  INFO      tess_pipeline.analysis.stages.stellar  Retrieved r_star = 0.7800000 from local NASA archive
17:29:43  INFO      tess_pipeline.analysis.stages.stellar  Running stellar characterization (gaia_only)
17:29:43  DEBUG     tess_pipeline.catalogs.stellar  Querying VizieR TIC v8.2 via vizier.cds.unistra.fr
17:29:44  INFO      tess_pipeline.catalogs.stellar  VizieR TIC v8.2 query succeeded via vizier.cds.unistra.fr
17:29:44  INFO      tess_pipeline.catalogs.stellar  VizieR (TIC8.2) query successful: Teff=4944.0, logg=4.567800045013428, feh=None, r_star=0.775, m_star=0.8100000023841858, parallax=None
17:29:44  INFO      tess_pipeline.catalogs.stellar  Querying SIMBAD TAP for TIC 148914726 measurements
17:29:45  INFO      tess_pipeline.catalogs.stellar  Querying SIMBAD TAP at coordinates RA=187.05589435486812, DEC=67.24004449266974 for measurements
17:29:45  INFO      tess_pipeline.catalogs.stellar  SIMBAD query successful: Teff=None, logg=None, feh=None, parallax=11.5888
✓ Completed in 7.98 s

======================================================================
Step 5: Download TESS Light Curves
======================================================================
17:29:45  INFO      tess_pipeline.analysis.stages.lightcurve  Downloading TESS data for TIC 148914726
17:29:45  INFO      tess_pipeline.data.download  [download] Starting download for TIC 148914726 (author=SPOC, cadence=120, sectors=longest, force_download=False)
17:29:50  INFO      tess_pipeline.data.download  [download] Found 7 available sector(s): [14, 15, 21, 22, 41, 48, 75]
17:29:50  INFO      tess_pipeline.data.download  [download] Selected sectors for analysis: [14, 15]
17:29:50  INFO      tess_pipeline.data.download  [download] Downloading 2 selected sector(s) from MAST
17:29:57  INFO      tess_pipeline.data.download  [fits] Step 1/4: normalizing FITS paths
17:29:57  INFO      tess_pipeline.data.download  [fits] Step 2/4: 2 FITS file(s) queued
17:29:57  INFO      tess_pipeline.data.download  [fits] Step 3/4: reading file 1/2: data/fits/tess2019198215352-s0014-0000000148914726-0150-s_lc.fits
17:29:57  INFO      tess_pipeline.data.download  [fits] Step 3/4: reading file 2/2: data/fits/tess2019226182529-s0015-0000000148914726-0151-s_lc.fits
17:29:57  INFO      tess_pipeline.data.download  [fits] Step 4/4: loaded 2 light curve(s) from local FITS in 0.1s
17:29:57  INFO      tess_pipeline.data.download  [download] Completed TIC 148914726 download in 11.8s (2 sector file(s))
17:29:57  INFO      tess_pipeline.analysis.stages.lightcurve  Loaded light curves for sector(s): [14, 15]
✓ Completed in 11.84 s

======================================================================
Step 6: Preprocess Light Curves
======================================================================
17:29:57  INFO      tess_pipeline.analysis.stages.lightcurve  Preprocessing light curves
17:29:57  INFO      tess_pipeline.data.preprocess  Saving diagnostic plots to directory: output_bayesian_sector_longest_3000_draws_4_chains/TIC 148914726/plots
17:29:57  INFO      tess_pipeline.data.preprocess  Dynamic mask width calculated: 0.130 days for P = 1.26 d
17:30:00  DEBUG     tess_pipeline.data.preprocess  Stitched 2 sectors -> 32475 cadences
17:30:00  INFO      tess_pipeline.data.preprocess  Preprocessing complete: 32475 cadences remain
17:30:01  INFO      tess_pipeline.data.preprocess  Saved final stitched visualization to output_bayesian_sector_longest_3000_draws_4_chains/TIC 148914726/plots/final_stitched_preprocessing.png
17:30:01  INFO      tess_pipeline.analysis.session  Saved step plot: output_bayesian_sector_longest_3000_draws_4_chains/TIC 148914726/plots/01_raw.png
17:30:01  INFO      tess_pipeline.analysis.session  Saved step plot: output_bayesian_sector_longest_3000_draws_4_chains/TIC 148914726/plots/02_flat.png
✓ Completed in 3.87 s

======================================================================
Step 7: Search for Transit Signals
======================================================================
17:30:01  INFO      tess_pipeline.analysis.stages.period  Archive period found for Planet 1: 1.261532 d; refining...
17:30:01  INFO      tess_pipeline.transit.detection  Running TLS (period 1.3-1.3 d)
17:30:01  DEBUG     tess_pipeline.transit.tls  TLS search mode: narrow (osf=17, dur_step=1.10)
17:30:01  DEBUG     tess_pipeline.transit.tls  TLS kwargs: {'period_min': 1.2590092354, 'period_max': 1.2640553646000001, 'duration_grid_step': 1.1, 'oversampling_factor': 17}
Transit Least Squares TLS 1.32 (5 Apr 2024)
Creating model cache for 21 durations
Searching 32475 data points, 45 periods from 1.259 to 1.264 days
Using all 32 CPU threads
17:30:11  INFO      tess_pipeline.transit.tls  Optimized T0 search: running coarse pass with 100 points...
17:30:11  INFO      tess_pipeline.transit.tls  Optimized T0 search: running fine pass with 300 points around T0=1683.4150...
17:30:12  INFO      tess_pipeline.transit.tls  TLS: period=1.261536 d, epoch=1683.4132, duration=0.81 h, depth=0.002773, SDE=1.90
17:30:12  INFO      tess_pipeline.analysis.stages.period  Searching for 1 additional planet(s) in residuals...
17:30:12  INFO      tess_pipeline.transit.detection  Capping period_max 100.0 → 18.0 d (3-transit requirement over 54 d baseline)
17:30:12  INFO      tess_pipeline.transit.detection  Searching for Planet 1 candidate (coarse search)...
17:30:12  INFO      tess_pipeline.transit.detection  Running TLS (period 0.5-18.0 d)
17:30:12  DEBUG     tess_pipeline.transit.tls  TLS search mode: broad (osf=None, dur_step=1.10)
17:30:12  DEBUG     tess_pipeline.transit.tls  TLS kwargs: {'period_min': 0.5, 'period_max': 18.0185453752797, 'duration_grid_step': 1.1, 'period_grid': array([ 0.5       ,  0.50360466,  0.50723531,  0.51089214,  0.51457533,
        0.51828507,  0.52202156,  0.52578498,  0.52957554,  0.53339342,
        0.53723883,  0.54111196,  0.54501301,  0.54894219,  0.55289969,
        0.55688573,  0.5609005 ,  0.56494422,  0.56901708,  0.57311931,
        0.57725112,  0.58141271,  0.5856043 ,  0.58982612,  0.59407837,
        0.59836127,  0.60267506,  0.60701994,  0.61139614,  0.6158039 ,
        0.62024343,  0.62471497,  0.62921874,  0.63375499,  0.63832393,
        0.64292582,  0.64756088,  0.65222936,  0.65693149,  0.66166753,
        0.66643771,  0.67124227,  0.67608148,  0.68095557,  0.6858648 ,
        0.69080943,  0.6957897 ,  0.70080587,  0.70585821,  0.71094698,
        0.71607243,  0.72123483,  0.72643444,  0.73167155,  0.73694641,
        0.7422593 ,  0.74761049,  0.75300025,  0.75842888,  0.76389664,
        0.76940382,  0.77495071,  0.78053758,  0.78616473,  0.79183245,
        0.79754103,  0.80329076,  0.80908195,  0.81491489,  0.82078987,
        0.82670722,  0.83266722,  0.83867019,  0.84471644,  0.85080628,
        0.85694002,  0.86311798,  0.86934048,  0.87560784,  0.88192038,
        0.88827843,  0.89468232,  0.90113238,  0.90762894,  0.91417233,
        0.9207629 ,  0.92740098,  0.93408692,  0.94082106,  0.94760375,
        0.95443533,  0.96131617,  0.96824661,  0.97522702,  0.98225775,
        0.98933917,  0.99647164,  1.00365553,  1.01089121,  1.01817905,
        1.02551944,  1.03291274,  1.04035935,  1.04785964,  1.055414  ,
        1.06302283,  1.07068651,  1.07840544,  1.08618002,  1.09401064,
        1.10189772,  1.10984167,  1.11784288,  1.12590177,  1.13401877,
        1.14219428,  1.15042873,  1.15872255,  1.16707616,  1.17548999,
        1.18396449,  1.19250007,  1.2010972 ,  1.2097563 ,  1.21847783,
        1.22726223,  1.23610997,  1.24502149,  1.25399726,  1.26303773,
        1.27214339,  1.28131468,  1.2905521 ,  1.29985611,  1.3092272 ,
        1.31866585,  1.32817254,  1.33774777,  1.34739204,  1.35710583,
        1.36688965,  1.376744  ,  1.3866694 ,  1.39666635,  1.40673538,
        1.41687699,  1.42709172,  1.43738009,  1.44774264,  1.45817989,
        1.46869238,  1.47928067,  1.48994529,  1.50068679,  1.51150573,
        1.52240267,  1.53337817,  1.5444328 ,  1.55556712,  1.56678171,
        1.57807715,  1.58945403,  1.60091292,  1.61245443,  1.62407914,
        1.63578766,  1.64758059,  1.65945853,  1.67142211,  1.68347194,
        1.69560864,  1.70783284,  1.72014517,  1.73254626,  1.74503675,
        1.75761729,  1.77028853,  1.78305112,  1.79590572,  1.80885299,
        1.8218936 ,  1.83502823,  1.84825755,  1.86158224,  1.875003  ,
        1.88852051,  1.90213547,  1.91584859,  1.92966057,  1.94357212,
        1.95758397,  1.97169683,  1.98591144,  2.00022853,  2.01464883,
        2.02917309,  2.04380206,  2.0585365 ,  2.07337717,  2.08832482,
        2.10338024,  2.11854419,  2.13381747,  2.14920086,  2.16469515,
        2.18030115,  2.19601965,  2.21185148,  2.22779744,  2.24385836,
        2.26003507,  2.2763284 ,  2.2927392 ,  2.30926831,  2.32591658,
        2.34268487,  2.35957405,  2.376585  ,  2.39371858,  2.41097568,
        2.42835719,  2.44586401,  2.46349704,  2.4812572 ,  2.4991454 ,
        2.51716255,  2.5353096 ,  2.55358748,  2.57199713,  2.5905395 ,
        2.60921554,  2.62802623,  2.64697253,  2.66605543,  2.68527589,
        2.70463492,  2.72413352,  2.74377269,  2.76355345,  2.78347681,
        2.8035438 ,  2.82375547,  2.84411285,  2.86461699,  2.88526895,
        2.9060698 ,  2.92702061,  2.94812246,  2.96937644,  2.99078364,
        3.01234518,  3.03406216,  3.05593571,  3.07796695,  3.10015702,
        3.12250707,  3.14501824,  3.16769171,  3.19052864,  3.2135302 ,
        3.23669759,  3.260032  ,  3.28353464,  3.30720672,  3.33104945,
        3.35506408,  3.37925184,  3.40361397,  3.42815173,  3.4528664 ,
        3.47775925,  3.50283155,  3.52808461,  3.55351973,  3.57913821,
        3.60494139,  3.6309306 ,  3.65710716,  3.68347245,  3.7100278 ,
        3.73677461,  3.76371424,  3.79084809,  3.81817755,  3.84570404,
        3.87342898,  3.9013538 ,  3.92947994,  3.95780884,  3.98634198,
        4.01508083,  4.04402686,  4.07318157,  4.10254647,  4.13212307,
        4.1619129 ,  4.19191749,  4.2221384 ,  4.25257718,  4.2832354 ,
        4.31411464,  4.34521651,  4.37654259,  4.40809452,  4.43987392,
        4.47188242,  4.50412169,  4.53659337,  4.56929916,  4.60224073,
        4.63541979,  4.66883805,  4.70249723,  4.73639908,  4.77054533,
        4.80493775,  4.83957812,  4.87446822,  4.90960986,  4.94500484,
        4.980655  ,  5.01656217,  5.05272821,  5.08915498,  5.12584437,
        5.16279826,  5.20001856,  5.2375072 ,  5.2752661 ,  5.31329722,
        5.35160252,  5.39018397,  5.42904357,  5.46818333,  5.50760525,
        5.54731138,  5.58730376,  5.62758446,  5.66815556,  5.70901915,
        5.75017734,  5.79163225,  5.83338602,  5.87544081,  5.91779879,
        5.96046213,  6.00343306,  6.04671377,  6.09030651,  6.13421352,
        6.17843708,  6.22297945,  6.26784295,  6.31302988,  6.35854258,
        6.40438339,  6.45055469,  6.49705885,  6.54389827,  6.59107538,
        6.6385926 ,  6.68645238,  6.73465721,  6.78320955,  6.83211193,
        6.88136686,  6.93097689,  6.98094457,  7.03127249,  7.08196323,
        7.13301942,  7.18444369,  7.2362387 ,  7.28840711,  7.34095162,
        7.39387495,  7.44717981,  7.50086897,  7.55494519,  7.60941126,
        7.66427   ,  7.71952423,  7.77517681,  7.8312306 ,  7.88768851,
        7.94455343,  8.00182832,  8.05951612,  8.11761981,  8.17614239,
        8.23508687,  8.29445631,  8.35425376,  8.41448231,  8.47514507,
        8.53624516,  8.59778575,  8.65977   ,  8.72220112,  8.78508232,
        8.84841685,  8.91220799,  8.97645901,  9.04117324,  9.10635402,
        9.17200471,  9.23812869,  9.30472938,  9.37181022,  9.43937467,
        9.50742621,  9.57596836,  9.64500465,  9.71453864,  9.78457393,
        9.85511413,  9.92616287,  9.99772383, 10.06980069, 10.14239718,
       10.21551704, 10.28916405, 10.363342  , 10.43805473, 10.51330608,
       10.58909994, 10.66544023, 10.74233088, 10.81977586, 10.89777917,
       10.97634482, 11.05547688, 11.13517944, 11.21545659, 11.29631249,
       11.3777513 , 11.45977723, 11.54239452, 11.62560742, 11.70942023,
       11.79383727, 11.87886291, 11.96450152, 12.05075752, 12.13763538,
       12.22513957, 12.3132746 , 12.40204502, 12.49145543, 12.58151042,
       12.67221464, 12.76357279, 12.85558956, 12.94826971, 13.04161803,
       13.13563932, 13.23033844, 13.32572029, 13.42178976, 13.51855184,
       13.6160115 , 13.71417379, 13.81304376, 13.91262651, 14.01292719,
       14.11395097, 14.21570306, 14.31818872, 14.42141322, 14.52538191,
       14.63010015, 14.73557333, 14.8418069 , 14.94880634, 15.05657718,
       15.16512497, 15.27445532, 15.38457387, 15.4954863 , 15.60719833,
       15.71971573, 15.83304431, 15.94718991, 16.06215842, 16.17795578,
       16.29458795, 16.41206097, 16.53038089, 16.64955382, 16.7695859 ,
       16.89048334, 17.01225236, 17.13489925, 17.25843035, 17.38285202,
       17.50817069, 17.63439283, 17.76152494, 17.88957358, 18.01854538]), 'n_transits_min': 2}
Transit Least Squares TLS 1.32 (5 Apr 2024)
Creating model cache for 40 durations
Searching 31142 data points, 500 periods from 0.5 to 18.019 days
Using all 32 CPU threads
17:30:24  INFO      tess_pipeline.transit.tls  Optimized T0 search: running coarse pass with 280 points...
17:30:24  INFO      tess_pipeline.transit.tls  Optimized T0 search: running fine pass with 300 points around T0=1683.4482...
17:30:25  INFO      tess_pipeline.transit.tls  TLS: period=13.518552 d, epoch=1683.4638, duration=0.97 h, depth=0.002175, SDE=9.78
17:30:25  INFO      tess_pipeline.transit.detection  Significant peak found (coarse SDE/SNR = 11.72 at 13.5186 d). Checking sub-harmonics for robustness...
17:30:25  INFO      tess_pipeline.transit.detection  Running TLS (period 4.4-4.6 d)
17:30:25  DEBUG     tess_pipeline.transit.tls  TLS search mode: narrow (osf=6, dur_step=1.10)
17:30:25  DEBUG     tess_pipeline.transit.tls  TLS kwargs: {'period_min': 4.416060267711731, 'period_max': 4.5963076255775155, 'duration_grid_step': 1.1, 'oversampling_factor': 6}
Transit Least Squares TLS 1.32 (5 Apr 2024)
Creating model cache for 29 durations
Searching 31142 data points, 104 periods from 4.417 to 4.595 days
Using all 32 CPU threads
17:30:34  INFO      tess_pipeline.transit.tls  Optimized T0 search: running coarse pass with 100 points...
17:30:35  INFO      tess_pipeline.transit.tls  Optimized T0 search: running fine pass with 300 points around T0=1683.4883...
17:30:35  INFO      tess_pipeline.transit.tls  TLS: period=4.523125 d, epoch=1683.4894, duration=1.29 h, depth=0.000466, SDE=2.70
17:30:35  INFO      tess_pipeline.transit.detection  Running TLS (period 6.6-6.9 d)
17:30:35  DEBUG     tess_pipeline.transit.tls  TLS search mode: narrow (osf=9, dur_step=1.10)
17:30:35  DEBUG     tess_pipeline.transit.tls  TLS kwargs: {'period_min': 6.624090401567597, 'period_max': 6.894461438366274, 'duration_grid_step': 1.1, 'oversampling_factor': 9}
Transit Least Squares TLS 1.32 (5 Apr 2024)
Creating model cache for 29 durations
Searching 31142 data points, 136 periods from 6.626 to 6.894 days
Using all 32 CPU threads
17:30:45  INFO      tess_pipeline.transit.tls  Optimized T0 search: running coarse pass with 100 points...
17:30:46  INFO      tess_pipeline.transit.tls  Optimized T0 search: running fine pass with 300 points around T0=1683.4889...
17:30:46  INFO      tess_pipeline.transit.tls  TLS: period=6.814794 d, epoch=1683.4613, duration=2.88 h, depth=0.000417, SDE=2.63
17:30:46  INFO      tess_pipeline.transit.detection  Running TLS (period 13.2-13.8 d)
17:30:46  DEBUG     tess_pipeline.transit.tls  TLS search mode: broad (osf=1, dur_step=1.10)
17:30:46  DEBUG     tess_pipeline.transit.tls  TLS kwargs: {'period_min': 13.248180803135194, 'period_max': 13.788922876732547, 'duration_grid_step': 1.1, 'oversampling_factor': 1, 'n_transits_min': 2}
Transit Least Squares TLS 1.32 (5 Apr 2024)
Creating model cache for 29 durations
Searching 31142 data points, 12 periods from 13.28 to 13.776 days
Using all 32 CPU threads
17:30:52  INFO      tess_pipeline.transit.tls  Optimized T0 search: running coarse pass with 259 points...
17:30:52  INFO      tess_pipeline.transit.tls  Optimized T0 search: running fine pass with 300 points around T0=1683.4563...
17:30:53  INFO      tess_pipeline.transit.tls  TLS: period=13.547610 d, epoch=1683.4680, duration=1.05 h, depth=0.001985, SDE=1.00
17:30:53  INFO      tess_pipeline.transit.detection  Harmonic resolution: selected fraction 1.00 (refined period=13.5476 d, SDE/SNR=11.43, max_sig was 11.43)
Planet 1 derived robust period: 13.54761 days (SNR: 11.43, via fraction 1.00 of initial peak 13.51855d)
17:30:53  INFO      tess_pipeline.transit.detection  Planet 1 found: Period = 13.547610 d, epoch = 1683.4680, SDE/SNR = 11.43
17:30:53  INFO      tess_pipeline.analysis.stages.period  Detections completed. Found 2 planet candidate(s).
17:30:53  INFO      tess_pipeline.analysis.session  Saved step plot: output_bayesian_sector_longest_3000_draws_4_chains/TIC 148914726/plots/03_tls_periodogram.png
17:30:53  INFO      tess_pipeline.analysis.session  Saved step plot: output_bayesian_sector_longest_3000_draws_4_chains/TIC 148914726/plots/tls_periodogram_coarse_p0.png
17:30:53  INFO      tess_pipeline.analysis.session  Saved step plot: output_bayesian_sector_longest_3000_draws_4_chains/TIC 148914726/plots/tls_periodogram_fine_p0.png
17:30:53  INFO      tess_pipeline.analysis.session  Saved step plot: output_bayesian_sector_longest_3000_draws_4_chains/TIC 148914726/plots/tls_periodogram_coarse_p1.png
17:30:54  INFO      tess_pipeline.analysis.session  Saved step plot: output_bayesian_sector_longest_3000_draws_4_chains/TIC 148914726/plots/tls_periodogram_fine_p1.png
17:30:54  INFO      tess_pipeline.analysis.session  Saved step plot: output_bayesian_sector_longest_3000_draws_4_chains/TIC 148914726/plots/04_phase.png
✓ Completed in 52.81 s

======================================================================
Step 8: Bayesian Transit Fit
======================================================================
17:30:54  INFO      tess_pipeline.analysis.stages.inference  Running Bayesian transit fit (exoplanet + PyMC)
17:30:54  INFO      tess_pipeline.analysis.stages.inference  Second candidate probability (4.7%) is below 75% threshold. Skipping multi-planet MCMC fit and proceeding with 1-planet model.
17:30:54  INFO      tess_pipeline.inference.bayesian  Building PyMC model (N=32475 points, 1 planets)
17:30:54  DEBUG     tess_pipeline.inference.gp  Using SHO GP kernel
17:30:54  INFO      tess_pipeline.inference.bayesian  Sampling: 4 chains × 3000 draws (tune=3000, target_accept=0.95)
                                                                                
                                  Step    Grad                                  
  Progress        Draw    Dive…   size    evals   Speed          Elap…   Rema…  
 ────────────────────────────────────────────────────────────────────────────── 
  ━━━━━━━━━━━━━   6000    0       0.070   63      1.53 draws/s   1:05…   0:00…  
  ━━━━━━━━━━━━━   6000    0       0.074   15      1.63 draws/s   1:01…   0:00…  
  ━━━━━━━━━━━━━   6000    0       0.071   63      1.53 draws/s   1:05…   0:00…  
  ━━━━━━━━━━━━━   6000    0       0.077   31      1.58 draws/s   1:03…   0:00…  
                                                                                
Computing ... ━━━━━━━━━━━━━━━━━━━━━━━━━━━━━━━━━━━━━━━━ 100% 0:00:00
18:38:26  INFO      tess_pipeline.inference.bayesian  Sampling complete
18:38:55  INFO      tess_pipeline.analysis.session  Saved step plot: output_bayesian_sector_longest_3000_draws_4_chains/TIC 148914726/plots/06_bayesian_fit.png
18:38:57  INFO      tess_pipeline.analysis.session  Saved step plot: output_bayesian_sector_longest_3000_draws_4_chains/TIC 148914726/plots/07_corner.png
18:38:58  INFO      tess_pipeline.analysis.session  Saved step plot: output_bayesian_sector_longest_3000_draws_4_chains/TIC 148914726/plots/08_trace.png
18:38:58  INFO      tess_pipeline.analysis.session  Saved step plot: output_bayesian_sector_longest_3000_draws_4_chains/TIC 148914726/plots/09_posterior_predictive.png
18:38:59  INFO      tess_pipeline.analysis.session  Saved step plot: output_bayesian_sector_longest_3000_draws_4_chains/TIC 148914726/plots/05_residuals.png
✓ Completed in 4085.04 s

======================================================================
Step 9: Derive Planet Parameters
======================================================================
✓ Completed in 0.07 s

======================================================================
Step 10: Check MCMC Convergence
======================================================================
18:39:02  INFO      tess_pipeline.inference.diagnostics  Convergence OK (R̂_max=1.0009, ESS_min=5233, divergences=0)
✓ Completed in 2.65 s

======================================================================
Step 11: Generate Figures
======================================================================
18:39:02  INFO      tess_pipeline.analysis.stages.visualization  Generating diagnostic figures
✓ Completed in 14.77 s

======================================================================
Step 12: Save Results
======================================================================
18:39:16  INFO      tess_pipeline.io.export  Saving results to output_bayesian_sector_longest_3000_draws_4_chains/TIC 148914726
18:39:16  DEBUG     tess_pipeline.io.export  Saved CSV: output_bayesian_sector_longest_3000_draws_4_chains/TIC 148914726/TIC148914726_summary.csv
18:39:16  DEBUG     tess_pipeline.io.export  Saved JSON: output_bayesian_sector_longest_3000_draws_4_chains/TIC 148914726/TIC148914726_metadata.json
18:39:16  DEBUG     tess_pipeline.io.export  Saved compressed posterior sample values: output_bayesian_sector_longest_3000_draws_4_chains/TIC 148914726/data_for_plots/posterior_samples.npz
18:39:17  DEBUG     tess_pipeline.io.export  Saved light curve FITS: output_bayesian_sector_longest_3000_draws_4_chains/TIC 148914726/TIC148914726_lightcurve.fits
18:39:17  DEBUG     tess_pipeline.io.export  Saved figure: output_bayesian_sector_longest_3000_draws_4_chains/TIC 148914726/plots/01_raw.png
18:39:17  DEBUG     tess_pipeline.io.export  Saved figure: output_bayesian_sector_longest_3000_draws_4_chains/TIC 148914726/plots/02_flat.png
18:39:17  DEBUG     tess_pipeline.io.export  Saved figure: output_bayesian_sector_longest_3000_draws_4_chains/TIC 148914726/plots/03_tls_periodogram.png
18:39:17  DEBUG     tess_pipeline.io.export  Saved figure: output_bayesian_sector_longest_3000_draws_4_chains/TIC 148914726/plots/03_tls_periodogram_coarse_p0.png
18:39:17  DEBUG     tess_pipeline.io.export  Saved figure: output_bayesian_sector_longest_3000_draws_4_chains/TIC 148914726/plots/03_tls_periodogram_fine_p0.png
18:39:18  DEBUG     tess_pipeline.io.export  Saved figure: output_bayesian_sector_longest_3000_draws_4_chains/TIC 148914726/plots/03_tls_periodogram_coarse_p1.png
18:39:18  DEBUG     tess_pipeline.io.export  Saved figure: output_bayesian_sector_longest_3000_draws_4_chains/TIC 148914726/plots/03_tls_periodogram_fine_p1.png
18:39:18  DEBUG     tess_pipeline.io.export  Saved figure: output_bayesian_sector_longest_3000_draws_4_chains/TIC 148914726/plots/04_phase_p0.png
18:39:18  DEBUG     tess_pipeline.io.export  Saved figure: output_bayesian_sector_longest_3000_draws_4_chains/TIC 148914726/plots/04_phase_p1.png
18:39:18  DEBUG     tess_pipeline.io.export  Saved figure: output_bayesian_sector_longest_3000_draws_4_chains/TIC 148914726/plots/05_residuals.png
18:39:19  DEBUG     tess_pipeline.io.export  Saved figure: output_bayesian_sector_longest_3000_draws_4_chains/TIC 148914726/plots/06_bayesian_fit.png
18:39:19  DEBUG     tess_pipeline.io.export  Saved figure: output_bayesian_sector_longest_3000_draws_4_chains/TIC 148914726/plots/10_gp_acf.png
18:39:19  DEBUG     tess_pipeline.io.export  Saved figure: output_bayesian_sector_longest_3000_draws_4_chains/TIC 148914726/plots/11_transit_stack_p0.png
18:39:19  DEBUG     tess_pipeline.io.export  Saved figure: output_bayesian_sector_longest_3000_draws_4_chains/TIC 148914726/plots/04_mcmc_phase_p0.png
18:39:21  DEBUG     tess_pipeline.io.export  Saved figure: output_bayesian_sector_longest_3000_draws_4_chains/TIC 148914726/plots/07_corner.png
18:39:21  DEBUG     tess_pipeline.io.export  Saved figure: output_bayesian_sector_longest_3000_draws_4_chains/TIC 148914726/plots/08_trace.png
18:39:22  DEBUG     tess_pipeline.io.export  Saved figure: output_bayesian_sector_longest_3000_draws_4_chains/TIC 148914726/plots/09_posterior_predictive.png
18:39:22  DEBUG     tess_pipeline.io.export  Saved periodogram data: output_bayesian_sector_longest_3000_draws_4_chains/TIC 148914726/data_for_plots/periodogram_data.npz
18:39:34  DEBUG     tess_pipeline.io.export  Saved lightcurve model data: output_bayesian_sector_longest_3000_draws_4_chains/TIC 148914726/data_for_plots/lightcurve_model_data.npz
18:39:34  DEBUG     tess_pipeline.io.export  Saved recreate script: output_bayesian_sector_longest_3000_draws_4_chains/TIC 148914726/recreate_plots.py
18:39:34  INFO      tess_pipeline.io.export  Saved HTML Report: output_bayesian_sector_longest_3000_draws_4_chains/TIC 148914726/report.html
18:39:43  INFO      tess_pipeline.io.report  PDF report saved: output_bayesian_sector_longest_3000_draws_4_chains/TIC 148914726/TIC148914726_report.pdf
18:39:43  INFO      tess_pipeline.io.export  Export complete: output_bayesian_sector_longest_3000_draws_4_chains/TIC 148914726
✓ Completed in 26.78 s


================================================================================
PIPELINE SUMMARY
================================================================================
Detected Period : 1.261536 d
Epoch           : 1683.413231
Depth           : 0.002773
Duration        : 0.81 hr
SDE             : 1.90
SNR             : 63.76

Output Directory : output_bayesian_sector_longest_3000_draws_4_chains
Total Runtime    : 70.10 minutes

✓ Pipeline completed successfully.


Running pipeline for TIC 287196418...


================================================================================
TESS EXOPLANET PIPELINE
================================================================================
Target      : TIC 287196418
Mode        : science
Search      : TLS
Backend     : exoplanet/PyMC
Output      : output_bayesian_sector_longest_3000_draws_4_chains
================================================================================

======================================================================
Step 1: Resolve Target
======================================================================
18:39:43  INFO      tess_pipeline.analysis.stages.target  Resolving target: TIC 287196418
18:39:43  DEBUG     tess_pipeline.data.metadata  Resolved 'TIC 287196418' to TIC 287196418
18:39:43  INFO      tess_pipeline.catalogs.nasa_archive  Using local NASA archive CSV /mnt/home/project/cnitesh/nitesh/tess_exoplanet_pipeline/data/TOI_2026.06.28_09.42.00.csv for TIC 287196418 (matched 1 row(s))
18:39:43  INFO      tess_pipeline.data.metadata  Loaded coordinates for TIC 287196418 from local archive
18:39:43  INFO      tess_pipeline.analysis.stages.target  Resolved to TIC 287196418
✓ Completed in 0.02 s

======================================================================
Step 2: Query NASA Exoplanet Archive
======================================================================
18:39:43  INFO      tess_pipeline.analysis.stages.period  Querying NASA Exoplanet Archive for TIC 287196418
18:39:43  INFO      tess_pipeline.analysis.stages.period  Archive periods found: 1 planets (Primary: 3.695002 d)
✓ Completed in 0.01 s

======================================================================
Step 4: Characterize Host Star
======================================================================
18:39:43  INFO      tess_pipeline.analysis.stages.stellar  Querying Gaia DR3
18:39:48  WARNING   tess_pipeline.catalogs.gaia  Gaia DR3: r_star not available for this source
18:39:48  INFO      tess_pipeline.analysis.stages.stellar  Parameters ['r_star'] missing in Gaia DR3; checking local NASA TOI archive
18:39:48  INFO      tess_pipeline.catalogs.nasa_archive  Using local NASA archive CSV /mnt/home/project/cnitesh/nitesh/tess_exoplanet_pipeline/data/TOI_2026.06.28_09.42.00.csv for TIC 287196418 (matched 1 row(s))
18:39:48  INFO      tess_pipeline.analysis.stages.stellar  Retrieved r_star = 1.6300000 from local NASA archive
18:39:48  INFO      tess_pipeline.analysis.stages.stellar  Running stellar characterization (gaia_only)
18:39:48  DEBUG     tess_pipeline.catalogs.stellar  Querying VizieR TIC v8.2 via vizier.cds.unistra.fr
18:39:49  INFO      tess_pipeline.catalogs.stellar  VizieR TIC v8.2 query succeeded via vizier.cds.unistra.fr
18:39:49  INFO      tess_pipeline.catalogs.stellar  VizieR (TIC8.2) query successful: Teff=6982.0, logg=4.196700096130371, feh=None, r_star=1.634, m_star=1.531999945640564, parallax=None
18:39:49  INFO      tess_pipeline.catalogs.stellar  Querying SIMBAD TAP for TIC 287196418 measurements
18:39:50  INFO      tess_pipeline.catalogs.stellar  Querying SIMBAD TAP at coordinates RA=292.73413248172363, DEC=59.40385319940938 for measurements
18:39:50  INFO      tess_pipeline.catalogs.stellar  SIMBAD query successful: Teff=None, logg=None, feh=None, parallax=3.4852
✓ Completed in 7.08 s

======================================================================
Step 5: Download TESS Light Curves
======================================================================
18:39:50  INFO      tess_pipeline.analysis.stages.lightcurve  Downloading TESS data for TIC 287196418
18:39:50  INFO      tess_pipeline.data.download  [download] Starting download for TIC 287196418 (author=SPOC, cadence=120, sectors=longest, force_download=False)
18:39:57  INFO      tess_pipeline.data.download  [download] Found 31 available sector(s): [14, 16, 17, 21, 26, 40, 41, 47, 49, 50, 51, 53, 54, 55, 56, 57, 58, 59, 60, 73, 74, 75, 76, 77, 78, 80, 81, 82, 83, 84, 85]
18:39:57  INFO      tess_pipeline.data.download  [download] Selected sectors for analysis: [53, 54, 55, 56, 57, 58, 59, 60]
18:39:57  INFO      tess_pipeline.data.download  [download] Downloading 8 selected sector(s) from MAST
18:40:24  INFO      tess_pipeline.data.download  [fits] Step 1/4: normalizing FITS paths
18:40:24  INFO      tess_pipeline.data.download  [fits] Step 2/4: 8 FITS file(s) queued
18:40:24  INFO      tess_pipeline.data.download  [fits] Step 3/4: reading file 1/8: data/fits/tess2022164095748-s0053-0000000287196418-0226-s_lc.fits
18:40:24  INFO      tess_pipeline.data.download  [fits] Step 3/4: reading file 2/8: data/fits/tess2022190063128-s0054-0000000287196418-0227-s_lc.fits
18:40:24  INFO      tess_pipeline.data.download  [fits] Step 3/4: reading file 3/8: data/fits/tess2022217014003-s0055-0000000287196418-0242-s_lc.fits
18:40:24  INFO      tess_pipeline.data.download  [fits] Step 3/4: reading file 4/8: data/fits/tess2022244194134-s0056-0000000287196418-0243-s_lc.fits
18:40:24  INFO      tess_pipeline.data.download  [fits] Step 3/4: reading file 5/8: data/fits/tess2022273165103-s0057-0000000287196418-0245-s_lc.fits
18:40:24  INFO      tess_pipeline.data.download  [fits] Step 3/4: reading file 6/8: data/fits/tess2022302161335-s0058-0000000287196418-0247-s_lc.fits
18:40:24  INFO      tess_pipeline.data.download  [fits] Step 3/4: reading file 7/8: data/fits/tess2022330142927-s0059-0000000287196418-0248-s_lc.fits
18:40:24  INFO      tess_pipeline.data.download  [fits] Step 3/4: reading file 8/8: data/fits/tess2022357055054-s0060-0000000287196418-0249-s_lc.fits
18:40:24  INFO      tess_pipeline.data.download  [fits] Step 4/4: loaded 8 light curve(s) from local FITS in 0.6s
18:40:24  INFO      tess_pipeline.data.download  [download] Completed TIC 287196418 download in 34.2s (8 sector file(s))
18:40:24  INFO      tess_pipeline.analysis.stages.lightcurve  Loaded light curves for sector(s): [53, 54, 55, 56, 57, 58, 59, 60]
✓ Completed in 34.25 s

======================================================================
Step 6: Preprocess Light Curves
======================================================================
18:40:24  INFO      tess_pipeline.analysis.stages.lightcurve  Preprocessing light curves
18:40:25  INFO      tess_pipeline.data.preprocess  Saving diagnostic plots to directory: output_bayesian_sector_longest_3000_draws_4_chains/TIC 287196418/plots
18:40:25  INFO      tess_pipeline.data.preprocess  Dynamic mask width calculated: 0.186 days for P = 3.70 d
18:40:32  DEBUG     tess_pipeline.data.preprocess  Stitched 8 sectors -> 135672 cadences
18:40:32  INFO      tess_pipeline.data.preprocess  Preprocessing complete: 135672 cadences remain
18:40:35  INFO      tess_pipeline.data.preprocess  Saved final stitched visualization to output_bayesian_sector_longest_3000_draws_4_chains/TIC 287196418/plots/final_stitched_preprocessing.png
18:40:35  INFO      tess_pipeline.analysis.session  Saved step plot: output_bayesian_sector_longest_3000_draws_4_chains/TIC 287196418/plots/01_raw.png
18:40:35  INFO      tess_pipeline.analysis.session  Saved step plot: output_bayesian_sector_longest_3000_draws_4_chains/TIC 287196418/plots/02_flat.png
✓ Completed in 10.60 s

======================================================================
Step 7: Search for Transit Signals
======================================================================
18:40:35  INFO      tess_pipeline.analysis.stages.period  Archive period found for Planet 1: 3.695002 d; refining...
18:40:35  INFO      tess_pipeline.transit.detection  Running TLS (period 3.7-3.7 d)
18:40:35  DEBUG     tess_pipeline.transit.tls  TLS search mode: narrow (osf=12, dur_step=1.10)
18:40:35  DEBUG     tess_pipeline.transit.tls  TLS kwargs: {'period_min': 3.6876114970000002, 'period_max': 3.702391503, 'duration_grid_step': 1.1, 'oversampling_factor': 12}
Transit Least Squares TLS 1.32 (5 Apr 2024)
Creating model cache for 29 durations
Searching 135672 data points, 89 periods from 3.688 to 3.702 days
Using all 32 CPU threads
18:40:47  INFO      tess_pipeline.transit.tls  Optimized T0 search: running coarse pass with 100 points...
18:40:48  INFO      tess_pipeline.transit.tls  Optimized T0 search: running fine pass with 300 points around T0=2744.6687...
18:40:52  INFO      tess_pipeline.transit.tls  TLS: period=3.695003 d, epoch=2744.6774, duration=3.77 h, depth=0.007690, SDE=2.41
18:40:52  INFO      tess_pipeline.analysis.stages.period  Searching for 1 additional planet(s) in residuals...
18:40:52  INFO      tess_pipeline.transit.detection  Downsampled LC from 126981 → 25397 points (10-min cadence) for broad TLS search
18:40:52  INFO      tess_pipeline.transit.detection  Capping period_max 100.0 → 72.9 d (3-transit requirement over 219 d baseline)
18:40:52  INFO      tess_pipeline.transit.detection  Searching for Planet 1 candidate (coarse search)...
18:40:52  INFO      tess_pipeline.transit.detection  Running TLS (period 0.5-72.9 d)
18:40:52  DEBUG     tess_pipeline.transit.tls  TLS search mode: broad (osf=None, dur_step=1.10)
18:40:52  DEBUG     tess_pipeline.transit.tls  TLS kwargs: {'period_min': 0.5, 'period_max': 72.85554561162446, 'duration_grid_step': 1.1, 'period_grid': array([ 0.5       ,  0.50501661,  0.51008355,  0.51520133,  0.52037045,
        0.52559144,  0.53086482,  0.5361911 ,  0.54157082,  0.54700452,
        0.55249273,  0.55803601,  0.56363491,  0.56928998,  0.57500179,
        0.58077091,  0.58659791,  0.59248337,  0.59842788,  0.60443204,
        0.61049644,  0.61662168,  0.62280838,  0.62905715,  0.63536862,
        0.64174341,  0.64818216,  0.65468551,  0.66125411,  0.66788862,
        0.67458969,  0.681358  ,  0.68819421,  0.69509901,  0.70207309,
        0.70911714,  0.71623187,  0.72341798,  0.73067619,  0.73800722,
        0.7454118 ,  0.75289068,  0.7604446 ,  0.7680743 ,  0.77578056,
        0.78356413,  0.7914258 ,  0.79936635,  0.80738656,  0.81548725,
        0.82366921,  0.83193326,  0.84028023,  0.84871094,  0.85722624,
        0.86582698,  0.87451401,  0.8832882 ,  0.89215042,  0.90110156,
        0.9101425 ,  0.91927416,  0.92849744,  0.93781325,  0.94722254,
        0.95672623,  0.96632527,  0.97602062,  0.98581324,  0.99570412,
        1.00569424,  1.01578459,  1.02597617,  1.03627001,  1.04666714,
        1.05716857,  1.06777537,  1.0784886 ,  1.08930931,  1.10023858,
        1.11127751,  1.1224272 ,  1.13368876,  1.1450633 ,  1.15655197,
        1.16815591,  1.17987627,  1.19171422,  1.20367095,  1.21574764,
        1.2279455 ,  1.24026574,  1.2527096 ,  1.26527831,  1.27797312,
        1.2907953 ,  1.30374613,  1.3168269 ,  1.3300389 ,  1.34338347,
        1.35686193,  1.37047562,  1.3842259 ,  1.39811414,  1.41214172,
        1.42631004,  1.44062052,  1.45507458,  1.46967366,  1.48441921,
        1.49931271,  1.51435564,  1.5295495 ,  1.5448958 ,  1.56039608,
        1.57605187,  1.59186474,  1.60783626,  1.62396803,  1.64026165,
        1.65671875,  1.67334097,  1.69012996,  1.7070874 ,  1.72421498,
        1.74151441,  1.7589874 ,  1.7766357 ,  1.79446107,  1.81246529,
        1.83065014,  1.84901745,  1.86756904,  1.88630677,  1.90523249,
        1.9243481 ,  1.94365551,  1.96315662,  1.9828534 ,  2.0027478 ,
        2.0228418 ,  2.04313741,  2.06363665,  2.08434156,  2.10525421,
        2.12637669,  2.14771108,  2.16925953,  2.19102418,  2.21300721,
        2.23521079,  2.25763714,  2.2802885 ,  2.30316713,  2.32627531,
        2.34961533,  2.37318953,  2.39700025,  2.42104988,  2.4453408 ,
        2.46987543,  2.49465623,  2.51968565,  2.5449662 ,  2.5705004 ,
        2.59629079,  2.62233994,  2.64865044,  2.67522493,  2.70206604,
        2.72917645,  2.75655887,  2.78421602,  2.81215066,  2.84036558,
        2.86886358,  2.89764751,  2.92672024,  2.95608466,  2.9857437 ,
        3.01570031,  3.04595748,  3.07651824,  3.10738561,  3.13856268,
        3.17005256,  3.20185839,  3.23398332,  3.26643058,  3.29920339,
        3.33230501,  3.36573875,  3.39950793,  3.43361593,  3.46806614,
        3.502862  ,  3.53800698,  3.57350457,  3.60935831,  3.64557179,
        3.6821486 ,  3.71909239,  3.75640685,  3.7940957 ,  3.83216268,
        3.8706116 ,  3.90944629,  3.94867061,  3.98828847,  4.02830384,
        4.06872068,  4.10954304,  4.15077497,  4.1924206 ,  4.23448406,
        4.27696956,  4.31988132,  4.36322363,  4.40700079,  4.45121719,
        4.49587721,  4.54098533,  4.58654601,  4.63256382,  4.67904334,
        4.7259892 ,  4.77340607,  4.82129869,  4.86967182,  4.91853029,
        4.96787897,  5.01772278,  5.06806668,  5.11891569,  5.17027488,
        5.22214937,  5.27454433,  5.32746497,  5.38091658,  5.43490448,
        5.48943406,  5.54451074,  5.60014002,  5.65632744,  5.7130786 ,
        5.77039915,  5.82829482,  5.88677136,  5.94583461,  6.00549046,
        6.06574485,  6.12660378,  6.18807332,  6.2501596 ,  6.31286881,
        6.37620719,  6.44018106,  6.50479679,  6.57006082,  6.63597967,
        6.70255989,  6.76980813,  6.83773108,  6.90633551,  6.97562828,
        7.04561627,  7.11630646,  7.1877059 ,  7.25982171,  7.33266108,
        7.40623126,  7.48053958,  7.55559345,  7.63140036,  7.70796785,
        7.78530356,  7.8634152 ,  7.94231055,  8.02199747,  8.10248391,
        8.18377789,  8.26588751,  8.34882095,  8.43258648,  8.51719244,
        8.60264728,  8.6889595 ,  8.77613772,  8.86419061,  8.95312695,
        9.04295562,  9.13368555,  9.2253258 ,  9.31788549,  9.41137385,
        9.5058002 ,  9.60117396,  9.69750462,  9.79480178,  9.89307515,
        9.99233452, 10.09258977, 10.19385091, 10.29612803, 10.39943131,
       10.50377106, 10.60915767, 10.71560165, 10.8231136 , 10.93170425,
       11.0413844 , 11.152165  , 11.26405709, 11.37707182, 11.49122044,
       11.60651435, 11.72296502, 11.84058407, 11.95938322, 12.0793743 ,
       12.20056928, 12.32298023, 12.44661936, 12.57149899, 12.69763157,
       12.82502965, 12.95370596, 13.08367329, 13.21494462, 13.34753303,
       13.48145172, 13.61671404, 13.75333349, 13.89132366, 14.03069832,
       14.17147136, 14.3136568 , 14.45726882, 14.60232173, 14.74882999,
       14.89680819, 15.0462711 , 15.1972336 , 15.34971073, 15.50371771,
       15.65926987, 15.81638271, 15.97507191, 16.13535327, 16.29724276,
       16.46075653, 16.62591087, 16.79272223, 16.96120725, 17.13138272,
       17.3032656 , 17.47687301, 17.65222226, 17.82933083, 18.00821637,
       18.18889671, 18.37138985, 18.55571399, 18.74188748, 18.9299289 ,
       19.11985698, 19.31169065, 19.50544902, 19.70115142, 19.89881734,
       20.09846649, 20.30011876, 20.50379425, 20.70951326, 20.91729629,
       21.12716406, 21.33913747, 21.55323766, 21.76948596, 21.98790393,
       22.20851334, 22.43133616, 22.65639462, 22.88371114, 23.11330837,
       23.3452092 , 23.57943674, 23.81601434, 24.05496557, 24.29631425,
       24.54008444, 24.78630042, 25.03498674, 25.28616819, 25.53986979,
       25.79611684, 26.05493487, 26.31634968, 26.58038732, 26.8470741 ,
       27.11643661, 27.3885017 , 27.66329647, 27.94084832, 28.2211849 ,
       28.50433416, 28.79032432, 29.07918389, 29.37094164, 29.66562666,
       29.96326832, 30.26389628, 30.56754051, 30.87423127, 31.18399912,
       31.49687494, 31.81288991, 32.13207553, 32.45446361, 32.78008627,
       33.10897598, 33.44116551, 33.77668797, 34.1155768 , 34.45786577,
       34.803589  , 35.15278095, 35.50547642, 35.86171056, 36.22151887,
       36.58493722, 36.95200182, 37.32274926, 37.69721649, 38.07544083,
       38.45745998, 38.84331201, 39.23303537, 39.62666892, 40.02425187,
       40.42582386, 40.83142491, 41.24109545, 41.65487629, 42.07280869,
       42.4949343 , 42.92129518, 43.35193383, 43.78689318, 44.22621657,
       44.66994778, 45.11813104, 45.57081103, 46.02803285, 46.48984208,
       46.95628473, 47.42740731, 47.90325677, 48.38388052, 48.86932648,
       49.35964302, 49.85487901, 50.35508382, 50.86030728, 51.37059976,
       51.88601212, 52.40659572, 52.93240245, 53.46348472, 53.99989544,
       54.54168809, 55.08891667, 55.64163571, 56.19990029, 56.76376607,
       57.33328923, 57.90852655, 58.48953534, 59.07637352, 59.66909958,
       60.26777258, 60.8724522 , 61.4831987 , 62.10007296, 62.72313644,
       63.35245126, 63.98808013, 64.63008641, 65.27853407, 65.93348774,
       66.59501271, 67.2631749 , 67.93804091, 68.61967799, 69.30815409,
       70.00353782, 70.70589848, 71.41530608, 72.13183132, 72.85554561]), 'n_transits_min': 2}
Transit Least Squares TLS 1.32 (5 Apr 2024)
Creating model cache for 50 durations
Searching 25397 data points, 500 periods from 0.5 to 72.856 days
Using all 32 CPU threads
18:41:03  INFO      tess_pipeline.transit.tls  Optimized T0 search: running coarse pass with 512 points...
18:41:03  INFO      tess_pipeline.transit.tls  Optimized T0 search: running fine pass with 300 points around T0=2782.1893...
18:41:03  INFO      tess_pipeline.transit.tls  TLS: period=63.988080 d, epoch=2782.2458, duration=3.34 h, depth=0.001065, SDE=0.17
18:41:03  INFO      tess_pipeline.transit.detection  Significant peak found (coarse SDE/SNR = 6.46 at 63.9881 d). Checking sub-harmonics for robustness...
18:41:03  INFO      tess_pipeline.transit.detection  Running TLS (period 20.9-21.8 d)
18:41:03  DEBUG     tess_pipeline.transit.tls  TLS search mode: broad (osf=1, dur_step=1.10)
18:41:03  DEBUG     tess_pipeline.transit.tls  TLS kwargs: {'period_min': 20.9027728434196, 'period_max': 21.75594724519183, 'duration_grid_step': 1.1, 'oversampling_factor': 1, 'n_transits_min': 2}
Transit Least Squares TLS 1.32 (5 Apr 2024)
Creating model cache for 29 durations
Searching 126981 data points, 42 periods from 20.907 to 21.745 days
Using all 32 CPU threads
18:41:14  INFO      tess_pipeline.transit.tls  Optimized T0 search: running coarse pass with 100 points...
18:41:15  INFO      tess_pipeline.transit.tls  Optimized T0 search: running fine pass with 300 points around T0=2760.8513...
18:41:18  INFO      tess_pipeline.transit.tls  TLS: period=21.392213 d, epoch=2760.8878, duration=1.85 h, depth=0.000510, SDE=2.99
18:41:18  INFO      tess_pipeline.transit.detection  Running TLS (period 31.4-32.6 d)
18:41:18  DEBUG     tess_pipeline.transit.tls  TLS search mode: broad (osf=1, dur_step=1.10)
18:41:18  DEBUG     tess_pipeline.transit.tls  TLS kwargs: {'period_min': 31.354159265129404, 'period_max': 32.633920867787744, 'duration_grid_step': 1.1, 'oversampling_factor': 1, 'n_transits_min': 2}
Transit Least Squares TLS 1.32 (5 Apr 2024)
Creating model cache for 29 durations
Searching 126981 data points, 37 periods from 31.362 to 32.627 days
Using all 32 CPU threads
18:41:29  INFO      tess_pipeline.transit.tls  Optimized T0 search: running coarse pass with 163 points...
18:41:30  INFO      tess_pipeline.transit.tls  Optimized T0 search: running fine pass with 300 points around T0=2750.8097...
18:41:32  INFO      tess_pipeline.transit.tls  TLS: period=31.533810 d, epoch=2750.7625, duration=2.22 h, depth=0.000664, SDE=4.63
18:41:32  INFO      tess_pipeline.transit.detection  Running TLS (period 62.7-65.3 d)
18:41:32  DEBUG     tess_pipeline.transit.tls  TLS search mode: broad (osf=1, dur_step=1.10)
18:41:32  DEBUG     tess_pipeline.transit.tls  TLS kwargs: {'period_min': 62.70831853025881, 'period_max': 65.26784173557549, 'duration_grid_step': 1.1, 'oversampling_factor': 1, 'n_transits_min': 2}
Transit Least Squares TLS 1.32 (5 Apr 2024)
Creating model cache for 29 durations
Searching 126981 data points, 28 periods from 62.787 to 65.177 days
Using all 32 CPU threads
18:41:42  INFO      tess_pipeline.transit.tls  Optimized T0 search: running coarse pass with 768 points...
18:41:45  INFO      tess_pipeline.transit.tls  Optimized T0 search: running fine pass with 300 points around T0=2782.2506...
18:41:48  INFO      tess_pipeline.transit.tls  TLS: period=63.922984 d, epoch=2782.2721, duration=2.23 h, depth=0.001185, SDE=1.84
18:41:48  INFO      tess_pipeline.transit.detection  Harmonic resolution: selected fraction 1.00 (refined period=63.9230 d, SDE/SNR=14.34, max_sig was 14.34)
Planet 1 derived robust period: 63.92298 days (SNR: 14.34, via fraction 1.00 of initial peak 63.98808d)
18:41:48  INFO      tess_pipeline.transit.detection  Planet 1 found: Period = 63.922984 d, epoch = 2782.2721, SDE/SNR = 14.34
18:41:48  INFO      tess_pipeline.analysis.stages.period  Detections completed. Found 2 planet candidate(s).
18:41:48  INFO      tess_pipeline.analysis.session  Saved step plot: output_bayesian_sector_longest_3000_draws_4_chains/TIC 287196418/plots/03_tls_periodogram.png
18:41:48  INFO      tess_pipeline.analysis.session  Saved step plot: output_bayesian_sector_longest_3000_draws_4_chains/TIC 287196418/plots/tls_periodogram_coarse_p0.png
18:41:48  INFO      tess_pipeline.analysis.session  Saved step plot: output_bayesian_sector_longest_3000_draws_4_chains/TIC 287196418/plots/tls_periodogram_fine_p0.png
18:41:49  INFO      tess_pipeline.analysis.session  Saved step plot: output_bayesian_sector_longest_3000_draws_4_chains/TIC 287196418/plots/tls_periodogram_coarse_p1.png
18:41:49  INFO      tess_pipeline.analysis.session  Saved step plot: output_bayesian_sector_longest_3000_draws_4_chains/TIC 287196418/plots/tls_periodogram_fine_p1.png
18:41:49  INFO      tess_pipeline.analysis.session  Saved step plot: output_bayesian_sector_longest_3000_draws_4_chains/TIC 287196418/plots/04_phase.png
✓ Completed in 73.85 s

======================================================================
Step 8: Bayesian Transit Fit
======================================================================
18:41:49  INFO      tess_pipeline.analysis.stages.inference  Running Bayesian transit fit (exoplanet + PyMC)
18:41:49  INFO      tess_pipeline.analysis.stages.inference  Second candidate probability (7.0%) is below 75% threshold. Skipping multi-planet MCMC fit and proceeding with 1-planet model.
18:41:49  INFO      tess_pipeline.inference.bayesian  Building PyMC model (N=135672 points, 1 planets)
18:41:49  DEBUG     tess_pipeline.inference.gp  Using SHO GP kernel
18:41:49  INFO      tess_pipeline.inference.bayesian  Sampling: 4 chains × 3000 draws (tune=3000, target_accept=0.95)
                                                                                
                                  Step    Grad                                  
  Progress        Draw    Dive…   size    evals   Speed          Elap…   Rema…  
 ────────────────────────────────────────────────────────────────────────────── 
  ━━━━━━━━━━━━━   6000    0       0.163   31      1.81 s/draw    3:01…   0:00…  
  ━━━━━━━━━━━━━   6000    0       0.168   31      1.69 s/draw    2:48…   0:00…  
  ━━━━━━━━━━━━━   6000    0       0.145   15      1.75 s/draw    2:55…   0:00…  
  ━━━━━━━━━━━━━   6000    0       0.153   31      1.81 s/draw    3:01…   0:00…  
                                                                                
Computing ... ━━━━━━━━━━━━━━━━━━━━━━━━━━━━━━━━━━━━━━━━ 100% 0:00:00
21:48:09  INFO      tess_pipeline.inference.bayesian  Sampling complete
21:50:34  INFO      tess_pipeline.analysis.session  Saved step plot: output_bayesian_sector_longest_3000_draws_4_chains/TIC 287196418/plots/06_bayesian_fit.png
21:50:37  INFO      tess_pipeline.analysis.session  Saved step plot: output_bayesian_sector_longest_3000_draws_4_chains/TIC 287196418/plots/07_corner.png
21:50:38  INFO      tess_pipeline.analysis.session  Saved step plot: output_bayesian_sector_longest_3000_draws_4_chains/TIC 287196418/plots/08_trace.png
21:50:38  INFO      tess_pipeline.analysis.session  Saved step plot: output_bayesian_sector_longest_3000_draws_4_chains/TIC 287196418/plots/09_posterior_predictive.png
21:50:39  INFO      tess_pipeline.analysis.session  Saved step plot: output_bayesian_sector_longest_3000_draws_4_chains/TIC 287196418/plots/05_residuals.png
✓ Completed in 11329.75 s

======================================================================
Step 9: Derive Planet Parameters
======================================================================
✓ Completed in 0.08 s

======================================================================
Step 10: Check MCMC Convergence
======================================================================
21:50:41  INFO      tess_pipeline.inference.diagnostics  Convergence OK (R̂_max=1.0008, ESS_min=7144, divergences=0)
✓ Completed in 2.60 s

======================================================================
Step 11: Generate Figures
======================================================================
21:50:41  INFO      tess_pipeline.analysis.stages.visualization  Generating diagnostic figures
✓ Completed in 70.16 s

======================================================================
Step 12: Save Results
======================================================================
21:51:52  INFO      tess_pipeline.io.export  Saving results to output_bayesian_sector_longest_3000_draws_4_chains/TIC 287196418
21:51:52  DEBUG     tess_pipeline.io.export  Saved CSV: output_bayesian_sector_longest_3000_draws_4_chains/TIC 287196418/TIC287196418_summary.csv
21:51:52  DEBUG     tess_pipeline.io.export  Saved JSON: output_bayesian_sector_longest_3000_draws_4_chains/TIC 287196418/TIC287196418_metadata.json
21:51:52  DEBUG     tess_pipeline.io.export  Saved compressed posterior sample values: output_bayesian_sector_longest_3000_draws_4_chains/TIC 287196418/data_for_plots/posterior_samples.npz
21:51:52  DEBUG     tess_pipeline.io.export  Saved light curve FITS: output_bayesian_sector_longest_3000_draws_4_chains/TIC 287196418/TIC287196418_lightcurve.fits
21:51:52  DEBUG     tess_pipeline.io.export  Saved figure: output_bayesian_sector_longest_3000_draws_4_chains/TIC 287196418/plots/01_raw.png
21:51:52  DEBUG     tess_pipeline.io.export  Saved figure: output_bayesian_sector_longest_3000_draws_4_chains/TIC 287196418/plots/02_flat.png
21:51:53  DEBUG     tess_pipeline.io.export  Saved figure: output_bayesian_sector_longest_3000_draws_4_chains/TIC 287196418/plots/03_tls_periodogram.png
21:51:53  DEBUG     tess_pipeline.io.export  Saved figure: output_bayesian_sector_longest_3000_draws_4_chains/TIC 287196418/plots/03_tls_periodogram_coarse_p0.png
21:51:53  DEBUG     tess_pipeline.io.export  Saved figure: output_bayesian_sector_longest_3000_draws_4_chains/TIC 287196418/plots/03_tls_periodogram_fine_p0.png
21:51:53  DEBUG     tess_pipeline.io.export  Saved figure: output_bayesian_sector_longest_3000_draws_4_chains/TIC 287196418/plots/03_tls_periodogram_coarse_p1.png
21:51:53  DEBUG     tess_pipeline.io.export  Saved figure: output_bayesian_sector_longest_3000_draws_4_chains/TIC 287196418/plots/03_tls_periodogram_fine_p1.png
21:51:53  DEBUG     tess_pipeline.io.export  Saved figure: output_bayesian_sector_longest_3000_draws_4_chains/TIC 287196418/plots/04_phase_p0.png
21:51:53  DEBUG     tess_pipeline.io.export  Saved figure: output_bayesian_sector_longest_3000_draws_4_chains/TIC 287196418/plots/04_phase_p1.png
21:51:54  DEBUG     tess_pipeline.io.export  Saved figure: output_bayesian_sector_longest_3000_draws_4_chains/TIC 287196418/plots/05_residuals.png
21:51:54  DEBUG     tess_pipeline.io.export  Saved figure: output_bayesian_sector_longest_3000_draws_4_chains/TIC 287196418/plots/06_bayesian_fit.png
21:51:54  DEBUG     tess_pipeline.io.export  Saved figure: output_bayesian_sector_longest_3000_draws_4_chains/TIC 287196418/plots/10_gp_acf.png
21:51:55  DEBUG     tess_pipeline.io.export  Saved figure: output_bayesian_sector_longest_3000_draws_4_chains/TIC 287196418/plots/11_transit_stack_p0.png
21:51:55  DEBUG     tess_pipeline.io.export  Saved figure: output_bayesian_sector_longest_3000_draws_4_chains/TIC 287196418/plots/04_mcmc_phase_p0.png
21:51:56  DEBUG     tess_pipeline.io.export  Saved figure: output_bayesian_sector_longest_3000_draws_4_chains/TIC 287196418/plots/07_corner.png
21:51:57  DEBUG     tess_pipeline.io.export  Saved figure: output_bayesian_sector_longest_3000_draws_4_chains/TIC 287196418/plots/08_trace.png
21:51:57  DEBUG     tess_pipeline.io.export  Saved figure: output_bayesian_sector_longest_3000_draws_4_chains/TIC 287196418/plots/09_posterior_predictive.png
21:51:57  DEBUG     tess_pipeline.io.export  Saved periodogram data: output_bayesian_sector_longest_3000_draws_4_chains/TIC 287196418/data_for_plots/periodogram_data.npz
21:53:04  DEBUG     tess_pipeline.io.export  Saved lightcurve model data: output_bayesian_sector_longest_3000_draws_4_chains/TIC 287196418/data_for_plots/lightcurve_model_data.npz
21:53:04  DEBUG     tess_pipeline.io.export  Saved recreate script: output_bayesian_sector_longest_3000_draws_4_chains/TIC 287196418/recreate_plots.py
21:53:04  INFO      tess_pipeline.io.export  Saved HTML Report: output_bayesian_sector_longest_3000_draws_4_chains/TIC 287196418/report.html
21:53:13  INFO      tess_pipeline.io.report  PDF report saved: output_bayesian_sector_longest_3000_draws_4_chains/TIC 287196418/TIC287196418_report.pdf
21:53:13  INFO      tess_pipeline.io.export  Export complete: output_bayesian_sector_longest_3000_draws_4_chains/TIC 287196418
✓ Completed in 81.31 s


================================================================================
PIPELINE SUMMARY
================================================================================
Detected Period : 3.695003 d
Epoch           : 2744.677444
Depth           : 0.007690
Duration        : 3.77 hr
SDE             : 2.41
SNR             : 410.27

Output Directory : output_bayesian_sector_longest_3000_draws_4_chains
Total Runtime    : 193.49 minutes

✓ Pipeline completed successfully.


Running pipeline for TIC 158276040...


================================================================================
TESS EXOPLANET PIPELINE
================================================================================
Target      : TIC 158276040
Mode        : science
Search      : TLS
Backend     : exoplanet/PyMC
Output      : output_bayesian_sector_longest_3000_draws_4_chains
================================================================================

======================================================================
Step 1: Resolve Target
======================================================================
21:53:13  INFO      tess_pipeline.analysis.stages.target  Resolving target: TIC 158276040
21:53:13  DEBUG     tess_pipeline.data.metadata  Resolved 'TIC 158276040' to TIC 158276040
21:53:13  INFO      tess_pipeline.catalogs.nasa_archive  Using local NASA archive CSV /mnt/home/project/cnitesh/nitesh/tess_exoplanet_pipeline/data/TOI_2026.06.28_09.42.00.csv for TIC 158276040 (matched 1 row(s))
21:53:13  INFO      tess_pipeline.data.metadata  Loaded coordinates for TIC 158276040 from local archive
21:53:13  INFO      tess_pipeline.analysis.stages.target  Resolved to TIC 158276040
✓ Completed in 0.02 s

======================================================================
Step 2: Query NASA Exoplanet Archive
======================================================================
21:53:13  INFO      tess_pipeline.analysis.stages.period  Querying NASA Exoplanet Archive for TIC 158276040
21:53:13  INFO      tess_pipeline.analysis.stages.period  Archive periods found: 1 planets (Primary: 45.940329 d)
✓ Completed in 0.01 s

======================================================================
Step 4: Characterize Host Star
======================================================================
21:53:13  INFO      tess_pipeline.analysis.stages.stellar  Querying Gaia DR3
21:53:16  WARNING   tess_pipeline.catalogs.gaia  Gaia DR3: r_star not available for this source
21:53:16  INFO      tess_pipeline.analysis.stages.stellar  Parameters ['r_star'] missing in Gaia DR3; checking local NASA TOI archive
21:53:16  INFO      tess_pipeline.catalogs.nasa_archive  Using local NASA archive CSV /mnt/home/project/cnitesh/nitesh/tess_exoplanet_pipeline/data/TOI_2026.06.28_09.42.00.csv for TIC 158276040 (matched 1 row(s))
21:53:16  INFO      tess_pipeline.analysis.stages.stellar  Retrieved r_star = 1.2800000 from local NASA archive
21:53:16  INFO      tess_pipeline.analysis.stages.stellar  Running stellar characterization (gaia_only)
21:53:16  DEBUG     tess_pipeline.catalogs.stellar  Querying VizieR TIC v8.2 via vizier.cds.unistra.fr
21:53:18  INFO      tess_pipeline.catalogs.stellar  VizieR TIC v8.2 query succeeded via vizier.cds.unistra.fr
21:53:18  INFO      tess_pipeline.catalogs.stellar  VizieR (TIC8.2) query successful: Teff=6479.3, logg=None, feh=None, r_star=1.278, m_star=None, parallax=None
21:53:18  INFO      tess_pipeline.catalogs.stellar  Querying SIMBAD TAP for TIC 158276040 measurements
21:53:19  INFO      tess_pipeline.catalogs.stellar  SIMBAD query successful: Teff=6479.0, logg=None, feh=-0.17599999904632568, parallax=2.666
✓ Completed in 6.38 s

======================================================================
Step 5: Download TESS Light Curves
======================================================================
21:53:19  INFO      tess_pipeline.analysis.stages.lightcurve  Downloading TESS data for TIC 158276040
21:53:19  INFO      tess_pipeline.data.download  [download] Starting download for TIC 158276040 (author=SPOC, cadence=120, sectors=longest, force_download=False)
21:53:30  INFO      tess_pipeline.data.download  [download] Found 10 available sector(s): [26, 40, 41, 53, 55, 74, 75, 80, 81, 82]
21:53:30  INFO      tess_pipeline.data.download  [download] Selected sectors for analysis: [80, 81, 82]
21:53:30  INFO      tess_pipeline.data.download  [download] Downloading 3 selected sector(s) from MAST
21:53:41  INFO      tess_pipeline.data.download  [fits] Step 1/4: normalizing FITS paths
21:53:41  INFO      tess_pipeline.data.download  [fits] Step 2/4: 3 FITS file(s) queued
21:53:41  INFO      tess_pipeline.data.download  [fits] Step 3/4: reading file 1/3: data/fits/tess2024170053053-s0080-0000000158276040-0275-s_lc.fits
21:53:41  INFO      tess_pipeline.data.download  [fits] Step 3/4: reading file 2/3: data/fits/tess2024196212429-s0081-0000000158276040-0276-s_lc.fits
21:53:41  INFO      tess_pipeline.data.download  [fits] Step 3/4: reading file 3/3: data/fits/tess2024223182411-s0082-0000000158276040-0278-s_lc.fits
21:53:41  INFO      tess_pipeline.data.download  [fits] Step 4/4: loaded 3 light curve(s) from local FITS in 0.2s
21:53:41  INFO      tess_pipeline.data.download  [download] Completed TIC 158276040 download in 21.6s (3 sector file(s))
21:53:41  INFO      tess_pipeline.analysis.stages.lightcurve  Loaded light curves for sector(s): [80, 81, 82]
✓ Completed in 21.58 s

======================================================================
Step 6: Preprocess Light Curves
======================================================================
21:53:41  INFO      tess_pipeline.analysis.stages.lightcurve  Preprocessing light curves
21:53:41  INFO      tess_pipeline.data.preprocess  Saving diagnostic plots to directory: output_bayesian_sector_longest_3000_draws_4_chains/TIC 158276040/plots
21:53:41  INFO      tess_pipeline.data.preprocess  Dynamic mask width calculated: 0.430 days for P = 45.94 d
21:53:44  DEBUG     tess_pipeline.data.preprocess  Stitched 3 sectors -> 47377 cadences
21:53:44  INFO      tess_pipeline.data.preprocess  Preprocessing complete: 47377 cadences remain
21:53:45  INFO      tess_pipeline.data.preprocess  Saved final stitched visualization to output_bayesian_sector_longest_3000_draws_4_chains/TIC 158276040/plots/final_stitched_preprocessing.png
21:53:45  INFO      tess_pipeline.analysis.session  Saved step plot: output_bayesian_sector_longest_3000_draws_4_chains/TIC 158276040/plots/01_raw.png
21:53:46  INFO      tess_pipeline.analysis.session  Saved step plot: output_bayesian_sector_longest_3000_draws_4_chains/TIC 158276040/plots/02_flat.png
✓ Completed in 4.77 s

======================================================================
Step 7: Search for Transit Signals
======================================================================
21:53:46  INFO      tess_pipeline.analysis.stages.period  Archive period found for Planet 1: 45.940329 d; refining...
21:53:46  INFO      tess_pipeline.transit.detection  Running TLS (period 45.9-46.0 d)
21:53:46  DEBUG     tess_pipeline.transit.tls  TLS search mode: narrow (osf=300, dur_step=1.10)
21:53:46  DEBUG     tess_pipeline.transit.tls  TLS kwargs: {'period_min': 45.930329300000004, 'period_max': 45.9503293, 'duration_grid_step': 1.1, 'oversampling_factor': 300}
Transit Least Squares TLS 1.32 (5 Apr 2024)
21:53:46  WARNING   tess_pipeline.analysis.stages.period  Refinement of archive/override period failed: TLS failed: min() iterable argument is empty
21:53:46  INFO      tess_pipeline.analysis.stages.period  Searching for 1 additional planet(s) in residuals...
21:53:46  INFO      tess_pipeline.transit.detection  Capping period_max 100.0 → 26.5 d (3-transit requirement over 79 d baseline)
21:53:46  INFO      tess_pipeline.transit.detection  Searching for Planet 1 candidate (coarse search)...
21:53:46  INFO      tess_pipeline.transit.detection  Running TLS (period 0.5-26.5 d)
21:53:46  DEBUG     tess_pipeline.transit.tls  TLS search mode: broad (osf=None, dur_step=1.10)
21:53:46  DEBUG     tess_pipeline.transit.tls  TLS kwargs: {'period_min': 0.5, 'period_max': 26.45220623817219, 'duration_grid_step': 1.1, 'period_grid': array([ 0.5       ,  0.50399229,  0.50801646,  0.51207277,  0.51616146,
        0.52028279,  0.52443704,  0.52862445,  0.5328453 ,  0.53709985,
        0.54138837,  0.54571113,  0.55006841,  0.55446048,  0.55888762,
        0.5633501 ,  0.56784822,  0.57238225,  0.57695249,  0.58155922,
        0.58620273,  0.59088332,  0.59560128,  0.60035691,  0.60515051,
        0.60998239,  0.61485284,  0.61976219,  0.62471073,  0.62969879,
        0.63472668,  0.63979471,  0.6449032 ,  0.65005249,  0.65524289,
        0.66047474,  0.66574835,  0.67106408,  0.67642225,  0.6818232 ,
        0.68726728,  0.69275482,  0.69828619,  0.70386171,  0.70948176,
        0.71514668,  0.72085683,  0.72661257,  0.73241427,  0.7382623 ,
        0.74415702,  0.75009881,  0.75608804,  0.76212509,  0.76821034,
        0.77434418,  0.780527  ,  0.78675919,  0.79304114,  0.79937324,
        0.80575591,  0.81218954,  0.81867454,  0.82521131,  0.83180029,
        0.83844187,  0.84513648,  0.85188455,  0.85868649,  0.86554275,
        0.87245375,  0.87941994,  0.88644174,  0.89351961,  0.900654  ,
        0.90784535,  0.91509412,  0.92240077,  0.92976576,  0.93718955,
        0.94467262,  0.95221545,  0.95981849,  0.96748225,  0.97520719,
        0.98299382,  0.99084262,  0.99875409,  1.00672873,  1.01476704,
        1.02286954,  1.03103673,  1.03926913,  1.04756727,  1.05593166,
        1.06436284,  1.07286134,  1.08142769,  1.09006245,  1.09876615,
        1.10753934,  1.11638259,  1.12529644,  1.13428147,  1.14333824,
        1.15246732,  1.1616693 ,  1.17094475,  1.18029426,  1.18971842,
        1.19921783,  1.20879309,  1.21844481,  1.22817358,  1.23798004,
        1.2478648 ,  1.25782849,  1.26787173,  1.27799516,  1.28819943,
        1.29848517,  1.30885304,  1.31930369,  1.32983778,  1.34045599,
        1.35115898,  1.36194742,  1.37282201,  1.38378343,  1.39483237,
        1.40596953,  1.41719562,  1.42851134,  1.43991741,  1.45141456,
        1.46300351,  1.47468499,  1.48645974,  1.4983285 ,  1.51029204,
        1.5223511 ,  1.53450644,  1.54675884,  1.55910908,  1.57155792,
        1.58410616,  1.59675459,  1.60950402,  1.62235525,  1.63530908,
        1.64836635,  1.66152788,  1.67479449,  1.68816703,  1.70164635,
        1.7152333 ,  1.72892873,  1.74273351,  1.75664852,  1.77067463,
        1.78481274,  1.79906373,  1.81342851,  1.82790799,  1.84250308,
        1.85721471,  1.8720438 ,  1.8869913 ,  1.90205814,  1.91724529,
        1.93255371,  1.94798435,  1.9635382 ,  1.97921624,  1.99501947,
        2.01094888,  2.02700547,  2.04319028,  2.05950431,  2.0759486 ,
        2.09252419,  2.10923213,  2.12607348,  2.1430493 ,  2.16016067,
        2.17740866,  2.19479437,  2.2123189 ,  2.22998335,  2.24778885,
        2.26573651,  2.28382748,  2.3020629 ,  2.32044393,  2.33897171,
        2.35764744,  2.37647228,  2.39544743,  2.41457409,  2.43385347,
        2.45328678,  2.47287527,  2.49262016,  2.5125227 ,  2.53258416,
        2.5528058 ,  2.5731889 ,  2.59373475,  2.61444465,  2.63531991,
        2.65636185,  2.67757181,  2.69895111,  2.72050112,  2.7422232 ,
        2.76411872,  2.78618907,  2.80843564,  2.83085984,  2.85346309,
        2.87624681,  2.89921246,  2.92236147,  2.94569532,  2.96921549,
        2.99292345,  3.01682071,  3.04090877,  3.06518918,  3.08966345,
        3.11433314,  3.1391998 ,  3.16426502,  3.18953037,  3.21499745,
        3.24066788,  3.26654327,  3.29262527,  3.31891553,  3.3454157 ,
        3.37212746,  3.39905251,  3.42619254,  3.45354928,  3.48112444,
        3.50891978,  3.53693706,  3.56517804,  3.59364452,  3.62233829,
        3.65126117,  3.68041498,  3.70980157,  3.73942281,  3.76928056,
        3.79937671,  3.82971316,  3.86029184,  3.89111468,  3.92218362,
        3.95350064,  3.98506771,  4.01688684,  4.04896002,  4.08128929,
        4.11387671,  4.14672431,  4.1798342 ,  4.21320845,  4.24684918,
        4.28075852,  4.31493861,  4.34939161,  4.38411971,  4.4191251 ,
        4.45440999,  4.48997661,  4.52582722,  4.56196409,  4.59838949,
        4.63510573,  4.67211514,  4.70942005,  4.74702283,  4.78492584,
        4.8231315 ,  4.86164222,  4.90046042,  4.93958858,  4.97902916,
        5.01878465,  5.05885757,  5.09925046,  5.13996588,  5.18100638,
        5.22237458,  5.26407309,  5.30610454,  5.34847159,  5.39117693,
        5.43422326,  5.47761329,  5.52134977,  5.56543547,  5.60987317,
        5.6546657 ,  5.69981587,  5.74532655,  5.79120061,  5.83744096,
        5.88405051,  5.93103223,  5.97838908,  6.02612405,  6.07424016,
        6.12274046,  6.17162802,  6.22090592,  6.27057729,  6.32064526,
        6.371113  ,  6.42198371,  6.4732606 ,  6.52494692,  6.57704593,
        6.62956093,  6.68249523,  6.7358522 ,  6.7896352 ,  6.84384764,
        6.89849294,  6.95357456,  7.00909598,  7.06506072,  7.12147231,
        7.17833433,  7.23565037,  7.29342405,  7.35165904,  7.410359  ,
        7.46952766,  7.52916875,  7.58928606,  7.64988338,  7.71096454,
        7.77253341,  7.83459388,  7.89714988,  7.96020537,  8.02376432,
        8.08783077,  8.15240876,  8.21750238,  8.28311575,  8.34925301,
        8.41591835,  8.48311598,  8.55085017,  8.61912518,  8.68794533,
        8.75731499,  8.82723854,  8.8977204 ,  8.96876502,  9.04037691,
        9.11256059,  9.18532063,  9.25866162,  9.33258822,  9.40710508,
        9.48221694,  9.55792853,  9.63424464,  9.71117011,  9.7887098 ,
        9.8668686 ,  9.94565148, 10.0250634 , 10.1051094 , 10.18579453,
       10.26712389, 10.34910264, 10.43173596, 10.51502906, 10.59898723,
       10.68361577, 10.76892004, 10.85490542, 10.94157736, 11.02894134,
       11.11700289, 11.20576757, 11.295241  , 11.38542884, 11.47633679,
       11.5679706 , 11.66033608, 11.75343905, 11.84728541, 11.9418811 ,
       12.03723209, 12.13334442, 12.23022417, 12.32787746, 12.42631048,
       12.52552944, 12.62554062, 12.72635036, 12.82796501, 12.93039102,
       13.03363486, 13.13770306, 13.24260219, 13.34833891, 13.45491989,
       13.56235187, 13.67064165, 13.77979609, 13.88982207, 14.00072657,
       14.1125166 , 14.22519922, 14.33878157, 14.45327082, 14.56867422,
       14.68499908, 14.80225274, 14.92044262, 15.03957619, 15.159661  ,
       15.28070464, 15.40271476, 15.52569909, 15.64966539, 15.77462151,
       15.90057535, 16.02753489, 16.15550814, 16.28450321, 16.41452825,
       16.54559148, 16.6777012 , 16.81086577, 16.94509359, 17.08039317,
       17.21677306, 17.35424189, 17.49280836, 17.63248121, 17.7732693 ,
       17.91518152, 18.05822685, 18.20241435, 18.34775311, 18.49425235,
       18.64192133, 18.79076938, 18.94080592, 19.09204044, 19.2444825 ,
       19.39814175, 19.55302791, 19.70915077, 19.86652021, 20.02514618,
       20.18503871, 20.34620791, 20.50866399, 20.67241721, 20.83747793,
       21.00385659, 21.17156372, 21.34060992, 21.51100589, 21.68276239,
       21.85589031, 22.03040057, 22.20630423, 22.38361241, 22.56233632,
       22.74248726, 22.92407664, 23.10711593, 23.29161672, 23.47759067,
       23.66504954, 23.8540052 , 24.04446959, 24.23645476, 24.42997285,
       24.6250361 , 24.82165686, 25.01984755, 25.2196207 , 25.42098897,
       25.62396508, 25.82856187, 26.03479228, 26.24266935, 26.45220624]), 'n_transits_min': 2}
Transit Least Squares TLS 1.32 (5 Apr 2024)
Creating model cache for 43 durations
Searching 47107 data points, 500 periods from 0.5 to 26.452 days
Using all 32 CPU threads
21:54:01  INFO      tess_pipeline.transit.tls  Optimized T0 search: running coarse pass with 303 points...
21:54:03  INFO      tess_pipeline.transit.tls  Optimized T0 search: running fine pass with 300 points around T0=3483.5872...
21:54:04  INFO      tess_pipeline.transit.tls  TLS: period=20.672417 d, epoch=3483.5618, duration=1.37 h, depth=0.006051, SDE=6.20
21:54:04  INFO      tess_pipeline.transit.detection  Significant peak found (coarse SDE/SNR = 40.74 at 20.6724 d). Checking sub-harmonics for robustness...
21:54:04  INFO      tess_pipeline.transit.detection  Running TLS (period 6.8-7.0 d)
21:54:04  DEBUG     tess_pipeline.transit.tls  TLS search mode: narrow (osf=6, dur_step=1.10)
21:54:04  DEBUG     tess_pipeline.transit.tls  TLS kwargs: {'period_min': 6.7529896211102045, 'period_max': 7.028621850543274, 'duration_grid_step': 1.1, 'oversampling_factor': 6}
Transit Least Squares TLS 1.32 (5 Apr 2024)
Creating model cache for 29 durations
Searching 47107 data points, 132 periods from 6.754 to 7.027 days
Using all 32 CPU threads
21:54:16  INFO      tess_pipeline.transit.tls  Optimized T0 search: running coarse pass with 100 points...
21:54:17  INFO      tess_pipeline.transit.tls  Optimized T0 search: running fine pass with 300 points around T0=3483.6421...
21:54:18  INFO      tess_pipeline.transit.tls  TLS: period=6.877405 d, epoch=3483.6446, duration=1.61 h, depth=0.001944, SDE=1.65
21:54:18  INFO      tess_pipeline.transit.detection  Running TLS (period 10.1-10.5 d)
21:54:18  DEBUG     tess_pipeline.transit.tls  TLS search mode: narrow (osf=9, dur_step=1.10)
21:54:18  DEBUG     tess_pipeline.transit.tls  TLS kwargs: {'period_min': 10.129484431665308, 'period_max': 10.542932775814911, 'duration_grid_step': 1.1, 'oversampling_factor': 9}
Transit Least Squares TLS 1.32 (5 Apr 2024)
Creating model cache for 29 durations
Searching 47107 data points, 174 periods from 10.13 to 10.542 days
Using all 32 CPU threads
21:54:31  INFO      tess_pipeline.transit.tls  Optimized T0 search: running coarse pass with 100 points...
21:54:32  INFO      tess_pipeline.transit.tls  Optimized T0 search: running fine pass with 300 points around T0=3483.6437...
21:54:33  INFO      tess_pipeline.transit.tls  TLS: period=10.320422 d, epoch=3483.6274, duration=1.85 h, depth=0.002174, SDE=1.76
21:54:33  INFO      tess_pipeline.transit.detection  Running TLS (period 20.3-21.1 d)
21:54:33  DEBUG     tess_pipeline.transit.tls  TLS search mode: broad (osf=1, dur_step=1.10)
21:54:33  DEBUG     tess_pipeline.transit.tls  TLS kwargs: {'period_min': 20.258968863330615, 'period_max': 21.085865551629823, 'duration_grid_step': 1.1, 'oversampling_factor': 1, 'n_transits_min': 2}
Transit Least Squares TLS 1.32 (5 Apr 2024)
Creating model cache for 29 durations
Searching 47107 data points, 15 periods from 20.303 to 21.06 days
Using all 32 CPU threads
21:54:40  INFO      tess_pipeline.transit.tls  Optimized T0 search: running coarse pass with 314 points...
21:54:42  INFO      tess_pipeline.transit.tls  Optimized T0 search: running fine pass with 300 points around T0=3483.6464...
21:54:43  INFO      tess_pipeline.transit.tls  TLS: period=20.623220 d, epoch=3483.6590, duration=1.32 h, depth=0.006159, SDE=1.90
21:54:43  INFO      tess_pipeline.transit.detection  Harmonic resolution: selected fraction 1.00 (refined period=20.6232 d, SDE/SNR=41.66, max_sig was 41.66)
Planet 1 derived robust period: 20.62322 days (SNR: 41.66, via fraction 1.00 of initial peak 20.67242d)
21:54:43  INFO      tess_pipeline.transit.detection  Planet 1 found: Period = 20.623220 d, epoch = 3483.6590, SDE/SNR = 41.66
21:54:43  INFO      tess_pipeline.analysis.stages.period  Detections completed. Found 2 planet candidate(s).
21:54:43  INFO      tess_pipeline.analysis.session  Saved step plot: output_bayesian_sector_longest_3000_draws_4_chains/TIC 158276040/plots/04_phase.png
✓ Completed in 57.69 s

======================================================================
Step 8: Bayesian Transit Fit
======================================================================
21:54:43  INFO      tess_pipeline.analysis.stages.inference  Running Bayesian transit fit (exoplanet + PyMC)
21:54:43  INFO      tess_pipeline.analysis.stages.inference  Second candidate probability (7.2%) is below 75% threshold. Skipping multi-planet MCMC fit and proceeding with 1-planet model.
21:54:43  INFO      tess_pipeline.inference.bayesian  Building PyMC model (N=47377 points, 1 planets)
21:54:43  DEBUG     tess_pipeline.inference.gp  Using SHO GP kernel
21:54:43  INFO      tess_pipeline.inference.bayesian  Sampling: 4 chains × 3000 draws (tune=3000, target_accept=0.95)
